CustomerID,TotalTransactions,TotalQuantity,TotalSpent,LastPurchaseDate,Recency,Frequency,Monetary
12346.0,12,74285,77556.46,2011-01-18 10:01:00,325,12,77556.46
12347.0,8,2967,4921.53,2011-12-07 15:52:00,1,8,4921.53
12348.0,5,2714,2019.4,2011-09-25 13:13:00,74,5,2019.4
12349.0,4,1624,4428.69,2011-11-21 09:51:00,18,4,4428.69
12350.0,1,197,334.4,2011-02-02 16:01:00,309,1,334.4
12351.0,1,261,300.93,2010-11-29 15:23:00,374,1,300.93
12352.0,10,724,2849.84,2011-11-03 14:37:00,35,10,2849.84
12353.0,2,212,406.76,2011-05-19 17:47:00,203,2,406.76
12354.0,1,530,1079.4,2011-04-21 13:11:00,231,1,1079.4
12355.0,2,543,947.61,2011-05-09 13:49:00,213,2,947.61
12356.0,6,3416,6371.73,2011-11-17 08:40:00,22,6,6371.73
12357.0,3,6587,18287.66,2011-11-06 16:07:00,32,3,18287.66
12358.0,5,1079,3887.07,2011-12-08 10:26:00,1,5,3887.07
12359.0,10,2739,8873.39,2011-10-13 12:47:00,57,10,8873.39
12360.0,8,2459,4252.89,2011-10-18 15:22:00,51,8,4252.89
12361.0,4,235,511.25,2011-02-25 13:51:00,286,4,511.25
12362.0,11,2230,5356.23,2011-12-06 15:40:00,2,11,5356.23
12363.0,2,408,552.0,2011-08-22 10:18:00,109,2,552.0
12364.0,4,1506,1313.1,2011-12-02 10:22:00,7,4,1313.1
12365.0,2,174,641.38,2011-02-21 14:04:00,290,2,641.38
12366.0,1,296,500.24,2010-03-16 10:28:00,633,1,500.24
12367.0,1,173,168.9,2011-12-05 16:48:00,3,1,168.9
12368.0,1,330,917.6999999999999,2010-03-21 15:56:00,627,1,917.6999999999999
12369.0,3,1241,1791.15,2010-10-22 13:13:00,412,3,1791.15
12370.0,7,2604,4316.56,2011-10-19 14:51:00,50,7,4316.56
12371.0,5,1436,4067.38,2011-10-26 10:16:00,44,5,4067.38
12372.0,3,794,1298.04,2011-09-29 12:12:00,71,3,1298.04
12373.0,3,516,1127.65,2011-02-01 13:10:00,310,3,1127.65
12374.0,4,1362,2989.2200000000003,2011-11-14 15:37:00,24,4,2989.2200000000003
12375.0,2,178,457.5,2011-11-29 10:36:00,10,2,457.5
12376.0,2,240,503.15,2010-11-15 12:15:00,389,2,503.15
12377.0,4,2105,3426.32,2011-01-28 15:45:00,314,4,3426.32
12378.0,2,3316,5416.32,2011-08-02 10:34:00,129,2,5416.32
12379.0,4,815,1620.22,2011-09-19 10:09:00,81,4,1620.22
12380.0,11,3355,9676.300000000001,2011-11-18 11:27:00,21,11,9676.300000000001
12381.0,5,808,1845.31,2011-12-05 12:44:00,4,5,1845.31
12383.0,5,1532,1850.56,2011-06-08 08:02:00,184,5,1850.56
12384.0,2,126,585.27,2011-11-11 08:39:00,28,2,585.27
12385.0,1,612,1938.4,2010-11-25 15:14:00,378,1,1938.4
12386.0,2,354,401.9,2011-01-06 12:37:00,337,2,401.9
12387.0,1,134,143.94,2010-10-20 16:27:00,414,1,143.94
12388.0,8,2001,3901.11,2011-11-24 12:30:00,15,8,3901.11
12389.0,3,614,1433.33,2010-11-02 11:52:00,402,3,1433.33
12390.0,1,353,549.84,2011-09-21 09:33:00,79,1,549.84
12391.0,6,1204,2724.84,2011-11-18 12:07:00,21,6,2724.84
12392.0,1,73,234.75000000000003,2010-04-27 14:04:00,590,1,234.75000000000003
12393.0,6,1311,2399.4500000000003,2011-09-28 15:41:00,71,6,2399.4500000000003
12394.0,2,819,1272.48,2011-10-07 08:08:00,63,2,1272.48
12395.0,15,3205,4721.17,2011-11-20 15:21:00,18,15,4721.17
12396.0,1,591,931.43,2010-02-03 13:22:00,673,1,931.43
12397.0,2,1263,2409.9,2011-11-04 09:52:00,35,2,2409.9
12398.0,1,1394,1635.6599999999999,2011-10-25 10:27:00,45,1,1635.6599999999999
12399.0,7,2198,1962.3,2011-08-12 13:15:00,118,7,1962.3
12400.0,1,91,205.25,2010-10-21 13:45:00,413,1,205.25
12401.0,1,11,84.3,2011-02-09 13:50:00,302,1,84.3
12402.0,6,584,1256.9,2011-01-20 13:49:00,322,6,1256.9
12403.0,2,260,1019.36,2011-10-21 10:51:00,49,2,1019.36
12404.0,1,1,63.24,2010-01-26 16:25:00,681,1,63.24
12405.0,1,857,1710.39,2011-07-14 08:52:00,148,1,1710.39
12406.0,5,3416,6390.36,2011-11-17 19:22:00,21,5,6390.36
12407.0,5,1416,1708.1200000000001,2011-10-21 10:11:00,49,5,1708.1200000000001
12408.0,8,2229,4340.7699999999995,2011-11-07 12:27:00,32,8,4340.7699999999995
12409.0,7,13143,23419.29,2011-09-22 10:38:00,78,7,23419.29
12410.0,3,341,1013.71,2011-02-04 10:39:00,308,3,1013.71
12411.0,1,138,346.9,2010-10-26 09:25:00,409,1,346.9
12412.0,6,1997,2596.93,2011-09-26 10:16:00,74,6,2596.93
12413.0,4,319,999.45,2011-10-04 09:00:00,66,4,999.45
12414.0,6,495,952.41,2011-05-06 14:51:00,216,6,952.41
12415.0,28,91447,144458.37,2011-11-15 14:22:00,23,28,144458.37
12416.0,1,132,202.56,2010-02-21 10:19:00,656,1,202.56
12417.0,20,2884,6797.41,2011-12-06 14:52:00,2,20,6797.41
12418.0,4,1088,2021.2,2011-08-19 11:08:00,112,4,2021.2
12419.0,2,231,503.01,2010-11-19 10:04:00,385,2,503.01
12420.0,1,345,600.39,2011-10-07 08:55:00,63,1,600.39
12421.0,6,652,1098.6,2011-11-24 09:07:00,15,6,1098.6
12422.0,17,2596,5231.8,2011-09-05 09:48:00,95,17,5231.8
12423.0,10,1793,2622.39,2011-12-09 10:10:00,0,10,2622.39
12424.0,4,2025,3340.03,2011-06-30 12:06:00,162,4,3340.03
12425.0,2,1147,1741.41,2011-09-22 17:31:00,77,2,1741.41
12426.0,2,584,1345.21,2011-05-29 12:26:00,194,2,1345.21
12427.0,3,533,825.8,2011-11-18 08:56:00,21,3,825.8
12428.0,9,3536,7956.46,2011-11-14 08:22:00,25,9,7956.46
12429.0,8,2890,6204.41,2011-11-30 17:22:00,8,8,6204.41
12430.0,1,117,256.4,2011-10-27 15:09:00,42,1,256.4
12431.0,27,4600,10432.22,2011-11-04 11:55:00,35,27,10432.22
12432.0,5,1801,5059.32,2011-10-28 11:43:00,42,5,5059.32
12433.0,10,13534,16794.14,2011-12-09 10:02:00,0,10,16794.14
12434.0,3,532,1103.43,2011-09-16 12:38:00,84,3,1103.43
12435.0,6,4958,13925.93,2011-09-21 09:06:00,79,6,13925.93
12436.0,1,211,509.01,2011-09-01 12:09:00,99,1,509.01
12437.0,39,8000,12683.4,2011-12-08 11:35:00,1,39,12683.4
12438.0,2,1180,2906.85,2011-11-25 13:28:00,13,2,2906.85
12439.0,2,478,1142.88,2010-01-26 12:11:00,682,2,1142.88
12440.0,2,331,859.2,2010-09-03 13:11:00,461,2,859.2
12441.0,1,121,173.55,2010-12-08 10:45:00,366,1,173.55
12442.0,1,182,172.06,2011-12-06 14:22:00,2,1,172.06
12443.0,1,182,485.31,2009-12-07 15:42:00,731,1,485.31
12444.0,5,1153,5005.46,2011-11-18 13:23:00,20,5,5005.46
12445.0,2,206,434.98,2011-11-17 18:43:00,21,2,434.98
12446.0,1,351,1002.3100000000001,2011-10-13 12:50:00,57,1,1002.3100000000001
12447.0,1,190,476.49,2011-04-10 13:25:00,242,1,476.49
12448.0,1,243,449.45,2011-10-26 13:46:00,43,1,449.45
12449.0,6,2282,4835.89,2011-11-17 13:46:00,21,6,4835.89
12450.0,5,442,688.2,2011-07-06 14:41:00,155,5,688.2
12451.0,8,9359,12669.88,2011-11-29 08:40:00,10,8,12669.88
12452.0,2,185,430.57,2011-11-23 10:28:00,16,2,430.57
12453.0,1,473,707.09,2011-07-28 14:08:00,133,1,707.09
12454.0,5,7703,16679.78,2011-10-14 17:13:00,55,5,16679.78
12455.0,10,3302,5879.95,2011-09-27 15:31:00,72,10,5879.95
12456.0,3,1633,3181.04,2011-10-26 14:41:00,43,3,3181.04
12457.0,8,1094,2995.91,2011-10-04 13:13:00,65,8,2995.91
12458.0,4,986,1777.49,2011-09-29 15:25:00,70,4,1777.49
12459.0,1,258,454.36,2010-04-13 14:53:00,604,1,454.36
12460.0,1,170,326.65,2010-09-09 13:51:00,455,1,326.65
12461.0,2,287,826.88,2011-09-06 16:57:00,93,2,826.88
12462.0,2,536,1189.59,2011-11-21 09:11:00,18,2,1189.59
12463.0,4,776,1344.78,2011-10-17 13:44:00,52,4,1344.78
12464.0,8,112,1212.05,2011-11-29 13:33:00,9,8,1212.05
12465.0,2,479,742.1899999999999,2011-11-22 16:34:00,16,2,742.1899999999999
12466.0,1,1,56.73,2010-01-26 16:26:00,681,1,56.73
12467.0,1,129,132.8,2010-10-12 15:41:00,422,1,132.8
12468.0,5,2201,3670.74,2011-06-05 11:36:00,187,5,3670.74
12469.0,2,2552,3070.54,2010-07-05 12:40:00,522,2,3070.54
12470.0,1,95,211.95,2010-01-19 11:01:00,689,1,211.95
12471.0,79,16858,39918.19,2011-12-07 15:43:00,1,79,39918.19
12472.0,19,10378,16249.289999999999,2011-11-07 14:01:00,31,19,16249.289999999999
12473.0,5,2414,3928.0499999999997,2011-11-10 13:46:00,28,5,3928.0499999999997
12474.0,31,7940,12372.75,2011-11-22 14:39:00,16,31,12372.75
12475.0,2,771,1149.64,2011-10-17 10:10:00,53,2,1149.64
12476.0,23,5631,14083.91,2011-11-24 12:40:00,15,23,14083.91
12477.0,9,6119,20276.37,2011-11-17 09:51:00,22,9,20276.37
12478.0,1,236,680.99,2011-12-06 09:56:00,3,1,680.99
12479.0,1,385,527.2,2011-11-28 13:26:00,10,1,527.2
12480.0,7,2952,5464.85,2011-11-11 14:52:00,27,7,5464.85
12481.0,15,7158,12185.51,2011-11-17 08:29:00,22,15,12185.51
12482.0,29,27042,23691.4,2010-05-12 16:51:00,575,29,23691.4
12483.0,19,2160,5097.18,2011-11-22 17:02:00,16,19,5097.18
12484.0,12,3266,6354.1,2011-11-07 11:37:00,32,12,6354.1
12485.0,1,414,708.1,2010-06-28 15:22:00,528,1,708.1
12486.0,1,523,1037.28,2010-10-04 12:14:00,431,1,1037.28
12487.0,1,174,285.29999999999995,2009-12-09 11:36:00,730,1,285.29999999999995
12488.0,3,529,1298.66,2011-11-30 08:50:00,9,3,1298.66
12489.0,1,105,334.93,2011-01-07 13:13:00,335,1,334.93
12490.0,21,5906,9823.64,2011-12-04 16:07:00,4,21,9823.64
12491.0,1,260,460.40000000000003,2011-11-01 12:18:00,38,1,460.40000000000003
12492.0,3,444,715.21,2011-10-07 15:15:00,62,3,715.21
12493.0,2,207,433.74,2011-06-27 10:17:00,165,2,433.74
12494.0,9,979,1815.27,2011-11-24 09:34:00,15,9,1815.27
12495.0,1,130,357.4,2010-03-09 10:53:00,640,1,357.4
12496.0,2,30,45.34,2010-03-29 14:06:00,619,2,45.34
12497.0,3,5685,6248.5,2011-09-19 12:29:00,81,3,6248.5
12498.0,3,159,403.70000000000005,2011-11-18 12:53:00,20,3,403.70000000000005
12499.0,1,302,393.72,2010-05-28 15:12:00,559,1,393.72
12500.0,19,3377,5955.21,2011-11-16 16:20:00,22,19,5955.21
12501.0,1,1783,2169.39,2011-01-07 12:28:00,336,1,2169.39
12502.0,5,820,3723.87,2011-09-05 11:52:00,95,5,3723.87
12503.0,1,561,1126.0,2010-05-04 13:59:00,583,1,1126.0
12504.0,4,458,779.05,2011-11-21 16:02:00,17,4,779.05
12505.0,1,324,955.2,2010-10-27 09:18:00,408,1,955.2
12506.0,1,23,73.5,2011-04-21 08:54:00,232,1,73.5
12507.0,4,1256,1844.06,2011-07-28 17:09:00,133,4,1844.06
12508.0,2,271,397.88,2011-11-13 15:37:00,25,2,397.88
12509.0,1,55,176.5,2011-02-28 14:45:00,283,1,176.5
12510.0,9,2049,5178.02,2011-07-20 10:15:00,142,9,5178.02
12511.0,1,1753,3084.02,2010-10-07 10:39:00,428,1,3084.02
12512.0,2,96,132.18,2011-10-04 14:55:00,65,2,132.18
12513.0,1,462,612.29,2011-08-19 10:51:00,112,1,612.29
12514.0,2,840,1597.76,2011-03-17 16:38:00,266,2,1597.76
12515.0,1,131,383.7,2010-12-21 15:43:00,352,1,383.7
12516.0,4,1952,2648.62,2011-09-23 09:13:00,77,4,2648.62
12517.0,5,1361,2481.6,2011-11-11 14:04:00,27,5,2481.6
12518.0,5,1318,2056.89,2011-12-09 10:13:00,0,5,2056.89
12519.0,2,387,716.54,2011-10-07 09:26:00,63,2,716.54
12520.0,5,1439,2634.26,2011-09-21 15:23:00,78,5,2634.26
12521.0,1,309,599.68,2011-07-20 10:51:00,142,1,599.68
12522.0,2,194,192.72,2011-10-31 15:30:00,38,2,192.72
12523.0,23,2263,4352.35,2011-11-20 12:55:00,18,23,4352.35
12524.0,17,7178,11126.11,2011-11-30 15:31:00,8,17,11126.11
12525.0,3,509,973.73,2010-07-29 16:08:00,497,3,973.73
12526.0,3,632,1316.66,2011-12-09 12:09:00,0,3,1316.66
12527.0,5,526,735.51,2011-09-19 11:55:00,81,5,735.51
12528.0,6,756,1933.48,2011-11-30 14:40:00,8,6,1933.48
12529.0,1,192,316.48,2010-06-29 13:10:00,527,1,316.48
12530.0,9,2713,3759.26,2011-10-11 12:34:00,59,9,3759.26
12531.0,2,1119,1933.2,2011-11-25 11:12:00,14,2,1933.2
12532.0,1,153,349.83000000000004,2011-11-09 13:47:00,29,1,349.83000000000004
12533.0,2,704,1367.89,2010-03-22 10:56:00,627,2,1367.89
12534.0,1,651,1089.18,2011-08-01 10:26:00,130,1,1089.18
12535.0,2,219,716.35,2011-09-09 08:48:00,91,2,716.35
12536.0,3,2803,12601.830000000002,2011-10-27 14:20:00,42,3,12601.830000000002
12537.0,1,449,732.94,2010-10-27 08:36:00,408,1,732.94
12538.0,2,336,640.45,2011-11-10 17:16:00,28,2,640.45
12539.0,7,4535,11214.75,2011-11-17 13:30:00,21,7,11214.75
12540.0,33,11019,22254.49,2011-11-20 11:31:00,19,33,22254.49
12541.0,3,680,981.18,2011-11-10 10:40:00,29,3,981.18
12542.0,2,522,481.88,2010-08-12 19:12:00,483,2,481.88
12543.0,1,688,980.25,2010-09-17 15:51:00,447,1,980.25
12544.0,1,136,372.7,2011-11-03 16:15:00,35,1,372.7
12545.0,2,523,1000.39,2011-09-25 13:39:00,74,2,1000.39
12546.0,2,633,1161.5,2011-10-24 12:09:00,46,2,1161.5
12547.0,3,309,383.58,2011-05-26 12:38:00,197,3,383.58
12548.0,1,49,95.19999999999999,2011-06-26 15:35:00,165,1,95.19999999999999
12549.0,6,1366,1575.68,2010-05-13 12:05:00,575,6,1575.68
12550.0,1,569,964.83,2011-09-21 14:35:00,78,1,964.83
12551.0,1,100,168.0,2010-12-17 11:23:00,357,1,168.0
12552.0,2,88,437.82,2011-11-01 10:02:00,38,2,437.82
12553.0,12,2325,4608.75,2011-12-01 16:38:00,7,12,4608.75
12554.0,1,240,468.5,2010-09-17 12:29:00,448,1,468.5
12555.0,1,1,129.23,2010-01-26 16:26:00,681,1,129.23
12556.0,2,355,599.56,2011-10-20 13:06:00,49,2,599.56
12557.0,8,6382,18096.14,2011-11-23 16:59:00,15,8,18096.14
12558.0,1,196,269.96,2011-12-02 10:41:00,7,1,269.96
12559.0,2,283,561.71,2011-02-02 09:49:00,310,2,561.71
12560.0,3,1110,2134.01,2011-12-04 13:54:00,4,3,2134.01
12561.0,1,177,238.85,2011-02-10 11:39:00,302,1,238.85
12562.0,9,2327,4966.92,2011-12-01 17:20:00,7,9,4966.92
12563.0,1,113,249.24,2010-10-27 09:52:00,408,1,249.24
12564.0,1,133,456.9,2011-03-23 14:55:00,260,1,456.9
12565.0,1,80,145.92,2011-02-24 10:34:00,288,1,145.92
12566.0,1,265,351.65,2011-09-14 14:30:00,85,1,351.65
12567.0,15,5308,11767.48,2011-11-17 11:02:00,22,15,11767.48
12568.0,1,48,70.0,2010-03-05 09:15:00,644,1,70.0
12569.0,32,1801,4124.69,2011-12-07 16:24:00,1,32,4124.69
12570.0,1,1,77.52,2010-01-26 17:28:00,681,1,77.52
12571.0,2,523,519.61,2011-10-31 10:19:00,39,2,519.61
12572.0,2,452,1020.42,2011-12-01 09:20:00,8,2,1020.42
12573.0,5,479,717.41,2011-04-26 15:52:00,226,5,717.41
12574.0,1,61,218.45,2011-01-28 09:20:00,315,1,218.45
12575.0,2,315,622.8199999999999,2010-09-08 13:09:00,456,2,622.8199999999999
12576.0,8,1494,2142.72,2011-11-04 10:11:00,35,8,2142.72
12577.0,8,1191,1617.1,2011-11-04 13:24:00,34,8,1617.1
12578.0,4,2380,4642.45,2011-11-18 13:30:00,20,4,4642.45
12579.0,1,285,440.42,2011-09-22 17:15:00,77,1,440.42
12580.0,2,569,1052.9,2011-04-07 10:24:00,246,2,1052.9
12581.0,1,161,197.71,2011-10-31 08:56:00,39,1,197.71
12582.0,4,985,1980.4,2011-04-15 08:45:00,238,4,1980.4
12583.0,27,8535,13591.58,2011-12-07 08:07:00,2,27,13591.58
12584.0,9,416,2338.15,2011-12-06 09:35:00,3,9,2338.15
12585.0,2,1279,2040.1,2011-04-19 13:39:00,233,2,2040.1
12586.0,4,687,2062.67,2011-11-22 16:24:00,16,4,2062.67
12587.0,1,51,144.0,2011-12-02 12:47:00,7,1,144.0
12588.0,4,438,958.78,2011-10-31 15:01:00,38,4,958.78
12589.0,8,1764,4695.66,2011-11-11 10:19:00,28,8,4695.66
12590.0,2,4283,9864.26,2011-05-12 14:52:00,210,2,9864.26
12591.0,3,653,1338.95,2011-01-26 14:35:00,316,3,1338.95
12592.0,5,1875,2582.66,2011-09-08 15:04:00,91,5,2582.66
12593.0,3,206,418.09999999999997,2011-08-23 12:43:00,108,3,418.09999999999997
12594.0,15,2768,5090.110000000001,2011-11-02 12:20:00,37,15,5090.110000000001
12595.0,1,271,299.02,2010-07-23 09:10:00,504,1,299.02
12596.0,2,474,618.27,2011-10-19 13:02:00,50,2,618.27
12597.0,4,2236,3811.22,2011-11-20 13:33:00,18,4,3811.22
12598.0,11,2906,4534.09,2011-11-30 12:18:00,9,11,4534.09
12599.0,13,2189,2296.72,2011-11-10 13:34:00,28,13,2296.72
12600.0,21,1383,4967.42,2011-11-11 10:29:00,28,21,4967.42
12601.0,6,290,681.26,2011-06-03 10:17:00,189,6,681.26
12602.0,1,162,153.12,2011-10-12 11:22:00,58,1,153.12
12603.0,1,63,739.1999999999999,2011-11-18 10:42:00,21,1,739.1999999999999
12604.0,2,201,254.18,2011-09-21 14:08:00,78,2,254.18
12605.0,4,929,1232.95,2010-11-28 14:18:00,375,4,1232.95
12606.0,1,1,21.0,2010-01-26 16:23:00,681,1,21.0
12607.0,1,1228,1579.51,2011-10-10 16:06:00,59,1,1579.51
12608.0,1,323,415.79,2010-10-31 10:49:00,404,1,415.79
12609.0,9,1553,3435.86,2011-09-22 16:34:00,77,9,3435.86
12610.0,5,1049,2099.54,2011-11-17 09:34:00,22,5,2099.54
12611.0,1,846,1193.32,2011-10-18 13:12:00,51,1,1193.32
12612.0,1,262,704.0400000000001,2011-09-26 15:35:00,73,1,704.0400000000001
12613.0,10,4157,6817.37,2011-10-13 14:59:00,56,10,6817.37
12614.0,1,76,315.6,2011-03-07 10:22:00,277,1,315.6
12615.0,8,3317,5740.98,2011-12-07 15:02:00,1,8,5740.98
12616.0,3,498,1131.1,2011-09-05 15:17:00,94,3,1131.1
12617.0,1,210,352.98,2011-11-10 14:39:00,28,1,352.98
12618.0,1,96,177.31,2011-11-18 11:10:00,21,1,177.31
12619.0,10,3518,3781.38,2011-11-23 14:52:00,15,10,3781.38
12620.0,3,1181,1339.41,2011-11-25 10:20:00,14,3,1339.41
12621.0,35,13706,24311.2,2011-12-08 11:25:00,1,35,24311.2
12622.0,1,69,180.1,2011-04-21 16:39:00,231,1,180.1
12623.0,7,1971,3747.84,2011-03-08 13:50:00,275,7,3747.84
12624.0,2,355,641.13,2011-08-25 15:04:00,105,2,641.13
12625.0,4,3309,5164.88,2011-05-12 09:54:00,211,4,5164.88
12626.0,9,3453,6620.48,2011-11-16 16:06:00,22,9,6620.48
12627.0,7,2752,4478.53,2011-11-29 12:07:00,10,7,4478.53
12628.0,3,448,786.46,2011-12-05 13:15:00,3,3,786.46
12629.0,2,722,1558.22,2010-11-19 09:18:00,385,2,1558.22
12630.0,2,548,1270.88,2011-11-30 10:48:00,9,2,1270.88
12631.0,6,1607,3481.57,2011-10-13 13:53:00,56,6,3481.57
12632.0,2,694,804.88,2010-07-07 09:39:00,520,2,804.88
12633.0,7,3238,5678.16,2011-10-12 11:40:00,58,7,5678.16
12634.0,2,337,490.0,2010-06-22 10:05:00,535,2,490.0
12635.0,4,1949,2930.41,2011-09-11 11:04:00,89,4,2930.41
12636.0,1,1,141.0,2009-12-01 09:55:00,738,1,141.0
12637.0,12,4257,8283.81,2011-10-03 13:46:00,66,12,8283.81
12638.0,2,663,921.49,2011-11-06 13:11:00,32,2,921.49
12639.0,3,631,1312.37,2011-04-15 12:48:00,238,3,1312.37
12640.0,3,311,1174.58,2011-11-16 11:52:00,23,3,1174.58
12641.0,1,72,185.9,2011-08-16 13:26:00,114,1,185.9
12642.0,3,552,1013.26,2011-11-14 15:03:00,24,3,1013.26
12643.0,12,4665,8304.82,2011-08-03 12:56:00,127,12,8304.82
12644.0,4,1032,1918.49,2011-08-02 10:33:00,129,4,1918.49
12645.0,8,2125,3539.3,2011-11-06 12:38:00,33,8,3539.3
12646.0,2,897,1346.97,2011-12-05 10:14:00,4,2,1346.97
12647.0,36,6633,16955.55,2011-11-17 12:56:00,21,36,16955.55
12648.0,4,518,1112.0,2011-07-08 11:55:00,154,4,1112.0
12649.0,8,1959,2294.65,2011-08-24 14:41:00,106,8,2294.65
12650.0,1,254,314.44,2011-12-06 16:34:00,2,1,314.44
12651.0,4,265,377.75,2011-01-09 12:46:00,334,4,377.75
12652.0,2,536,1017.03,2011-01-12 15:00:00,330,2,1017.03
12653.0,3,1681,4160.83,2011-07-14 10:41:00,148,3,4160.83
12654.0,5,264,601.98,2011-11-29 10:10:00,10,5,601.98
12655.0,1,80,261.35,2010-10-12 09:17:00,423,1,261.35
12656.0,8,2860,6407.83,2011-11-22 13:42:00,16,8,6407.83
12657.0,4,1044,1643.18,2011-11-28 15:47:00,10,4,1643.18
12658.0,1,320,686.05,2011-11-21 10:22:00,18,1,686.05
12659.0,1,105,91.68,2011-11-10 11:53:00,29,1,91.68
12660.0,1,127,245.1,2011-11-28 13:26:00,10,1,245.1
12661.0,1,216,162.0,2010-09-29 16:46:00,435,1,162.0
12662.0,20,3424,6726.54,2011-12-09 11:59:00,0,20,6726.54
12663.0,2,181,239.4,2010-03-25 09:40:00,624,2,239.4
12664.0,11,1495,6070.04,2011-12-01 17:07:00,7,11,6070.04
12665.0,3,165,313.6,2011-01-19 08:34:00,324,3,313.6
12666.0,1,370,1248.42,2010-11-10 16:40:00,393,1,1248.42
12667.0,1,395,620.13,2011-10-12 17:00:00,57,1,620.13
12668.0,10,5049,11383.03,2011-11-28 10:56:00,11,10,11383.03
12669.0,3,1115,2744.0299999999997,2011-07-12 09:54:00,150,3,2744.0299999999997
12670.0,7,1627,3760.29,2011-11-29 15:23:00,9,7,3760.29
12671.0,1,1460,2622.481,2010-04-12 16:30:00,605,1,2622.481
12672.0,2,138,437.05,2011-01-14 09:20:00,329,2,437.05
12673.0,3,700,1230.02,2011-12-04 13:55:00,4,3,1230.02
12674.0,4,1133,1970.6,2011-11-01 12:12:00,38,4,1970.6
12675.0,2,336,957.25,2010-06-04 09:49:00,553,2,957.25
12676.0,11,1867,2843.09,2011-11-15 12:25:00,24,11,2843.09
12677.0,2,176,395.1,2010-06-02 14:30:00,554,2,395.1
12678.0,21,22372,34281.18,2011-10-28 13:04:00,41,21,34281.18
12679.0,4,554,1113.02,2011-10-12 12:30:00,58,4,1113.02
12680.0,4,444,880.81,2011-12-09 12:50:00,0,4,880.81
12681.0,45,17011,29834.76,2011-11-25 11:33:00,14,45,29834.76
12682.0,52,10522,22950.22,2011-12-06 10:00:00,3,52,22950.22
12683.0,21,7019,11633.7,2011-12-05 16:31:00,3,21,11633.7
12684.0,7,1985,2283.63,2011-12-02 09:53:00,7,7,2283.63
12685.0,6,1523,2863.08,2011-11-11 13:46:00,27,6,2863.08
12686.0,1,107,89.14,2010-12-03 09:51:00,371,1,89.14
12687.0,2,1403,2138.91,2010-08-16 12:12:00,480,2,2138.91
12688.0,1,3028,4873.8099999999995,2011-08-18 08:49:00,113,1,4873.8099999999995
12689.0,2,628,1247.61,2011-11-14 08:31:00,25,2,1247.61
12690.0,1,106,389.01,2011-05-18 09:09:00,205,1,389.01
12691.0,7,445,1170.4,2011-11-11 16:49:00,27,7,1170.4
12692.0,1,36,110.95,2010-03-12 14:02:00,636,1,110.95
12693.0,7,536,1703.02,2011-08-04 17:51:00,126,7,1703.02
12694.0,3,1355,1843.35,2011-09-30 13:06:00,69,3,1843.35
12695.0,7,454,1407.1200000000001,2011-12-02 13:22:00,6,7,1407.1200000000001
12696.0,2,564,851.91,2010-10-01 10:43:00,434,2,851.91
12697.0,3,508,957.59,2011-11-11 08:47:00,28,3,957.59
12698.0,1,111,339.75,2010-04-28 15:51:00,589,1,339.75
12699.0,1,373,638.11,2010-10-18 12:07:00,417,1,638.11
12700.0,4,2967,4939.99,2011-12-02 10:47:00,7,4,4939.99
12701.0,6,1727,2446.41,2011-09-21 10:47:00,79,6,2446.41
12702.0,1,53,219.0,2011-11-20 10:36:00,19,1,219.0
12703.0,4,595,1006.53,2011-09-29 17:52:00,70,4,1006.53
12704.0,8,1006,2340.84,2011-12-02 13:15:00,6,8,2340.84
12705.0,14,7188,11762.1,2011-11-24 13:17:00,14,14,11762.1
12707.0,1,256,603.42,2011-02-21 08:38:00,291,1,603.42
12708.0,18,2432,5117.66,2011-11-10 09:52:00,29,18,5117.66
12709.0,34,13772,30291.76,2011-11-24 15:38:00,14,34,30291.76
12710.0,3,851,1149.02,2011-09-04 12:00:00,96,3,1149.02
12711.0,2,770,1339.05,2010-04-07 11:59:00,611,2,1339.05
12712.0,21,2205,6723.03,2011-11-11 08:19:00,28,21,6723.03
12713.0,1,508,848.55,2011-12-09 12:16:00,0,1,848.55
12714.0,12,8774,14093.71,2011-11-30 15:43:00,8,12,14093.71
12715.0,1,192,343.36,2011-08-25 15:22:00,105,1,343.36
12716.0,2,708,1053.49,2011-12-06 08:55:00,3,2,1053.49
12717.0,3,600,1308.91,2011-07-11 14:47:00,150,3,1308.91
12718.0,1,203,238.25,2011-09-29 16:38:00,70,1,238.25
12719.0,2,374,644.95,2011-12-04 13:45:00,4,2,644.95
12720.0,30,6018,7787.28,2011-12-07 08:03:00,2,30,7787.28
12721.0,8,2655,4013.08,2011-11-08 12:13:00,31,8,4013.08
12722.0,4,566,997.63,2011-09-15 14:50:00,84,4,997.63
12723.0,5,434,725.07,2011-12-06 10:19:00,3,5,725.07
12724.0,7,1379,2317.52,2011-12-04 16:02:00,4,7,2317.52
12725.0,4,1142,2266.76,2010-12-03 15:45:00,370,4,2266.76
12726.0,11,4618,4014.6,2011-11-11 13:35:00,27,11,4014.6
12727.0,10,2832,5679.53,2011-11-29 11:46:00,10,10,5679.53
12728.0,5,543,1070.17,2011-09-29 15:31:00,70,5,1070.17
12729.0,1,233,453.01,2011-08-18 11:40:00,113,1,453.01
12730.0,1,234,829.25,2010-07-06 12:19:00,521,1,829.25
12731.0,17,11641,25775.71,2011-11-16 11:59:00,23,17,25775.71
12732.0,1,111,236.26000000000002,2011-06-13 11:33:00,179,1,236.26000000000002
12733.0,4,896,2424.87,2011-04-19 16:19:00,233,4,2424.87
12734.0,3,265,639.65,2010-12-22 12:47:00,352,3,639.65
12735.0,2,368,779.5699999999999,2011-01-28 13:37:00,314,2,779.5699999999999
12736.0,1,173,234.0,2011-01-11 07:57:00,332,1,234.0
12737.0,2,2,3710.5,2010-07-29 12:29:00,498,2,3710.5
12738.0,1,148,155.35,2010-12-02 18:27:00,371,1,155.35
12739.0,4,951,2726.73,2011-09-22 13:00:00,77,4,2726.73
12740.0,1,342,427.6,2011-10-07 10:44:00,63,1,427.6
12741.0,2,214,406.07,2010-06-28 14:36:00,528,2,406.07
12742.0,1,1359,1201.52,2010-03-24 12:43:00,625,1,1201.52
12743.0,2,315,540.13,2011-07-28 16:21:00,133,2,540.13
12744.0,11,6994,25317.06,2011-10-19 11:18:00,51,11,25317.06
12745.0,3,468,925.41,2010-08-10 10:14:00,486,3,925.41
12746.0,1,97,254.55,2010-06-17 10:41:00,540,1,254.55
12747.0,26,2640,8898.48,2011-12-07 14:34:00,1,26,8898.48
12748.0,336,37109,53539.64,2011-12-09 12:20:00,0,336,53539.64
12749.0,9,2360,6897.36,2011-12-06 09:56:00,3,9,6897.36
12750.0,1,137,275.88,2011-08-03 09:13:00,128,1,275.88
12751.0,1,189,268.27,2010-09-21 12:49:00,444,1,268.27
12752.0,1,2262,4366.78,2011-09-19 13:32:00,80,1,4366.78
12753.0,6,11421,21429.39,2011-11-17 10:52:00,22,6,21429.39
12754.0,3,6481,3010.74,2011-04-18 09:00:00,235,3,3010.74
12755.0,11,2293,5236.259999999999,2011-03-04 12:42:00,280,11,5236.259999999999
12756.0,1,144,112.07999999999998,2011-09-14 09:31:00,86,1,112.07999999999998
12757.0,13,2395,7834.650000000001,2011-11-24 12:30:00,15,13,7834.650000000001
12758.0,7,6155,9903.24,2011-08-15 10:22:00,116,7,9903.24
12759.0,8,3202,5020.74,2011-10-18 14:49:00,51,8,5020.74
12760.0,1,198,347.8,2010-09-10 08:50:00,455,1,347.8
12761.0,2,281,782.95,2010-09-08 12:17:00,457,2,782.95
12762.0,2,1227,1898.52,2011-12-02 10:23:00,7,2,1898.52
12763.0,2,316,494.08,2011-07-24 14:12:00,137,2,494.08
12764.0,1,386,1693.88,2011-01-27 10:19:00,316,1,1693.88
12765.0,6,1009,1404.58,2010-08-24 13:51:00,471,6,1404.58
12766.0,9,5022,8918.99,2011-12-06 08:46:00,3,9,8918.99
12767.0,1,598,949.82,2010-11-29 09:38:00,375,1,949.82
12768.0,1,102,168.69000000000003,2010-09-15 12:08:00,450,1,168.69000000000003
12769.0,1,356,1143.6,2011-04-15 10:25:00,238,1,1143.6
12770.0,2,1843,3246.45,2011-05-13 09:33:00,210,2,3246.45
12771.0,1,104,282.3,2010-08-11 11:51:00,485,1,282.3
12772.0,1,556,892.47,2011-10-11 09:19:00,59,1,892.47
12773.0,1,109,124.25,2010-05-24 17:30:00,563,1,124.25
12774.0,1,53,98.7,2010-06-22 10:38:00,535,1,98.7
12775.0,7,1083,1686.12,2011-11-22 16:33:00,16,7,1686.12
12776.0,1,46,55.5,2010-02-10 12:11:00,667,1,55.5
12777.0,1,458,519.45,2010-09-08 11:35:00,457,1,519.45
12778.0,9,1735,1775.68,2011-11-20 11:30:00,19,9,1775.68
12779.0,14,3501,6474.11,2011-11-02 11:43:00,37,14,6474.11
12780.0,1,285,337.4,2010-04-20 09:40:00,598,1,337.4
12781.0,2,671,826.74,2011-10-07 10:37:00,63,2,826.74
12782.0,11,2017,4618.24,2011-12-05 09:16:00,4,11,4618.24
12783.0,6,624,2225.91,2011-12-07 15:56:00,1,6,2225.91
12784.0,3,862,1763.15,2011-11-30 15:38:00,8,3,1763.15
12785.0,3,453,1100.4,2010-12-10 13:48:00,363,3,1100.4
12786.0,1,324,728.5,2010-04-09 12:12:00,609,1,728.5
12787.0,4,510,862.18,2011-11-30 08:44:00,9,4,862.18
12788.0,4,194,444.9,2010-09-02 14:21:00,462,4,444.9
12789.0,3,36,273.35,2011-10-05 13:34:00,64,3,273.35
12790.0,2,306,591.85,2011-05-31 14:14:00,191,2,591.85
12791.0,6,353,863.51,2010-12-01 11:27:00,373,6,863.51
12792.0,2,394,827.01,2011-03-28 11:36:00,256,2,827.01
12793.0,3,461,885.53,2011-01-09 12:12:00,334,3,885.53
12794.0,2,592,860.41,2011-10-17 14:54:00,52,2,860.41
12795.0,1,68,430.48,2011-11-21 10:27:00,18,1,430.48
12796.0,1,182,381.0,2010-03-21 15:49:00,627,1,381.0
12797.0,2,215,552.08,2010-12-09 10:55:00,365,2,552.08
12798.0,4,8455,8510.93,2011-11-29 15:52:00,9,4,8510.93
12799.0,1,137,219.35,2010-06-28 15:57:00,528,1,219.35
12800.0,3,284,584.25,2010-08-26 14:11:00,469,3,584.25
12801.0,1,505,1071.82,2010-07-27 09:38:00,500,1,1071.82
12802.0,7,1972,2416.42,2011-06-06 09:36:00,186,7,2416.42
12803.0,1,872,1092.81,2010-11-11 14:57:00,392,1,1092.81
12804.0,2,270,325.37,2010-08-31 11:58:00,465,2,325.37
12805.0,4,593,1434.95,2010-11-23 12:27:00,381,4,1434.95
12806.0,4,2087,2878.96,2010-09-30 13:34:00,434,4,2878.96
12807.0,1,145,330.35,2010-11-21 14:21:00,382,1,330.35
12808.0,5,322,776.7,2011-11-03 10:05:00,36,5,776.7
12809.0,3,518,1755.94,2011-06-15 10:51:00,177,3,1755.94
12810.0,2,389,534.99,2010-06-23 10:53:00,534,2,534.99
12811.0,5,435,1033.9,2011-03-24 09:42:00,260,5,1033.9
12812.0,1,164,229.64000000000001,2011-10-26 09:54:00,44,1,229.64000000000001
12813.0,3,1141,1687.8,2010-07-26 09:50:00,501,3,1687.8
12814.0,1,49,125.92,2011-08-30 12:11:00,101,1,125.92
12815.0,2,379,1063.46,2011-07-15 10:21:00,147,2,1063.46
12816.0,2,128,572.2,2011-09-05 12:41:00,95,2,572.2
12817.0,3,219,690.98,2011-03-03 16:28:00,280,3,690.98
12818.0,1,929,1542.08,2011-03-23 12:06:00,261,1,1542.08
12819.0,1,344,540.52,2010-09-07 15:20:00,457,1,540.52
12820.0,11,1964,2689.52,2011-12-06 15:12:00,2,11,2689.52
12821.0,2,162,220.8,2011-05-09 15:51:00,213,2,220.8
12822.0,2,550,948.88,2011-09-30 10:04:00,70,2,948.88
12823.0,18,930,6501.5,2011-09-26 07:35:00,74,18,6501.5
12824.0,1,232,397.12,2011-10-11 12:49:00,59,1,397.12
12825.0,2,139,518.63,2010-07-06 13:56:00,520,2,518.63
12826.0,12,1915,2800.75,2011-12-07 10:25:00,2,12,2800.75
12827.0,3,197,430.15000000000003,2011-12-04 12:17:00,5,3,430.15000000000003
12828.0,6,494,1018.71,2011-12-07 08:45:00,2,6,1018.71
12829.0,3,550,385.3,2011-01-07 11:13:00,336,3,385.3
12830.0,6,9848,6814.64,2011-11-02 11:54:00,37,6,6814.64
12831.0,3,303,451.11,2011-03-22 13:02:00,261,3,451.11
12832.0,2,195,383.03,2011-11-07 13:30:00,31,2,383.03
12833.0,1,156,417.38,2011-07-17 13:46:00,144,1,417.38
12834.0,1,110,312.38,2011-03-02 09:49:00,282,1,312.38
12835.0,41,2349,5996.83,2010-10-08 10:59:00,427,41,5996.83
12836.0,15,2231,6559.7300000000005,2011-10-11 15:10:00,58,15,6559.7300000000005
12837.0,2,194,662.66,2011-06-19 16:07:00,172,2,662.66
12838.0,10,1606,2975.91,2011-11-06 12:20:00,33,10,2975.91
12839.0,26,6578,9669.12,2011-12-07 12:33:00,2,26,9669.12
12840.0,7,2258,4041.97,2011-07-19 09:29:00,143,7,4041.97
12841.0,40,5008,6958.2,2011-12-05 11:13:00,4,40,6958.2
12842.0,4,887,1917.99,2011-09-30 15:33:00,69,4,1917.99
12843.0,30,3028,6583.36,2011-10-05 12:09:00,65,30,6583.36
12844.0,4,223,648.6,2011-11-10 13:31:00,28,4,648.6
12845.0,4,204,354.09,2011-03-17 13:34:00,266,4,354.09
12846.0,1,1,15.58,2010-01-26 16:29:00,681,1,15.58
12847.0,2,1497,1609.0,2011-11-17 13:16:00,21,2,1609.0
12848.0,1,58,208.0,2010-02-02 12:45:00,675,1,208.0
12849.0,6,1855,3042.47,2011-11-08 13:41:00,30,6,3042.47
12850.0,1,200,330.0,2010-09-20 12:26:00,445,1,330.0
12851.0,2,157,280.76,2011-09-04 12:41:00,96,2,280.76
12852.0,1,149,311.55,2011-02-18 08:47:00,294,1,311.55
12853.0,11,1668,3907.5,2011-07-28 11:29:00,134,11,3907.5
12854.0,7,1630,2970.9700000000003,2011-09-22 12:15:00,78,7,2970.9700000000003
12855.0,4,240,612.84,2010-12-02 09:37:00,372,4,612.84
12856.0,6,1076,2170.78,2011-12-02 10:52:00,7,6,2170.78
12857.0,6,1420,3688.0,2011-05-13 10:20:00,210,6,3688.0
12858.0,1,51,147.27,2010-11-21 12:55:00,382,1,147.27
12859.0,1,292,575.1,2010-09-07 12:20:00,458,1,575.1
12860.0,1,26,54.22,2010-01-15 15:22:00,692,1,54.22
12861.0,1,27,68.25,2010-03-30 11:39:00,619,1,68.25
12862.0,2,611,984.62,2010-10-10 11:47:00,425,2,984.62
12863.0,6,895,2792.5499999999997,2011-10-18 14:15:00,51,6,2792.5499999999997
12864.0,2,447,299.57,2011-07-24 13:03:00,137,2,299.57
12865.0,4,1973,3323.47,2011-11-13 14:31:00,25,4,3323.47
12866.0,3,553,1227.35,2011-03-01 14:11:00,282,3,1227.35
12867.0,13,7876,7829.26,2011-11-13 15:30:00,25,13,7829.26
12868.0,8,1170,2043.76,2011-06-07 10:42:00,185,8,2043.76
12869.0,1,144,337.66999999999996,2010-01-27 12:10:00,681,1,337.66999999999996
12870.0,3,906,1676.95,2010-11-29 13:42:00,374,3,1676.95
12871.0,3,484,744.02,2011-09-16 15:07:00,83,3,744.02
12872.0,12,1642,3283.96,2011-01-17 10:52:00,326,12,3283.96
12873.0,3,786,2027.3,2011-03-02 14:58:00,281,3,2027.3
12874.0,2,623,948.42,2010-11-19 15:23:00,384,2,948.42
12875.0,5,5187,1356.99,2011-07-19 15:30:00,142,5,1356.99
12876.0,4,3047,4081.79,2011-10-13 12:26:00,57,4,4081.79
12877.0,20,2237,2942.14,2011-12-06 10:30:00,3,20,2942.14
12878.0,2,547,854.99,2011-04-17 13:07:00,235,2,854.99
12879.0,3,370,573.22,2011-10-26 12:24:00,44,3,573.22
12880.0,2,279,640.13,2010-11-23 10:50:00,381,2,640.13
12881.0,1,21,298.0,2011-03-09 11:44:00,275,1,298.0
12882.0,2,246,1463.04,2011-11-30 16:18:00,8,2,1463.04
12883.0,4,196,703.47,2011-11-15 09:32:00,24,4,703.47
12884.0,1,43,309.05,2011-09-12 13:10:00,87,1,309.05
12885.0,3,655,1175.22,2011-10-07 13:40:00,62,3,1175.22
12886.0,2,770,1378.4,2011-10-03 10:09:00,67,2,1378.4
12887.0,1,100,222.4,2010-11-21 11:18:00,383,1,222.4
12888.0,2,76,354.12,2011-05-09 16:02:00,213,2,354.12
12889.0,4,124,385.46000000000004,2010-11-23 16:08:00,380,4,385.46000000000004
12890.0,2,457,706.02,2011-11-15 17:26:00,23,2,706.02
12891.0,11,2325,840.5,2011-06-07 12:31:00,185,11,840.5
12892.0,1,140,263.38,2010-11-08 09:51:00,396,1,263.38
12893.0,1,90,176.55,2011-11-09 12:34:00,30,1,176.55
12894.0,1,33,157.35,2010-05-13 14:47:00,574,1,157.35
12895.0,2,210,372.8,2011-10-28 13:51:00,41,2,372.8
12897.0,4,249,514.25,2011-05-19 12:13:00,204,4,514.25
12898.0,2,235,296.21000000000004,2010-09-02 08:08:00,463,2,296.21000000000004
12899.0,1,108,366.4,2010-10-22 09:53:00,413,1,366.4
12900.0,1,139,340.33,2010-10-13 15:17:00,421,1,340.33
12901.0,28,23075,17654.54,2011-12-01 10:07:00,8,28,17654.54
12902.0,1,66,138.68,2011-03-20 12:06:00,264,1,138.68
12903.0,1,493,833.53,2010-10-07 12:39:00,428,1,833.53
12904.0,2,294,496.06,2011-11-21 14:34:00,17,2,496.06
12905.0,2,532,1018.42,2010-05-12 10:05:00,576,2,1018.42
12906.0,5,1749,2919.81,2011-11-28 09:55:00,11,5,2919.81
12907.0,2,177,508.91,2010-11-09 12:08:00,395,2,508.91
12908.0,5,3000,1776.0,2011-06-16 15:39:00,175,5,1776.0
12909.0,8,1948,3103.19,2011-10-31 12:43:00,39,8,3103.19
12910.0,13,3632,5796.52,2011-11-16 14:28:00,22,13,5796.52
12911.0,1,807,1651.72,2010-06-06 12:13:00,551,1,1651.72
12912.0,5,670,1662.3,2011-12-07 08:55:00,2,5,1662.3
12913.0,13,3086,6283.24,2011-12-05 12:11:00,4,13,6283.24
12914.0,1,336,223.98,2010-11-04 12:28:00,400,1,223.98
12915.0,4,411,975.1,2011-07-14 11:34:00,148,4,975.1
12916.0,7,1681,4479.73,2011-07-24 10:35:00,138,7,4479.73
12917.0,6,1104,4359.2,2011-08-03 16:42:00,127,6,4359.2
12918.0,1,1,10953.5,2010-03-23 15:22:00,625,1,10953.5
12919.0,6,673,1335.19,2011-12-01 13:47:00,7,6,1335.19
12920.0,4,420,486.64,2011-11-22 15:05:00,16,4,486.64
12921.0,74,21328,35233.24,2011-11-30 16:22:00,8,74,35233.24
12922.0,1,370,405.38,2011-07-01 15:35:00,160,1,405.38
12923.0,3,230,770.42,2011-10-06 16:20:00,63,3,770.42
12924.0,12,1423,2469.4,2011-09-12 13:55:00,87,12,2469.4
12925.0,3,649,729.3299999999999,2011-12-05 11:11:00,4,3,729.3299999999999
12926.0,4,754,1523.97,2010-10-24 15:57:00,410,4,1523.97
12927.0,1,145,197.31,2010-11-10 10:02:00,394,1,197.31
12928.0,12,2899,4304.89,2011-11-04 14:24:00,34,12,4304.89
12929.0,1,37,117.85,2011-02-01 12:08:00,311,1,117.85
12930.0,2,252,415.8,2011-09-22 15:18:00,77,2,415.8
12931.0,57,62906,92347.34,2011-11-18 12:39:00,21,57,92347.34
12932.0,8,1609,1698.56,2010-06-18 14:22:00,538,8,1698.56
12933.0,8,949,1636.6299999999999,2011-11-15 16:38:00,23,8,1636.6299999999999
12934.0,1,31,181.65,2009-12-03 10:51:00,736,1,181.65
12935.0,15,3201,4243.86,2011-12-07 17:25:00,1,15,4243.86
12936.0,4,559,1063.9,2011-11-22 17:32:00,16,4,1063.9
12937.0,9,1983,3097.61,2011-11-24 15:05:00,14,9,3097.61
12938.0,1,140,114.14,2011-11-14 11:21:00,25,1,114.14
12939.0,20,10328,25264.8,2011-10-06 14:33:00,63,20,25264.8
12940.0,2,404,899.69,2011-10-16 12:09:00,54,2,899.69
12941.0,1,381,377.49,2009-12-15 13:12:00,723,1,377.49
12942.0,3,198,675.6,2011-07-31 14:39:00,130,3,675.6
12943.0,2,222,496.5,2010-05-30 13:52:00,557,2,496.5
12944.0,2,289,604.51,2011-11-04 11:04:00,35,2,604.51
12945.0,2,446,900.11,2011-02-24 14:15:00,287,2,900.11
12946.0,1,149,324.45,2010-09-29 10:14:00,436,1,324.45
12947.0,6,1165,1603.99,2011-07-19 10:06:00,143,6,1603.99
12948.0,9,1304,2317.43,2011-11-23 17:10:00,15,9,2317.43
12949.0,22,8233,15526.7,2011-11-09 11:25:00,30,22,15526.7
12950.0,3,1380,1843.0,2011-12-07 13:17:00,1,3,1843.0
12951.0,15,1662,3213.7200000000003,2011-12-01 12:14:00,8,15,3213.7200000000003
12952.0,4,653,1387.79,2011-12-04 10:35:00,5,4,1387.79
12953.0,2,364,828.8100000000001,2011-11-30 09:24:00,9,2,828.8100000000001
12954.0,1,83,162.45,2010-03-11 10:16:00,638,1,162.45
12955.0,11,3664,4757.16,2011-12-08 16:29:00,0,11,4757.16
12956.0,4,340,521.89,2011-02-06 16:08:00,305,4,521.89
12957.0,13,4686,8706.97,2011-11-30 09:53:00,9,13,8706.97
12958.0,2,118,467.34,2010-11-04 16:16:00,399,2,467.34
12959.0,1,109,150.95,2010-08-12 17:20:00,483,1,150.95
12960.0,4,1379,1322.07,2010-10-22 09:31:00,413,4,1322.07
12961.0,1,180,211.99,2010-11-25 16:44:00,378,1,211.99
12962.0,2,129,266.39,2011-12-02 15:55:00,6,2,266.39
12963.0,12,1637,3235.79,2011-12-01 12:55:00,7,12,3235.79
12964.0,1,56,132.24,2010-09-28 17:47:00,436,1,132.24
12965.0,1,282,769.8100000000001,2011-09-11 15:31:00,88,1,769.8100000000001
12966.0,1,75,160.18,2011-11-30 12:38:00,9,1,160.18
12967.0,3,912,2938.52,2010-12-16 19:10:00,357,3,2938.52
12968.0,1,73,135.95,2011-08-19 15:44:00,111,1,135.95
12969.0,1,55,122.45,2010-04-16 10:50:00,602,1,122.45
12970.0,10,954,1453.6,2011-12-02 14:30:00,6,10,1453.6
12971.0,116,14306,15704.6,2011-12-06 12:20:00,3,116,15704.6
12972.0,4,844,1161.2,2010-10-22 08:41:00,413,4,1161.2
12973.0,1,31,385.55,2010-10-22 10:14:00,413,1,385.55
12974.0,2,104,408.95,2011-05-26 09:33:00,197,2,408.95
12975.0,6,911,2100.09,2010-09-29 09:46:00,436,6,2100.09
12976.0,8,2684,3156.38,2011-05-12 09:55:00,211,8,3156.38
12977.0,4,128,513.88,2011-07-06 16:40:00,155,4,513.88
12978.0,5,1394,2502.82,2010-11-19 14:29:00,384,5,2502.82
12979.0,1,520,517.7,2009-12-10 15:45:00,728,1,517.7
12980.0,21,1910,16245.78,2011-07-05 09:34:00,157,21,16245.78
12981.0,2,242,372.21999999999997,2011-11-10 12:00:00,29,2,372.21999999999997
12982.0,8,1729,2744.81,2011-04-11 11:51:00,242,8,2744.81
12983.0,1,638,490.08000000000004,2010-04-20 12:58:00,597,1,490.08000000000004
12984.0,1,26,97.5,2011-11-21 12:37:00,18,1,97.5
12985.0,2,1533,1239.38,2011-12-09 10:46:00,0,2,1239.38
12986.0,10,1164,2729.84,2010-10-07 11:57:00,428,10,2729.84
12987.0,5,585,1312.21,2011-09-27 12:03:00,73,5,1312.21
12988.0,1,126,505.82,2011-02-20 14:31:00,291,1,505.82
12989.0,33,6935,13551.75,2011-12-06 15:28:00,2,33,13551.75
12990.0,7,480,955.5,2011-11-08 13:01:00,30,7,955.5
12991.0,3,483,764.82,2011-11-16 15:34:00,22,3,764.82
12992.0,1,21,93.35000000000001,2009-12-14 16:46:00,724,1,93.35000000000001
12993.0,8,751,1259.6299999999999,2011-11-16 15:49:00,22,8,1259.6299999999999
12994.0,3,459,974.4200000000001,2011-12-05 15:43:00,3,3,974.4200000000001
12995.0,1,108,211.32,2011-09-15 15:44:00,84,1,211.32
12996.0,1,122,355.5,2010-11-29 09:27:00,375,1,355.5
12997.0,8,1186,2110.91,2011-11-17 15:47:00,21,8,2110.91
12998.0,3,1124,920.08,2010-08-04 08:05:00,492,3,920.08
12999.0,3,342,455.88,2011-05-27 13:24:00,195,3,455.88
13000.0,4,548,1032.5,2011-08-25 10:43:00,106,4,1032.5
13001.0,33,13448,24042.65,2011-12-05 14:51:00,3,33,24042.65
13002.0,3,201,414.13,2011-01-25 15:18:00,317,3,414.13
13003.0,3,103,149.05,2011-08-26 10:50:00,105,3,149.05
13004.0,36,8768,11650.85,2011-11-28 11:27:00,11,36,11650.85
13005.0,4,462,999.68,2011-06-19 10:53:00,173,4,999.68
13006.0,1,55,81.57,2011-10-14 13:49:00,55,1,81.57
13007.0,1,59,175.25,2010-05-09 10:38:00,579,1,175.25
13008.0,3,379,612.13,2011-01-20 14:24:00,322,3,612.13
13009.0,1,120,234.0,2010-02-05 12:22:00,672,1,234.0
13010.0,2,323,330.12,2010-11-30 15:09:00,373,2,330.12
13011.0,1,13,50.550000000000004,2010-12-02 17:22:00,371,1,50.550000000000004
13012.0,11,1559,2957.83,2011-11-30 13:05:00,8,11,2957.83
13013.0,29,5661,11097.43,2011-12-08 15:01:00,0,29,11097.43
13014.0,11,1979,5381.08,2011-11-29 12:27:00,10,11,5381.08
13015.0,11,3527,6579.78,2011-10-17 13:19:00,52,11,6579.78
13016.0,3,527,789.89,2011-09-27 14:08:00,72,3,789.89
13017.0,1,48,204.0,2011-12-02 15:53:00,6,1,204.0
13018.0,35,6746,9763.16,2011-11-23 13:28:00,15,35,9763.16
13019.0,6,397,1229.95,2010-11-25 14:56:00,378,6,1229.95
13020.0,2,278,618.96,2010-05-26 11:12:00,562,2,618.96
13021.0,17,2546,4887.24,2011-12-05 16:37:00,3,17,4887.24
13022.0,1,35,65.3,2010-10-06 10:50:00,429,1,65.3
13023.0,3,585,1449.03,2011-10-06 16:27:00,63,3,1449.03
13024.0,2,181,555.87,2010-08-26 09:42:00,470,2,555.87
13025.0,1,241,323.39,2009-12-08 10:02:00,731,1,323.39
13026.0,9,2466,1733.08,2011-12-08 16:58:00,0,9,1733.08
13027.0,19,42840,17239.2,2011-08-18 09:39:00,113,19,17239.2
13028.0,2,798,661.3199999999999,2011-11-17 11:10:00,22,2,661.3199999999999
13029.0,5,194,1927.3,2011-11-09 09:13:00,30,5,1927.3
13030.0,2,348,752.4399999999999,2011-11-28 14:30:00,10,2,752.4399999999999
13031.0,5,2309,3292.84,2010-10-28 15:34:00,406,5,3292.84
13032.0,9,1274,2815.96,2011-10-18 15:54:00,51,9,2815.96
13033.0,2,98,220.55,2010-12-17 14:23:00,356,2,220.55
13034.0,3,406,756.82,2011-10-16 12:21:00,54,3,756.82
13035.0,3,926,1364.2,2011-09-27 08:57:00,73,3,1364.2
13036.0,1,38,307.1,2010-01-24 11:35:00,684,1,307.1
13037.0,12,2130,3914.9500000000003,2011-07-24 15:46:00,137,12,3914.9500000000003
13038.0,3,360,908.46,2011-09-20 14:37:00,79,3,908.46
13039.0,4,290,1010.73,2010-05-04 16:45:00,583,4,1010.73
13040.0,2,355,676.99,2011-12-01 10:38:00,8,2,676.99
13041.0,4,335,799.13,2010-09-15 11:44:00,450,4,799.13
13042.0,3,812,1488.59,2010-04-20 13:43:00,597,3,1488.59
13043.0,1,254,516.42,2011-03-11 14:52:00,272,1,516.42
13044.0,11,2548,4848.05,2011-02-21 15:20:00,290,11,4848.05
13045.0,3,405,808.92,2011-09-01 15:04:00,98,3,808.92
13046.0,3,505,949.25,2011-11-09 08:36:00,30,3,949.25
13047.0,24,3328,8428.53,2011-11-08 12:06:00,31,24,8428.53
13048.0,9,2661,4049.13,2011-11-25 13:23:00,13,9,4049.13
13049.0,4,620,1408.24,2011-10-06 15:31:00,63,4,1408.24
13050.0,35,7015,11986.52,2011-11-25 09:18:00,14,35,11986.52
13051.0,2,72,155.8,2010-05-10 09:14:00,578,2,155.8
13052.0,7,1424,3119.33,2011-05-11 14:12:00,211,7,3119.33
13053.0,1,47,127.65,2010-03-28 11:28:00,621,1,127.65
13055.0,4,1821,2321.11,2011-09-22 14:26:00,77,4,2321.11
13056.0,1,158,209.48,2010-06-06 14:10:00,550,1,209.48
13057.0,3,456,709.59,2010-06-27 15:44:00,529,3,709.59
13058.0,3,52,271.40000000000003,2011-11-15 12:43:00,24,3,271.40000000000003
13059.0,10,860,2291.77,2011-04-04 10:40:00,249,10,2291.77
13060.0,1,123,307.53,2011-03-31 11:37:00,253,1,307.53
13061.0,1,107,248.61,2011-09-28 16:04:00,71,1,248.61
13062.0,1,343,346.98,2011-06-01 15:12:00,190,1,346.98
13063.0,1,116,188.4,2010-08-16 12:27:00,480,1,188.4
13064.0,6,668,1666.8400000000001,2011-11-27 12:31:00,12,6,1666.8400000000001
13065.0,5,381,1055.05,2010-12-01 16:52:00,372,5,1055.05
13066.0,2,322,470.8,2011-11-15 12:57:00,23,2,470.8
13067.0,3,131,508.51,2011-09-18 13:38:00,81,3,508.51
13068.0,2,200,344.0,2011-11-29 15:00:00,9,2,344.0
13069.0,38,15171,9284.45,2011-12-09 08:39:00,0,38,9284.45
13070.0,4,372,751.7,2011-05-31 13:45:00,191,4,751.7
13071.0,1,30,129.22,2010-04-06 13:37:00,611,1,129.22
13072.0,1,69,177.15,2011-03-18 08:12:00,266,1,177.15
13073.0,2,261,418.08,2010-10-24 14:06:00,410,2,418.08
13074.0,4,826,1378.74,2010-07-16 16:53:00,510,4,1378.74
13075.0,1,485,919.61,2011-08-02 10:19:00,129,1,919.61
13076.0,1,44,135.4,2010-09-08 10:27:00,457,1,135.4
13077.0,11,2468,2740.65,2011-12-08 19:24:00,0,11,2740.65
13078.0,57,12032,29018.06,2011-12-06 15:36:00,2,57,29018.06
13079.0,6,158,419.18,2011-12-05 16:53:00,3,6,419.18
13080.0,4,193,280.73,2011-06-13 14:59:00,178,4,280.73
13081.0,28,40077,56838.37,2011-11-28 10:54:00,11,28,56838.37
13082.0,21,8466,7335.75,2011-08-05 16:16:00,125,21,7335.75
13083.0,3,307,395.43,2011-12-05 15:01:00,3,3,395.43
13084.0,1,144,122.39999999999999,2010-08-05 08:49:00,491,1,122.39999999999999
13085.0,8,944,2433.28,2011-07-05 12:11:00,157,8,2433.28
13086.0,1,155,439.33000000000004,2010-11-22 10:28:00,382,1,439.33000000000004
13087.0,1,86,313.64,2009-12-13 15:16:00,725,1,313.64
13088.0,1,76,236.11,2010-10-18 15:35:00,416,1,236.11
13089.0,203,58932,113416.91,2011-12-07 09:02:00,2,203,113416.91
13090.0,24,3247,13091.74,2011-12-01 12:39:00,8,24,13091.74
13091.0,3,1339,2321.82,2011-11-11 15:54:00,27,3,2321.82
13092.0,12,664,2140.28,2011-09-30 11:18:00,70,12,2140.28
13093.0,55,25971,54144.25,2011-03-09 12:14:00,275,55,54144.25
13094.0,13,1896,2209.44,2011-11-18 14:07:00,20,13,2209.44
13095.0,1,144,74.39999999999999,2011-09-30 12:03:00,70,1,74.39999999999999
13096.0,1,6,419.70000000000005,2010-11-10 14:08:00,393,1,419.70000000000005
13097.0,28,5345,13324.1,2011-11-07 10:43:00,32,28,13324.1
13098.0,28,15968,28882.44,2011-12-08 14:14:00,0,28,28882.44
13099.0,1,288,207.35999999999999,2011-09-01 17:40:00,98,1,207.35999999999999
13101.0,4,478,695.4,2011-04-19 14:37:00,233,4,695.4
13102.0,37,6366,11380.1,2011-12-08 12:52:00,0,37,11380.1
13103.0,3,426,709.64,2011-10-31 09:38:00,39,3,709.64
13104.0,9,834,1709.1,2011-12-06 13:10:00,2,9,1709.1
13105.0,1,100,72.0,2010-09-29 13:41:00,435,1,72.0
13106.0,2,231,603.46,2011-07-29 15:12:00,132,2,603.46
13107.0,9,4316,5253.07,2011-10-26 14:52:00,43,9,5253.07
13108.0,2,745,748.46,2010-12-02 10:35:00,372,2,748.46
13109.0,3,757,1134.03,2011-10-11 10:16:00,59,3,1134.03
13110.0,12,763,2957.4700000000003,2011-11-08 14:30:00,30,12,2957.4700000000003
13111.0,1,180,321.88000000000005,2009-12-21 09:00:00,718,1,321.88000000000005
13112.0,1,11,20.6,2010-06-16 17:03:00,540,1,20.6
13113.0,37,4435,18230.07,2011-12-09 12:49:00,0,37,18230.07
13114.0,1,74,234.38,2009-12-09 09:56:00,730,1,234.38
13115.0,10,3934,5494.7,2011-11-28 12:38:00,11,10,5494.7
13116.0,1,291,501.14,2011-07-24 14:33:00,137,1,501.14
13117.0,18,1852,2255.66,2011-11-18 12:02:00,21,18,2255.66
13118.0,9,834,2415.41,2011-11-20 12:46:00,19,9,2415.41
13119.0,1,110,134.9,2010-02-09 08:38:00,668,1,134.9
13120.0,1,12,30.599999999999998,2011-04-15 10:19:00,238,1,30.599999999999998
13121.0,1,252,283.73,2011-03-15 16:47:00,268,1,283.73
13122.0,2,585,922.39,2011-09-06 15:53:00,93,2,922.39
13123.0,2,268,506.75,2010-08-24 10:18:00,472,2,506.75
13124.0,4,2738,4641.66,2011-09-11 12:45:00,89,4,4641.66
13125.0,1,53,148.62,2010-07-04 11:58:00,523,1,148.62
13126.0,13,3289,3774.81,2011-12-05 10:00:00,4,13,3774.81
13127.0,1,127,259.17,2011-09-23 10:26:00,77,1,259.17
13128.0,1,31,263.5,2010-03-18 15:08:00,630,1,263.5
13129.0,2,296,233.25,2010-09-13 13:47:00,451,2,233.25
13130.0,1,32,64.0,2011-09-06 15:30:00,93,1,64.0
13131.0,7,1523,3313.77,2011-11-16 13:21:00,22,7,3313.77
13132.0,1,20,77.3,2011-03-23 12:44:00,261,1,77.3
13133.0,3,55,200.45000000000002,2011-03-11 10:31:00,273,3,200.45000000000002
13134.0,6,1364,2475.23,2011-09-15 10:35:00,85,6,2475.23
13135.0,2,4423,3371.45,2011-05-27 10:52:00,196,2,3371.45
13136.0,13,3109,6274.56,2011-10-14 13:41:00,55,13,6274.56
13137.0,16,4238,7586.94,2011-11-29 12:09:00,10,16,7586.94
13138.0,7,593,1274.01,2011-11-17 16:51:00,21,7,1274.01
13139.0,8,4614,8202.98,2011-11-23 13:54:00,15,8,8202.98
13140.0,5,572,1054.92,2011-08-23 15:33:00,107,5,1054.92
13141.0,17,5159,7656.08,2011-09-16 09:54:00,84,17,7656.08
13142.0,1,258,307.09,2011-11-20 16:07:00,18,1,307.09
13143.0,1,198,405.1,2010-05-04 12:22:00,584,1,405.1
13144.0,2,29,135.35,2011-01-11 11:15:00,332,2,135.35
13145.0,7,265,1128.52,2011-10-31 12:45:00,39,7,1128.52
13146.0,1,154,228.91,2011-11-13 15:29:00,25,1,228.91
13147.0,4,144,712.8000000000001,2011-11-29 13:59:00,9,4,712.8000000000001
13148.0,26,4487,8497.82,2011-11-10 15:23:00,28,26,8497.82
13149.0,4,1280,1676.06,2011-11-25 13:09:00,13,4,1676.06
13150.0,3,171,449.96999999999997,2010-08-12 12:59:00,483,3,449.96999999999997
13151.0,3,813,2465.21,2011-02-17 12:29:00,295,3,2465.21
13152.0,7,977,2146.38,2010-10-18 13:44:00,416,7,2146.38
13153.0,1,418,486.22,2011-12-04 12:14:00,5,1,486.22
13154.0,3,976,1624.84,2010-11-05 16:00:00,398,3,1624.84
13155.0,6,741,1370.48,2011-11-06 15:41:00,32,6,1370.48
13156.0,3,914,1586.54,2010-11-19 13:09:00,384,3,1586.54
13157.0,9,4762,5687.36,2011-10-21 13:50:00,48,9,5687.36
13158.0,5,992,1508.18,2011-09-06 11:58:00,94,5,1508.18
13159.0,4,1058,1429.35,2011-12-01 11:20:00,8,4,1429.35
13160.0,1,56,91.8,2011-11-17 13:07:00,21,1,91.8
13161.0,2,105,472.13,2011-01-30 14:03:00,312,2,472.13
13162.0,16,5755,9275.49,2011-08-09 15:59:00,121,16,9275.49
13163.0,1,3,17.65,2010-04-08 16:21:00,609,1,17.65
13164.0,2,120,372.2,2010-05-19 13:52:00,568,2,372.2
13165.0,3,1736,1451.16,2011-10-24 15:05:00,45,3,1451.16
13166.0,2,522,875.93,2011-03-01 15:16:00,282,2,875.93
13167.0,5,1007,1125.15,2011-11-21 12:24:00,18,5,1125.15
13168.0,5,898,1840.73,2011-11-03 12:56:00,35,5,1840.73
13169.0,3,296,840.08,2011-10-07 12:11:00,63,3,840.08
13170.0,1,141,108.81,2011-11-13 12:19:00,26,1,108.81
13171.0,3,229,468.41,2011-11-18 10:27:00,21,3,468.41
13172.0,1,48,69.6,2010-11-04 15:10:00,399,1,69.6
13173.0,11,1481,2399.82,2011-12-05 15:51:00,3,11,2399.82
13174.0,12,3794,7995.36,2011-11-23 14:35:00,15,12,7995.36
13175.0,2,423,831.45,2010-05-06 13:13:00,581,2,831.45
13176.0,1,448,481.49,2011-10-24 15:43:00,45,1,481.49
13177.0,2,180,512.2,2011-10-06 09:56:00,64,2,512.2
13178.0,21,8778,14059.19,2011-11-13 16:14:00,25,21,14059.19
13179.0,1,368,572.3100000000001,2010-03-31 11:40:00,618,1,572.3100000000001
13180.0,1,42,86.10000000000001,2010-04-11 13:37:00,606,1,86.10000000000001
13181.0,1,171,359.69,2010-11-23 15:05:00,380,1,359.69
13182.0,1,201,121.18,2011-10-25 13:46:00,44,1,121.18
13183.0,15,4027,7036.18,2011-12-02 10:30:00,7,15,7036.18
13184.0,10,1662,1668.95,2011-11-25 12:02:00,14,10,1668.95
13185.0,1,12,71.4,2011-03-17 11:56:00,267,1,71.4
13186.0,3,820,1575.89,2011-10-31 11:40:00,39,3,1575.89
13187.0,4,296,341.36,2011-01-06 18:57:00,336,4,341.36
13188.0,1,25,114.60000000000001,2011-11-28 15:28:00,10,1,114.60000000000001
13189.0,2,842,260.68,2011-11-21 10:39:00,18,2,260.68
13190.0,3,308,570.66,2010-06-13 15:47:00,543,3,570.66
13191.0,1,115,164.69,2010-02-19 17:02:00,657,1,164.69
13192.0,6,1629,2558.58,2011-09-05 14:13:00,94,6,2558.58
13193.0,1,46,112.08,2011-10-09 14:30:00,60,1,112.08
13194.0,2,326,472.78,2011-07-27 09:01:00,135,2,472.78
13195.0,1,70,136.73,2010-10-21 13:07:00,413,1,136.73
13196.0,7,2006,3068.84,2011-11-28 13:54:00,10,7,3068.84
13197.0,1,204,373.01000000000005,2010-04-09 09:14:00,609,1,373.01000000000005
13198.0,8,3449,4974.2300000000005,2011-11-29 15:17:00,9,8,4974.2300000000005
13199.0,67,11567,15964.210000000001,2011-12-06 12:30:00,3,67,15964.210000000001
13200.0,4,516,870.09,2011-11-20 15:35:00,18,4,870.09
13201.0,4,1036,1233.06,2010-07-25 14:30:00,501,4,1233.06
13202.0,7,572,1580.3,2010-11-10 16:24:00,393,7,1580.3
13203.0,10,2413,2648.25,2011-11-30 10:45:00,9,10,2648.25
13204.0,1,428,966.6600000000001,2009-12-08 14:56:00,730,1,966.6600000000001
13205.0,1,256,2803.2,2010-09-22 16:26:00,442,1,2803.2
13206.0,13,7086,8308.19,2010-11-04 16:50:00,399,13,8308.19
13207.0,4,178,535.86,2011-11-24 14:52:00,14,4,535.86
13208.0,9,1343,1976.3,2011-10-12 09:54:00,58,9,1976.3
13209.0,13,5781,8509.51,2011-11-09 13:54:00,29,13,8509.51
13210.0,1,316,353.48,2011-09-07 08:18:00,93,1,353.48
13211.0,10,1845,2618.77,2011-11-29 14:43:00,9,10,2618.77
13212.0,3,309,786.83,2011-11-20 12:40:00,19,3,786.83
13213.0,11,2962,3851.52,2011-10-14 11:42:00,56,11,3851.52
13214.0,7,2966,3264.23,2010-10-18 10:00:00,417,7,3264.23
13215.0,1,96,81.6,2010-11-02 18:26:00,401,1,81.6
13216.0,1,297,333.74,2011-03-17 12:18:00,267,1,333.74
13217.0,4,512,666.48,2011-08-09 15:32:00,121,4,666.48
13218.0,1,88,62.63999999999999,2011-08-04 16:59:00,126,1,62.63999999999999
13219.0,1,11,76.23,2010-03-31 14:18:00,617,1,76.23
13220.0,5,396,1336.0900000000001,2011-09-22 13:38:00,77,5,1336.0900000000001
13221.0,2,244,847.41,2011-04-13 16:58:00,239,2,847.41
13222.0,1,30,88.5,2010-05-11 13:54:00,576,1,88.5
13223.0,6,568,969.1200000000001,2011-05-23 13:03:00,199,6,969.1200000000001
13224.0,2,1518,2155.95,2011-10-10 14:55:00,59,2,2155.95
13225.0,16,7401,16260.07,2011-12-06 13:29:00,2,16,16260.07
13226.0,2,179,312.46,2011-03-11 14:35:00,272,2,312.46
13227.0,1,99,257.7,2011-05-22 11:47:00,201,1,257.7
13228.0,1,200,358.0,2011-09-19 14:28:00,80,1,358.0
13229.0,1,63,160.95,2011-04-28 12:07:00,225,1,160.95
13230.0,30,3520,6120.01,2011-12-05 16:03:00,3,30,6120.01
13232.0,7,773,1328.35,2011-11-27 10:39:00,12,7,1328.35
13233.0,4,1604,1176.46,2011-09-26 13:25:00,73,4,1176.46
13234.0,2,159,346.5,2010-02-05 11:41:00,672,2,346.5
13235.0,1,441,1031.07,2011-05-11 17:13:00,211,1,1031.07
13236.0,2,416,744.85,2011-11-15 12:50:00,24,2,744.85
13237.0,1,128,643.0,2010-11-17 10:07:00,387,1,643.0
13238.0,6,442,1006.63,2011-11-22 15:37:00,16,6,1006.63
13239.0,5,1151,1594.69,2011-03-23 10:25:00,261,5,1594.69
13240.0,8,709,1475.79,2011-09-04 14:08:00,95,8,1475.79
13241.0,1,46,112.53,2010-10-24 11:17:00,411,1,112.53
13242.0,7,350,699.4,2011-08-19 12:53:00,111,7,699.4
13243.0,5,554,1220.38,2011-05-20 13:14:00,202,5,1220.38
13244.0,1,38,121.74000000000001,2011-09-08 11:46:00,92,1,121.74000000000001
13245.0,2,371,989.22,2011-10-20 11:40:00,50,2,989.22
13246.0,11,2796,3351.75,2011-11-21 16:50:00,17,11,3351.75
13247.0,4,328,501.12,2011-11-22 10:59:00,17,4,501.12
13248.0,2,305,465.68,2011-08-07 12:40:00,124,2,465.68
13249.0,9,1246,1608.93,2011-09-08 13:26:00,91,9,1608.93
13250.0,2,107,253.09,2010-09-05 11:33:00,460,2,253.09
13251.0,1,215,252.68,2010-11-02 13:20:00,401,1,252.68
13252.0,2,134,399.3,2010-11-10 16:00:00,393,2,399.3
13253.0,4,3015,2951.11,2011-07-06 10:09:00,156,4,2951.11
13254.0,1,43,51.410000000000004,2010-11-28 15:42:00,375,1,51.410000000000004
13255.0,3,407,678.76,2011-11-30 13:14:00,8,3,678.76
13257.0,1,33,149.75,2010-09-29 14:58:00,435,1,149.75
13258.0,5,446,1009.43,2011-11-28 09:31:00,11,5,1009.43
13259.0,9,503,1402.54,2011-10-09 10:48:00,61,9,1402.54
13260.0,1,142,557.62,2011-10-09 13:21:00,60,1,557.62
13261.0,2,210,944.1,2011-03-16 12:22:00,268,2,944.1
13262.0,3,247,573.45,2011-03-21 15:06:00,262,3,573.45
13263.0,39,5372,8676.2,2011-12-08 13:59:00,0,39,8676.2
13264.0,1,375,722.5600000000001,2010-09-23 12:42:00,442,1,722.5600000000001
13265.0,5,1740,2092.66,2011-10-17 15:02:00,52,5,2092.66
13266.0,19,6837,6135.04,2011-11-28 14:39:00,10,19,6135.04
13267.0,36,3959,9429.81,2011-12-07 11:12:00,2,36,9429.81
13268.0,11,3624,3174.75,2011-11-22 11:51:00,17,11,3174.75
13269.0,28,6366,8537.32,2011-12-08 14:53:00,0,28,8537.32
13270.0,1,200,590.0,2010-12-08 14:53:00,365,1,590.0
13271.0,1,240,211.49,2011-11-02 14:31:00,36,1,211.49
13272.0,2,96,276.56,2011-11-08 14:00:00,30,2,276.56
13273.0,1,153,138.98,2011-08-18 14:02:00,112,1,138.98
13274.0,1,199,360.85,2010-10-26 13:48:00,408,1,360.85
13275.0,2,138,238.86,2010-11-21 12:09:00,383,2,238.86
13276.0,5,840,1891.91,2011-10-07 12:44:00,63,5,1891.91
13277.0,7,382,523.3,2011-11-24 09:21:00,15,7,523.3
13278.0,4,1358,1435.85,2011-10-30 11:49:00,40,4,1435.85
13279.0,1,73,137.75,2011-09-22 17:24:00,77,1,137.75
13280.0,7,1489,2293.33,2011-08-09 13:14:00,121,7,2293.33
13281.0,1,201,350.85,2010-09-26 16:03:00,438,1,350.85
13282.0,4,410,1313.19,2011-11-21 15:33:00,17,4,1313.19
13283.0,4,204,373.36,2011-10-11 09:50:00,59,4,373.36
13284.0,1,91,201.19,2011-01-13 09:23:00,330,1,201.19
13285.0,6,2457,3364.59,2011-11-16 13:19:00,22,6,3364.59
13286.0,1,274,734.91,2010-04-18 15:35:00,599,1,734.91
13287.0,3,429,781.59,2010-04-15 15:26:00,602,3,781.59
13288.0,5,379,927.61,2010-09-22 16:32:00,442,5,927.61
13289.0,1,119,307.95,2009-12-16 11:53:00,723,1,307.95
13290.0,1,1,208.63,2010-09-27 16:29:00,437,1,208.63
13291.0,11,1600,3270.79,2011-07-07 10:36:00,155,11,3270.79
13292.0,5,530,994.51,2011-11-01 10:04:00,38,5,994.51
13293.0,6,555,1192.94,2010-11-12 13:28:00,391,6,1192.94
13294.0,3,996,1689.53,2011-06-03 08:54:00,189,3,1689.53
13295.0,4,733,1101.97,2010-12-15 11:21:00,359,4,1101.97
13296.0,6,653,792.51,2011-07-25 13:46:00,136,6,792.51
13297.0,7,2694,4368.62,2011-12-02 09:32:00,7,7,4368.62
13298.0,1,96,360.0,2011-12-08 13:11:00,0,1,360.0
13299.0,3,416,1218.7,2011-03-16 12:55:00,267,3,1218.7
13300.0,3,455,1285.51,2011-06-23 13:09:00,168,3,1285.51
13301.0,4,345,618.09,2011-08-28 11:25:00,103,4,618.09
13302.0,2,12,159.2,2011-07-07 17:56:00,154,2,159.2
13303.0,1,26,61.72,2010-11-04 14:55:00,399,1,61.72
13304.0,4,716,1217.99,2010-12-23 14:35:00,350,4,1217.99
13305.0,16,2228,3616.41,2011-12-05 15:15:00,3,16,3616.41
13306.0,1,74,53.65,2010-10-05 14:55:00,429,1,53.65
13307.0,3,140,273.34,2011-08-11 17:14:00,119,3,273.34
13308.0,4,1073,1670.3700000000001,2011-11-17 09:31:00,22,4,1670.3700000000001
13309.0,6,1914,1706.3700000000001,2011-12-02 16:34:00,6,6,1706.3700000000001
13310.0,5,816,1541.2,2011-11-11 17:23:00,27,5,1541.2
13311.0,2,305,598.57,2011-12-05 12:55:00,3,2,598.57
13312.0,1,41,124.75,2010-09-14 14:36:00,450,1,124.75
13313.0,12,2308,3445.32,2011-11-17 16:48:00,21,12,3445.32
13314.0,3,560,775.94,2011-12-08 12:29:00,1,3,775.94
13315.0,1,232,310.26,2010-01-19 15:34:00,688,1,310.26
13316.0,10,19931,12940.82,2011-11-02 13:40:00,36,10,12940.82
13317.0,19,3149,6486.091,2011-10-04 13:35:00,65,19,6486.091
13318.0,3,304,640.76,2011-12-08 18:51:00,0,3,640.76
13319.0,58,8974,21323.22,2011-12-04 13:34:00,4,58,21323.22
13320.0,6,1509,2211.6,2011-09-22 18:07:00,77,6,2211.6
13321.0,2,372,567.36,2011-09-28 15:24:00,71,2,567.36
13322.0,1,117,199.48000000000002,2011-11-22 14:21:00,16,1,199.48000000000002
13323.0,5,175,787.85,2011-12-06 17:12:00,2,5,787.85
13324.0,18,8448,10513.47,2011-11-03 16:28:00,35,18,10513.47
13325.0,1,240,675.3,2011-09-19 10:36:00,81,1,675.3
13326.0,1,140,281.76,2010-10-03 16:00:00,431,1,281.76
13327.0,20,4203,9134.48,2011-11-01 10:21:00,38,20,9134.48
13328.0,1,680,1308.48,2011-01-27 15:22:00,315,1,1308.48
13329.0,8,3311,4808.77,2011-11-08 10:29:00,31,8,4808.77
13330.0,6,1951,2796.1,2011-09-08 12:27:00,92,6,2796.1
13331.0,1,54,262.4,2010-11-03 08:04:00,401,1,262.4
13332.0,1,179,350.9,2011-11-25 13:30:00,13,1,350.9
13333.0,3,685,1015.74,2010-10-24 13:24:00,410,3,1015.74
13334.0,5,3198,6201.8,2011-09-18 15:21:00,81,5,6201.8
13336.0,1,559,795.12,2011-09-23 14:05:00,76,1,795.12
13337.0,1,980,1575.26,2010-06-11 13:27:00,545,1,1575.26
13338.0,4,1151,2445.62,2011-07-05 09:06:00,157,4,2445.62
13339.0,1,326,860.12,2011-05-23 08:31:00,200,1,860.12
13340.0,12,9636,22100.56,2011-10-25 13:15:00,44,12,22100.56
13341.0,1,301,775.85,2011-03-24 09:50:00,260,1,775.85
13343.0,1,135,353.43,2011-06-15 12:24:00,177,1,353.43
13344.0,3,952,2511.69,2011-10-03 09:45:00,67,3,2511.69
13345.0,1,141,389.5,2011-02-25 09:01:00,287,1,389.5
13346.0,6,180,299.4,2010-09-03 11:41:00,462,6,299.4
13347.0,1,205,341.36,2011-09-30 13:28:00,69,1,341.36
13348.0,1,136,233.76,2011-10-06 17:28:00,63,1,233.76
13349.0,1,225,247.32,2011-11-29 08:07:00,10,1,247.32
13350.0,2,287,979.12,2011-11-23 16:33:00,15,2,979.12
13351.0,1,117,373.94,2011-10-04 12:55:00,65,1,373.94
13352.0,1,321,397.97999999999996,2011-10-10 13:55:00,59,1,397.97999999999996
13354.0,1,604,743.53,2011-09-29 13:17:00,70,1,743.53
13355.0,1,314,674.7,2011-08-09 14:48:00,121,1,674.7
13356.0,1,325,768.24,2011-09-20 14:33:00,79,1,768.24
13357.0,5,2112,3805.5099999999998,2011-03-27 13:56:00,256,5,3805.5099999999998
13358.0,1,285,439.03,2011-03-16 11:52:00,268,1,439.03
13359.0,2,381,1043.31,2011-10-07 09:30:00,63,2,1043.31
13360.0,4,942,1553.65,2010-10-04 12:37:00,431,4,1553.65
13361.0,2,324,1450.5,2010-08-24 14:56:00,471,2,1450.5
13362.0,7,2481,5394.07,2011-11-30 14:41:00,8,7,5394.07
13363.0,3,1146,1723.86,2011-11-22 12:40:00,17,3,1723.86
13364.0,1,71,134.95999999999998,2011-09-29 18:13:00,70,1,134.95999999999998
13365.0,2,1247,2225.37,2011-11-06 12:36:00,33,2,2225.37
13366.0,1,144,56.160000000000004,2011-10-20 13:37:00,49,1,56.160000000000004
13367.0,1,253,510.20000000000005,2010-10-04 10:00:00,431,1,510.20000000000005
13368.0,4,606,1121.5,2011-03-28 09:59:00,256,4,1121.5
13369.0,1,149,308.28000000000003,2010-12-09 11:30:00,365,1,308.28000000000003
13370.0,1,343,754.87,2010-12-03 10:26:00,371,1,754.87
13371.0,2,1019,2297.66,2010-07-22 17:33:00,504,2,2297.66
13372.0,1,159,378.64,2011-09-11 12:46:00,89,1,378.64
13373.0,6,4263,7587.1900000000005,2011-10-10 10:51:00,60,6,7587.1900000000005
13374.0,2,135,422.8,2010-10-21 10:04:00,414,2,422.8
13375.0,2,1124,1792.23,2011-09-12 10:19:00,88,2,1792.23
13376.0,3,493,1019.76,2011-09-01 16:16:00,98,3,1019.76
13377.0,2,748,1552.88,2010-11-08 12:20:00,396,2,1552.88
13379.0,3,601,572.56,2011-11-13 13:45:00,25,3,572.56
13380.0,1,48,62.4,2010-10-03 10:18:00,432,1,62.4
13381.0,12,5125,8224.37,2011-11-08 11:58:00,31,12,8224.37
13382.0,5,863,1387.58,2011-03-04 10:03:00,280,5,1387.58
13383.0,1,288,305.28000000000003,2010-06-14 11:45:00,543,1,305.28000000000003
13384.0,11,4142,6680.83,2011-11-09 11:04:00,30,11,6680.83
13385.0,1,281,534.57,2011-01-14 09:52:00,329,1,534.57
13386.0,2,514,835.46,2010-10-21 12:52:00,413,2,835.46
13387.0,1,123,186.94,2010-10-18 14:07:00,416,1,186.94
13388.0,3,701,1185.65,2011-07-31 12:52:00,130,3,1185.65
13389.0,3,429,797.96,2011-11-28 14:01:00,10,3,797.96
13390.0,1,224,544.08,2011-09-26 08:38:00,74,1,544.08
13391.0,1,4,59.8,2011-05-20 10:50:00,203,1,59.8
13392.0,1,82,91.14,2010-01-31 13:34:00,676,1,91.14
13393.0,4,662,1131.45,2010-05-05 09:34:00,583,4,1131.45
13394.0,19,5354,6621.7,2011-12-08 11:36:00,1,19,6621.7
13395.0,3,1660,1180.23,2011-06-07 15:04:00,184,3,1180.23
13396.0,2,600,1360.99,2011-11-10 16:59:00,28,2,1360.99
13397.0,10,1336,3191.87,2011-09-28 10:56:00,72,10,3191.87
13398.0,2,341,670.34,2011-05-31 13:17:00,191,2,670.34
13399.0,3,120,275.4,2010-09-01 13:59:00,463,3,275.4
13400.0,1,284,310.83,2010-05-06 09:00:00,582,1,310.83
13402.0,4,917,1226.8500000000001,2011-08-04 15:51:00,126,4,1226.8500000000001
13403.0,3,114,229.5,2011-11-22 08:28:00,17,3,229.5
13404.0,2,111,252.49,2011-12-08 15:37:00,0,2,252.49
13405.0,6,855,1213.811,2011-09-26 17:01:00,73,6,1213.811
13406.0,2,292,568.92,2010-10-08 14:44:00,426,2,568.92
13407.0,3,1690,2244.7,2010-05-10 12:41:00,578,3,2244.7
13408.0,106,28675,50174.782,2011-12-08 09:05:00,1,106,50174.782
13410.0,9,1244,2201.96,2011-11-15 15:33:00,23,9,2201.96
13411.0,1,72,213.55,2011-08-24 13:57:00,106,1,213.55
13412.0,1,176,487.34999999999997,2010-03-29 16:28:00,619,1,487.34999999999997
13413.0,6,455,429.44,2010-03-10 12:17:00,639,6,429.44
13414.0,6,2702,2494.14,2011-07-29 11:45:00,133,6,2494.14
13415.0,4,496,784.17,2010-08-24 11:38:00,472,4,784.17
13416.0,3,208,940.8000000000001,2011-10-27 08:56:00,43,3,940.8000000000001
13417.0,6,532,1669.49,2011-12-05 08:49:00,4,6,1669.49
13418.0,31,7354,11559.66,2011-11-28 10:23:00,11,31,11559.66
13419.0,1,275,221.06,2011-10-07 12:49:00,63,1,221.06
13420.0,2,101,159.85,2011-07-13 08:48:00,149,2,159.85
13421.0,8,2351,4058.75,2011-10-30 14:21:00,39,8,4058.75
13422.0,1,1326,2626.3,2011-10-06 13:42:00,63,1,2626.3
13423.0,1,141,217.03,2010-10-07 09:02:00,428,1,217.03
13424.0,1,529,572.77,2010-09-16 10:49:00,449,1,572.77
13425.0,5,2358,3390.4300000000003,2011-08-23 17:13:00,107,5,3390.4300000000003
13426.0,22,4868,8167.38,2011-12-09 08:59:00,0,22,8167.38
13427.0,6,880,1006.53,2011-11-20 13:02:00,18,6,1006.53
13428.0,3,356,478.54,2011-11-29 14:20:00,9,3,478.54
13429.0,4,1390,1006.8,2011-11-29 09:10:00,10,4,1006.8
13430.0,2,751,679.45,2011-11-21 08:19:00,18,2,679.45
13431.0,8,1570,3316.24,2011-10-03 13:49:00,66,8,3316.24
13432.0,2,217,439.1,2010-05-17 13:18:00,570,2,439.1
13433.0,4,190,658.3199999999999,2010-07-26 16:55:00,500,4,658.3199999999999
13434.0,5,864,1666.8600000000001,2011-09-26 14:30:00,73,5,1666.8600000000001
13435.0,9,2754,4447.33,2011-12-04 14:45:00,4,9,4447.33
13436.0,1,76,196.89,2011-12-08 10:33:00,1,1,196.89
13437.0,7,1283,3408.06,2011-11-25 14:00:00,13,7,3408.06
13438.0,1,10,46.5,2010-06-10 18:46:00,546,1,46.5
13439.0,3,952,986.61,2011-03-29 14:20:00,254,3,986.61
13440.0,7,573,1295.25,2010-10-12 13:11:00,422,7,1295.25
13441.0,2,520,720.9,2011-09-09 09:38:00,91,2,720.9
13442.0,3,115,419.87,2010-02-10 14:03:00,666,3,419.87
13443.0,6,805,1273.16,2010-09-17 12:31:00,448,6,1273.16
13444.0,2,331,619.08,2010-11-30 13:02:00,373,2,619.08
13445.0,1,198,241.89999999999998,2010-03-23 15:34:00,625,1,241.89999999999998
13446.0,11,2403,3881.89,2010-10-05 18:51:00,429,11,3881.89
13447.0,3,584,1129.14,2011-11-16 13:38:00,22,3,1129.14
13448.0,13,4195,8745.93,2011-11-23 12:33:00,16,13,8745.93
13449.0,1,222,291.88,2011-11-16 08:28:00,23,1,291.88
13450.0,13,4318,4120.04,2011-11-13 11:54:00,26,13,4120.04
13451.0,11,5229,7090.06,2011-11-13 15:58:00,25,11,7090.06
13452.0,3,6,729.8,2011-03-25 14:19:00,258,3,729.8
13453.0,3,341,781.6899999999999,2011-06-27 09:34:00,165,3,781.6899999999999
13454.0,1,198,219.87,2010-03-08 14:40:00,640,1,219.87
13455.0,6,795,2212.9900000000002,2011-11-15 11:21:00,24,6,2212.9900000000002
13456.0,6,765,1766.72,2011-11-22 09:18:00,17,6,1766.72
13457.0,2,96,148.22,2010-01-20 08:48:00,688,2,148.22
13458.0,16,6760,11959.27,2011-12-02 15:29:00,6,16,11959.27
13459.0,2,986,1160.4099999999999,2010-03-25 10:24:00,624,2,1160.4099999999999
13460.0,2,286,183.44,2011-11-10 17:17:00,28,2,183.44
13461.0,6,3132,4160.0,2011-11-01 09:01:00,38,6,4160.0
13462.0,5,697,1153.85,2011-04-01 11:20:00,252,5,1153.85
13464.0,6,1440,3097.64,2011-10-12 15:01:00,57,6,3097.64
13465.0,2,584,931.12,2010-09-19 15:13:00,445,2,931.12
13466.0,5,660,1013.35,2011-06-08 16:39:00,183,5,1013.35
13467.0,2,580,1071.91,2011-11-29 10:01:00,10,2,1071.91
13468.0,72,5617,12793.28,2011-12-08 10:39:00,1,72,12793.28
13469.0,1,52,82.4,2010-02-24 15:03:00,652,1,82.4
13470.0,2,100,165.0,2011-09-01 14:57:00,98,2,165.0
13471.0,4,1583,2501.84,2011-12-08 15:44:00,0,4,2501.84
13472.0,2,310,592.24,2010-09-02 09:41:00,463,2,592.24
13473.0,8,1000,2657.7599999999998,2011-10-10 11:20:00,60,8,2657.7599999999998
13474.0,3,318,646.59,2011-04-17 13:53:00,235,3,646.59
13475.0,4,1012,1431.78,2011-06-01 13:52:00,190,4,1431.78
13476.0,5,713,2061.4700000000003,2011-06-14 12:00:00,178,5,2061.4700000000003
13477.0,11,2091,2819.17,2011-11-02 12:04:00,37,11,2819.17
13478.0,5,1189,2215.78,2010-08-27 13:23:00,468,5,2215.78
13479.0,4,716,851.37,2011-05-23 10:45:00,200,4,851.37
13480.0,2,362,627.82,2010-10-19 11:53:00,416,2,627.82
13481.0,11,2055,3830.84,2011-10-25 09:07:00,45,11,3830.84
13482.0,2,187,336.09,2011-04-21 17:03:00,231,2,336.09
13483.0,1,160,140.34,2011-10-05 11:53:00,65,1,140.34
13484.0,3,224,790.72,2011-04-12 16:30:00,240,3,790.72
13485.0,11,1798,3019.2200000000003,2011-04-20 13:58:00,232,11,3019.2200000000003
13486.0,3,669,1122.41,2011-09-22 13:13:00,77,3,1122.41
13487.0,5,362,846.87,2011-10-13 12:07:00,57,5,846.87
13488.0,23,7375,14205.96,2011-11-22 14:41:00,16,23,14205.96
13489.0,4,560,449.52,2011-08-26 13:16:00,104,4,449.52
13490.0,1,25,154.25,2010-02-23 14:48:00,653,1,154.25
13491.0,27,2349,4467.66,2011-10-19 08:32:00,51,27,4467.66
13492.0,3,408,1269.84,2011-07-26 14:25:00,135,3,1269.84
13493.0,2,380,618.63,2011-03-09 15:35:00,274,2,618.63
13494.0,1,162,316.26000000000005,2011-02-01 11:58:00,311,1,316.26000000000005
13495.0,10,2465,4863.31,2011-12-02 11:21:00,7,10,4863.31
13496.0,2,341,653.33,2011-11-29 10:58:00,10,2,653.33
13497.0,6,525,1166.83,2011-03-02 09:04:00,282,6,1166.83
13498.0,1,362,327.38,2009-12-09 15:26:00,729,1,327.38
13499.0,5,1365,1159.11,2011-11-22 11:21:00,17,5,1159.11
13500.0,4,838,1466.3,2011-11-16 15:35:00,22,4,1466.3
13501.0,3,1253,2885.11,2011-02-24 18:59:00,287,3,2885.11
13502.0,5,490,780.5,2011-11-23 10:39:00,16,5,780.5
13503.0,6,1105,1859.24,2011-09-29 13:23:00,70,6,1859.24
13504.0,1,178,295.93,2011-10-06 13:20:00,63,1,295.93
13505.0,4,2486,4393.63,2011-09-28 11:56:00,72,4,4393.63
13506.0,5,942,1338.08,2011-01-27 13:53:00,315,5,1338.08
13507.0,4,1597,2479.16,2011-12-06 13:13:00,2,4,2479.16
13508.0,2,180,287.05,2011-04-10 11:58:00,243,2,287.05
13509.0,8,1214,1114.72,2011-12-01 10:10:00,8,8,1114.72
13510.0,11,3044,4558.29,2011-12-08 13:46:00,0,11,4558.29
13511.0,1,60,282.76,2010-02-01 12:10:00,676,1,282.76
13512.0,4,419,713.39,2011-03-24 10:03:00,260,4,713.39
13513.0,3,364,824.59,2011-08-05 11:50:00,126,3,824.59
13514.0,4,288,815.9000000000001,2011-09-27 09:39:00,73,4,815.9000000000001
13515.0,6,819,1265.82,2011-09-28 11:26:00,72,6,1265.82
13516.0,4,1114,1685.26,2011-11-18 13:15:00,20,4,1685.26
13517.0,3,1369,2128.42,2011-10-11 11:43:00,59,3,2128.42
13518.0,1,382,627.16,2011-09-15 10:29:00,85,1,627.16
13519.0,2,133,343.21,2011-09-22 18:24:00,77,2,343.21
13520.0,11,3179,6606.0,2011-10-12 10:20:00,58,11,6606.0
13521.0,3,718,1071.73,2011-12-08 13:50:00,0,3,1071.73
13522.0,1,44,125.80000000000001,2011-11-09 15:11:00,29,1,125.80000000000001
13523.0,6,1989,4534.57,2011-11-06 15:11:00,32,6,4534.57
13524.0,5,324,680.1800000000001,2011-10-30 12:34:00,40,5,680.1800000000001
13525.0,2,394,628.78,2011-11-25 12:01:00,14,2,628.78
13526.0,2,1911,1182.0,2009-12-01 13:13:00,737,2,1182.0
13527.0,12,2736,4541.29,2011-11-06 12:04:00,33,12,4541.29
13529.0,2,74,307.76,2011-09-22 09:15:00,78,2,307.76
13530.0,1,272,402.97999999999996,2010-03-15 14:10:00,633,1,402.97999999999996
13531.0,6,497,1433.07,2011-05-18 16:56:00,204,6,1433.07
13532.0,1,129,210.31,2011-11-06 12:25:00,33,1,210.31
13533.0,3,202,269.09,2011-06-10 11:54:00,182,3,269.09
13534.0,35,3869,7720.9,2011-12-07 14:52:00,1,35,7720.9
13535.0,1,10,89.5,2010-11-02 11:49:00,402,1,89.5
13536.0,7,2126,3444.39,2011-12-08 16:38:00,0,7,3444.39
13537.0,2,337,717.85,2010-10-10 12:45:00,425,2,717.85
13538.0,12,959,3103.13,2011-10-27 16:34:00,42,12,3103.13
13539.0,7,710,1569.3600000000001,2011-09-15 10:18:00,85,7,1569.3600000000001
13540.0,3,189,632.39,2010-08-29 14:20:00,466,3,632.39
13541.0,2,279,785.25,2010-10-08 16:37:00,426,2,785.25
13542.0,17,804,3959.4900000000002,2010-11-28 11:24:00,376,17,3959.4900000000002
13543.0,2,329,1439.6100000000001,2010-03-15 13:34:00,633,2,1439.6100000000001
13544.0,6,331,790.2,2011-10-31 11:57:00,39,6,790.2
13545.0,2,252,364.93,2010-11-14 11:27:00,390,2,364.93
13546.0,5,587,1086.24,2011-11-27 14:50:00,11,5,1086.24
13547.0,1,79,167.08,2010-10-27 14:14:00,407,1,167.08
13548.0,3,558,901.44,2011-09-04 14:50:00,95,3,901.44
13549.0,8,554,1005.8,2011-11-14 09:20:00,25,8,1005.8
13550.0,1,430,342.55,2010-11-21 15:24:00,382,1,342.55
13551.0,2,36,244.2,2011-01-24 14:46:00,318,2,244.2
13552.0,22,2630,6948.92,2011-10-04 15:19:00,65,22,6948.92
13553.0,1,201,499.6,2010-02-03 12:21:00,674,1,499.6
13554.0,7,578,1629.35,2010-11-24 15:05:00,379,7,1629.35
13555.0,13,4762,8891.84,2011-09-27 12:36:00,73,13,8891.84
13556.0,2,134,200.82,2010-10-06 16:44:00,428,2,200.82
13557.0,13,2398,3032.26,2011-11-11 15:24:00,27,13,3032.26
13558.0,4,338,594.52,2011-12-04 11:24:00,5,4,594.52
13559.0,2,360,990.0,2010-07-15 09:52:00,512,2,990.0
13560.0,1,63,171.42000000000002,2011-12-02 13:11:00,6,1,171.42000000000002
13561.0,11,1125,1803.4,2011-05-08 12:39:00,215,11,1803.4
13562.0,8,1603,4838.18,2011-09-19 10:51:00,81,8,4838.18
13563.0,2,209,777.53,2011-09-16 14:45:00,83,2,777.53
13564.0,37,8878,16498.97,2011-07-18 14:33:00,143,37,16498.97
13565.0,3,260,414.8,2011-11-20 14:33:00,18,3,414.8
13566.0,5,1257,1688.6,2011-10-30 11:59:00,40,5,1688.6
13567.0,4,643,1079.29,2010-10-07 12:51:00,427,4,1079.29
13568.0,1,66,187.05,2011-06-19 14:42:00,172,1,187.05
13569.0,4,345,726.54,2011-11-22 13:07:00,16,4,726.54
13570.0,1,161,239.49,2011-04-10 13:36:00,242,1,239.49
13571.0,26,3191,4537.26,2011-11-27 10:47:00,12,26,4537.26
13572.0,1,534,1384.25,2011-05-18 11:59:00,205,1,1384.25
13573.0,6,647,904.52,2011-10-20 14:33:00,49,6,904.52
13574.0,1,304,404.45,2010-10-24 13:28:00,410,1,404.45
13575.0,5,449,732.0699999999999,2011-11-16 13:14:00,22,5,732.0699999999999
13576.0,28,4506,11202.59,2011-11-29 15:34:00,9,28,11202.59
13577.0,11,1661,3489.28,2011-11-14 15:19:00,24,11,3489.28
13578.0,1,127,147.66,2010-10-26 13:44:00,408,1,147.66
13579.0,5,718,1374.34,2011-11-25 08:41:00,14,5,1374.34
13580.0,1,45,107.75,2010-10-29 15:01:00,405,1,107.75
13581.0,2,119,280.53000000000003,2011-02-03 14:41:00,308,2,280.53000000000003
13582.0,2,106,241.68,2010-11-15 11:34:00,389,2,241.68
13583.0,2,1097,1445.031,2011-07-07 10:40:00,155,2,1445.031
13584.0,3,360,385.7,2011-02-06 12:49:00,306,3,385.7
13585.0,3,1386,684.54,2010-06-27 12:33:00,530,3,684.54
13586.0,1,38,127.28,2010-06-16 13:47:00,540,1,127.28
13587.0,4,664,1673.5,2011-10-07 12:31:00,63,4,1673.5
13588.0,9,2606,2478.95,2011-11-24 10:42:00,15,9,2478.95
13589.0,6,293,1120.74,2011-11-25 12:10:00,14,6,1120.74
13590.0,18,5271,6336.04,2011-11-28 12:54:00,10,18,6336.04
13591.0,7,850,2093.94,2011-10-06 12:26:00,64,7,2093.94
13592.0,4,84,247.95999999999998,2011-11-04 09:49:00,35,4,247.95999999999998
13593.0,14,2170,5493.29,2011-08-23 13:35:00,107,14,5493.29
13594.0,2,396,533.32,2011-10-18 10:19:00,52,2,533.32
13595.0,3,341,784.48,2010-07-11 12:36:00,516,3,784.48
13596.0,2,384,664.11,2011-12-04 12:01:00,5,2,664.11
13597.0,2,231,396.71,2010-11-04 14:54:00,399,2,396.71
13598.0,5,393,761.96,2011-10-23 14:28:00,46,5,761.96
13599.0,33,6248,9811.04,2011-12-08 16:10:00,0,33,9811.04
13600.0,2,599,518.42,2011-01-31 15:27:00,311,2,518.42
13601.0,4,957,1159.99,2011-10-25 17:31:00,44,4,1159.99
13602.0,4,538,1025.17,2011-10-06 11:47:00,64,4,1025.17
13603.0,1,164,164.34,2011-11-13 15:57:00,25,1,164.34
13604.0,1,242,717.62,2010-02-19 12:02:00,658,1,717.62
13605.0,2,425,522.67,2010-11-17 17:16:00,386,2,522.67
13606.0,3,276,276.75,2011-11-10 17:46:00,28,3,276.75
13607.0,2,466,1075.81,2011-10-30 16:17:00,39,2,1075.81
13608.0,1,110,232.05,2010-06-17 12:28:00,540,1,232.05
13609.0,1,19,167.35,2010-04-25 13:26:00,592,1,167.35
13610.0,14,869,2103.71,2011-11-27 15:38:00,11,14,2103.71
13611.0,10,1988,3297.9300000000003,2011-09-11 14:51:00,88,10,3297.9300000000003
13612.0,1,444,818.29,2010-03-17 12:14:00,632,1,818.29
13613.0,5,445,1039.8500000000001,2010-09-13 12:01:00,452,5,1039.8500000000001
13614.0,6,821,2332.74,2011-11-15 14:47:00,23,6,2332.74
13615.0,8,2910,6272.53,2011-01-25 08:21:00,318,8,6272.53
13616.0,2,172,283.85,2010-05-20 12:59:00,567,2,283.85
13617.0,8,593,1278.75,2011-10-30 13:50:00,39,8,1278.75
13618.0,1,246,177.34,2011-06-19 11:09:00,173,1,177.34
13619.0,2,79,224.94,2010-06-13 11:39:00,544,2,224.94
13620.0,1,74,112.34,2010-06-29 15:02:00,527,1,112.34
13621.0,1,343,213.85,2011-08-15 08:26:00,116,1,213.85
13622.0,1,379,658.95,2010-01-12 13:22:00,695,1,658.95
13623.0,10,1010,2533.06,2011-11-09 12:00:00,30,10,2533.06
13624.0,1,820,462.08,2010-11-16 13:43:00,387,1,462.08
13625.0,1,144,301.26,2010-04-22 10:50:00,596,1,301.26
13626.0,2,398,707.04,2011-04-01 10:05:00,252,2,707.04
13627.0,7,1632,2245.9,2011-10-11 14:20:00,58,7,2245.9
13628.0,1,106,310.14,2010-02-01 14:44:00,675,1,310.14
13629.0,19,7722,13370.86,2011-11-16 13:21:00,22,19,13370.86
13630.0,7,1391,2031.78,2011-12-04 15:16:00,4,7,2031.78
13631.0,11,467,3070.42,2011-09-01 09:57:00,99,11,3070.42
13632.0,8,1633,3645.81,2011-11-15 10:51:00,24,8,3645.81
13634.0,16,2090,5033.77,2011-11-06 13:40:00,32,16,5033.77
13635.0,4,1884,2999.16,2011-10-03 10:55:00,67,4,2999.16
13636.0,5,592,949.12,2011-11-03 10:30:00,36,5,949.12
13637.0,3,405,804.3,2011-10-18 13:32:00,51,3,804.3
13638.0,1,93,122.64,2011-11-24 10:38:00,15,1,122.64
13639.0,2,997,1346.27,2011-09-26 13:36:00,73,2,1346.27
13640.0,1,108,405.0,2010-04-07 15:33:00,610,1,405.0
13641.0,5,1098,1016.47,2010-03-09 07:37:00,640,5,1016.47
13642.0,4,231,472.2,2011-05-08 12:34:00,215,4,472.2
13643.0,10,902,2156.77,2011-11-08 15:37:00,30,10,2156.77
13644.0,4,2067,2624.26,2011-11-23 14:07:00,15,4,2624.26
13645.0,1,158,252.1,2011-08-11 16:11:00,119,1,252.1
13646.0,2,79,326.25,2010-11-05 12:13:00,399,2,326.25
13647.0,8,1795,3041.68,2011-11-30 12:00:00,9,8,3041.68
13648.0,8,960,1764.02,2010-11-04 14:46:00,399,8,1764.02
13649.0,6,782,1453.68,2011-03-28 11:51:00,256,6,1453.68
13650.0,10,1746,3288.0,2011-11-23 12:22:00,16,10,3288.0
13651.0,3,62,226.85,2011-11-04 14:59:00,34,3,226.85
13652.0,5,1458,2262.05,2011-10-25 08:51:00,45,5,2262.05
13653.0,1,72,152.2,2010-08-09 08:19:00,487,1,152.2
13654.0,11,4762,6308.0,2011-10-27 16:24:00,42,11,6308.0
13655.0,6,1225,2280.51,2011-08-17 14:25:00,113,6,2280.51
13656.0,4,862,1078.85,2011-06-28 10:31:00,164,4,1078.85
13657.0,2,209,382.14,2011-11-29 12:32:00,10,2,382.14
13658.0,9,2171,6025.5,2011-11-30 10:13:00,9,9,6025.5
13659.0,12,2527,4884.68,2011-05-18 12:37:00,205,12,4884.68
13660.0,1,136,306.64,2010-11-04 16:10:00,399,1,306.64
13661.0,1,118,325.24,2010-04-15 14:58:00,602,1,325.24
13662.0,11,1169,2233.61,2011-09-15 12:04:00,85,11,2233.61
13663.0,5,893,2047.51,2011-06-13 15:44:00,178,5,2047.51
13665.0,3,1652,1711.6599999999999,2010-11-18 13:06:00,385,3,1711.6599999999999
13666.0,5,54,127.89999999999999,2011-10-10 15:39:00,59,5,127.89999999999999
13667.0,1,149,299.05,2011-07-13 15:42:00,148,1,299.05
13668.0,35,6096,12948.48,2011-12-07 12:11:00,2,35,12948.48
13669.0,3,393,413.55,2011-10-20 09:32:00,50,3,413.55
13670.0,1,282,349.7,2011-09-25 15:25:00,74,1,349.7
13671.0,1,95,172.6,2010-11-10 10:50:00,394,1,172.6
13672.0,3,138,419.92,2011-02-11 13:53:00,300,3,419.92
13673.0,2,114,387.44,2011-11-21 12:11:00,18,2,387.44
13674.0,1,102,240.68,2010-10-03 10:41:00,432,1,240.68
13675.0,2,330,486.82000000000005,2011-07-11 12:57:00,150,2,486.82000000000005
13676.0,2,104,243.9,2010-06-18 17:30:00,538,2,243.9
13677.0,2,217,551.24,2010-10-31 11:32:00,404,2,551.24
13678.0,1,924,232.6,2011-07-11 10:14:00,151,1,232.6
13679.0,3,102,281.26,2010-08-03 12:13:00,493,3,281.26
13680.0,12,5244,11419.67,2011-12-08 13:47:00,0,12,11419.67
13681.0,4,360,827.83,2011-11-22 11:13:00,17,4,827.83
13682.0,1,10,59.5,2011-06-05 14:06:00,186,1,59.5
13683.0,1,180,258.6,2010-09-08 10:00:00,457,1,258.6
13684.0,4,234,594.88,2011-02-27 10:13:00,285,4,594.88
13685.0,7,5056,3119.44,2011-12-07 11:41:00,2,7,3119.44
13686.0,3,378,409.04,2011-06-10 09:10:00,182,3,409.04
13687.0,1,87167,11880.84,2010-09-27 16:30:00,437,1,11880.84
13688.0,1,130,375.5,2010-03-14 14:11:00,634,1,375.5
13689.0,2,722,1259.5,2011-10-07 13:21:00,62,2,1259.5
13690.0,1,67,172.25,2011-10-11 15:03:00,58,1,172.25
13691.0,1,145,212.78,2010-11-08 17:34:00,395,1,212.78
13692.0,5,2101,3114.4,2011-11-15 11:17:00,24,5,3114.4
13693.0,9,880,2011.82,2010-11-30 18:21:00,373,9,2011.82
13694.0,143,188201,195640.69,2011-12-06 09:32:00,3,143,195640.69
13695.0,16,1791,2770.73,2011-11-08 14:26:00,30,16,2770.73
13696.0,3,552,2020.4,2010-10-14 09:44:00,421,3,2020.4
13697.0,1,177,151.29999999999998,2011-11-01 09:14:00,38,1,151.29999999999998
13698.0,2,227,451.73,2010-04-22 11:52:00,596,2,451.73
13699.0,2,219,764.15,2011-07-07 16:51:00,154,2,764.15
13700.0,13,2786,2596.9700000000003,2011-11-13 13:00:00,25,13,2596.9700000000003
13701.0,1,80,161.0,2010-09-19 12:39:00,446,1,161.0
13702.0,1,74,135.18,2010-09-20 11:40:00,445,1,135.18
13703.0,2,128,425.56,2011-01-25 13:10:00,317,2,425.56
13704.0,9,1531,2308.06,2011-12-04 15:13:00,4,9,2308.06
13705.0,7,906,1717.19,2011-12-02 12:32:00,7,7,1717.19
13706.0,2,301,631.17,2011-02-10 09:21:00,302,2,631.17
13707.0,5,2210,3365.86,2011-03-17 18:03:00,266,5,3365.86
13708.0,1,301,285.33,2011-03-13 13:46:00,270,1,285.33
13709.0,18,4122,7571.35,2011-12-06 10:28:00,3,18,7571.35
13710.0,3,336,509.52,2011-11-08 08:16:00,31,3,509.52
13711.0,9,819,1792.26,2011-05-05 10:31:00,218,9,1792.26
13712.0,2,1128,766.42,2011-04-07 12:33:00,246,2,766.42
13713.0,3,284,740.76,2010-10-27 16:18:00,407,3,740.76
13714.0,1,50,161.35,2010-08-31 13:57:00,464,1,161.35
13715.0,17,4800,8153.04,2011-03-03 19:21:00,280,17,8153.04
13716.0,1,138,138.28,2011-03-15 13:49:00,268,1,138.28
13717.0,8,2144,1763.3,2011-11-07 14:13:00,31,8,1763.3
13718.0,2,173,306.55,2011-04-07 13:24:00,245,2,306.55
13719.0,11,1588,2783.08,2011-11-24 15:26:00,14,11,2783.08
13720.0,4,501,799.9,2011-08-15 12:46:00,116,4,799.9
13721.0,2,512,741.54,2011-11-03 14:05:00,35,2,741.54
13722.0,10,3059,5635.41,2011-07-31 12:44:00,131,10,5635.41
13723.0,6,593,1194.08,2011-05-06 17:04:00,216,6,1194.08
13724.0,1,130,213.01,2010-03-12 15:28:00,636,1,213.01
13725.0,8,806,1980.56,2011-10-21 10:03:00,49,8,1980.56
13726.0,2,1054,1079.6599999999999,2011-11-01 10:49:00,38,2,1079.6599999999999
13727.0,8,368,1074.15,2011-11-11 09:46:00,28,8,1074.15
13728.0,16,1269,2855.17,2011-11-03 10:49:00,36,16,2855.17
13729.0,3,419,724.73,2010-09-30 10:44:00,435,3,724.73
13730.0,2,488,752.6,2011-07-27 08:35:00,135,2,752.6
13731.0,2,278,610.59,2011-05-04 14:33:00,218,2,610.59
13732.0,1,498,491.86,2011-11-11 15:49:00,27,1,491.86
13733.0,2,335,487.03000000000003,2010-10-25 12:18:00,410,2,487.03000000000003
13734.0,4,302,6695.6900000000005,2010-07-19 12:04:00,508,4,6695.6900000000005
13735.0,13,4135,9762.77,2011-11-15 11:14:00,24,13,9762.77
13736.0,7,1549,2752.47,2011-12-04 15:19:00,4,7,2752.47
13737.0,1,125,339.59999999999997,2011-05-23 16:32:00,199,1,339.59999999999997
13738.0,1,237,434.78000000000003,2010-11-08 15:23:00,395,1,434.78000000000003
13739.0,2,76,292.2,2011-11-21 13:35:00,17,2,292.2
13740.0,5,987,1582.77,2011-04-13 10:32:00,240,5,1582.77
13741.0,3,218,668.4300000000001,2011-09-29 09:19:00,71,3,668.4300000000001
13742.0,12,1115,3107.87,2011-11-23 11:07:00,16,12,3107.87
13743.0,7,1776,1341.6,2011-12-07 10:09:00,2,7,1341.6
13744.0,2,1153,1080.52,2011-09-05 15:19:00,94,2,1080.52
13745.0,2,1146,777.36,2011-06-30 16:43:00,161,2,777.36
13746.0,1,83,176.69,2010-10-22 11:55:00,413,1,176.69
13747.0,2,60,169.79999999999998,2010-12-01 10:37:00,373,2,169.79999999999998
13748.0,9,1028,2064.35,2011-09-05 09:45:00,95,9,2064.35
13750.0,11,1370,3602.1800000000003,2011-10-17 12:16:00,53,11,3602.1800000000003
13751.0,1,152,296.25,2011-02-24 15:56:00,287,1,296.25
13752.0,7,1005,1579.8300000000002,2011-08-07 14:16:00,123,7,1579.8300000000002
13753.0,4,1450,2094.57,2011-02-25 12:48:00,287,4,2094.57
13754.0,3,315,447.05,2011-07-11 11:51:00,151,3,447.05
13755.0,9,1242,2108.06,2011-12-06 12:26:00,3,9,2108.06
13756.0,23,5138,8655.95,2011-12-07 16:44:00,1,23,8655.95
13757.0,1,54,195.55,2010-02-03 12:37:00,674,1,195.55
13758.0,15,4667,8698.13,2011-11-28 11:11:00,11,15,8698.13
13759.0,2,287,659.4100000000001,2011-11-06 14:47:00,32,2,659.4100000000001
13760.0,5,623,1363.6399999999999,2011-10-16 16:13:00,53,5,1363.6399999999999
13761.0,6,1079,1952.17,2011-10-20 14:01:00,49,6,1952.17
13762.0,5,2608,2472.48,2011-05-05 09:15:00,218,5,2472.48
13763.0,3,3224,5217.4400000000005,2011-10-07 15:13:00,62,3,5217.4400000000005
13764.0,6,2084,2919.62,2011-09-30 12:03:00,70,6,2919.62
13765.0,1,297,352.821,2010-02-24 13:46:00,652,1,352.821
13766.0,1,137,190.35,2010-08-01 14:25:00,494,1,190.35
13767.0,73,14595,33903.57,2011-12-07 15:00:00,1,73,33903.57
13768.0,2,373,875.97,2009-12-13 10:41:00,726,2,875.97
13769.0,20,2452,5478.12,2011-12-07 15:08:00,1,20,5478.12
13770.0,4,468,785.37,2010-10-13 15:10:00,421,4,785.37
13771.0,9,3140,5728.82,2011-10-06 14:18:00,63,9,5728.82
13772.0,8,1446,3100.02,2011-11-06 11:43:00,33,8,3100.02
13773.0,2,174,301.54,2010-11-08 11:49:00,396,2,301.54
13774.0,1,192,345.0,2011-09-19 12:06:00,81,1,345.0
13775.0,1,455,1049.66,2010-04-28 12:15:00,590,1,1049.66
13776.0,2,2,623.98,2010-10-07 16:11:00,427,2,623.98
13777.0,61,23190,49638.26,2011-12-09 12:25:00,0,61,49638.26
13778.0,4,511,1124.49,2011-08-28 15:25:00,102,4,1124.49
13779.0,1,53,161.13,2010-07-12 11:24:00,515,1,161.13
13780.0,3,479,732.07,2011-12-02 13:49:00,6,3,732.07
13781.0,3,300,778.83,2011-04-03 12:08:00,250,3,778.83
13782.0,13,643,1786.08,2011-11-27 11:54:00,12,13,1786.08
13783.0,4,3437,1542.09,2010-08-09 09:23:00,487,4,1542.09
13784.0,14,2827,2910.23,2011-11-30 09:33:00,9,14,2910.23
13785.0,4,151,542.49,2010-10-07 09:25:00,428,4,542.49
13786.0,6,1515,3127.99,2010-12-07 13:53:00,366,6,3127.99
13787.0,6,998,1222.5,2011-09-25 12:06:00,75,6,1222.5
13788.0,1,1,3.75,2010-07-22 15:50:00,504,1,3.75
13789.0,1,258,239.45999999999998,2010-11-16 15:31:00,387,1,239.45999999999998
13790.0,1,748,348.8,2011-12-05 15:48:00,3,1,348.8
13791.0,2,1200,1516.0,2011-08-04 11:44:00,127,2,1516.0
13792.0,3,156,383.95,2011-10-04 14:31:00,65,3,383.95
13793.0,1,52,96.0,2010-03-03 08:25:00,646,1,96.0
13794.0,1,63,126.03,2010-06-11 12:30:00,546,1,126.03
13795.0,4,1250,836.3,2010-11-16 17:25:00,387,4,836.3
13796.0,1,218,289.7,2010-07-28 14:45:00,498,1,289.7
13797.0,3,573,1179.45,2010-09-29 10:34:00,436,3,1179.45
13798.0,110,48187,75428.87,2011-12-08 15:51:00,0,110,75428.87
13799.0,9,1539,2803.57,2011-08-15 12:07:00,116,9,2803.57
13800.0,3,891,1679.56,2011-02-03 12:27:00,309,3,1679.56
13801.0,1,168,324.8,2011-10-04 10:15:00,66,1,324.8
13802.0,19,14129,26259.11,2011-07-24 10:54:00,138,19,26259.11
13803.0,3,831,1338.91,2011-03-29 12:57:00,254,3,1338.91
13804.0,9,1797,3161.12,2011-11-09 12:32:00,30,9,3161.12
13805.0,2,1900,924.6,2011-10-18 14:50:00,51,2,924.6
13806.0,1,56,256.38,2011-10-07 11:43:00,63,1,256.38
13807.0,3,116,422.2,2010-12-07 15:48:00,366,3,422.2
13808.0,5,782,1747.66,2011-12-04 12:18:00,5,5,1747.66
13809.0,3,281,679.7,2011-02-07 13:15:00,304,3,679.7
13810.0,3,312,1499.01,2011-11-11 08:33:00,28,3,1499.01
13811.0,3,68,814.5,2011-06-09 09:54:00,183,3,814.5
13812.0,3,333,539.0,2011-10-28 14:27:00,41,3,539.0
13813.0,8,1292,2765.47,2011-10-31 10:38:00,39,8,2765.47
13814.0,3,1214,2257.32,2011-09-08 13:48:00,91,3,2257.32
13815.0,8,5381,7475.74,2011-11-17 14:19:00,21,8,7475.74
13816.0,2,269,571.6700000000001,2011-11-16 08:38:00,23,2,571.6700000000001
13817.0,2,211,382.98,2011-11-10 17:49:00,28,2,382.98
13818.0,1,60,61.28,2010-10-06 12:35:00,429,1,61.28
13819.0,6,2309,2642.35,2011-02-11 10:38:00,301,6,2642.35
13820.0,3,285,652.75,2010-10-17 13:46:00,417,3,652.75
13821.0,6,477,1379.08,2011-07-18 09:49:00,144,6,1379.08
13822.0,2,611,632.0,2011-12-04 12:13:00,5,2,632.0
13823.0,7,1564,3403.4500000000003,2011-11-21 10:22:00,18,7,3403.4500000000003
13824.0,12,1442,3314.76,2011-11-07 12:41:00,32,12,3314.76
13825.0,2,182,255.59,2010-03-28 11:02:00,621,2,255.59
13826.0,1,82,189.5,2011-06-16 13:48:00,175,1,189.5
13827.0,3,138,409.8,2011-10-13 12:38:00,57,3,409.8
13828.0,1,311,209.49,2011-11-17 16:02:00,21,1,209.49
13829.0,1,12,102.0,2010-10-14 18:19:00,420,1,102.0
13830.0,1,47,156.85000000000002,2010-05-07 12:24:00,581,1,156.85000000000002
13831.0,18,2393,6585.54,2011-11-23 15:41:00,15,18,6585.54
13832.0,2,420,609.89,2011-11-20 15:36:00,18,2,609.89
13833.0,2,243,700.41,2011-07-03 13:27:00,158,2,700.41
13834.0,2,221,324.19,2010-05-12 10:27:00,576,2,324.19
13835.0,7,520,1095.27,2011-11-14 15:37:00,24,7,1095.27
13836.0,2,273,620.37,2010-11-05 13:31:00,398,2,620.37
13837.0,2,182,266.59000000000003,2011-05-12 12:10:00,211,2,266.59000000000003
13838.0,10,694,1690.07,2011-12-04 11:00:00,5,10,1690.07
13839.0,1,25,139.95000000000002,2010-08-10 13:52:00,485,1,139.95000000000002
13840.0,1,358,651.4,2010-10-19 13:34:00,415,1,651.4
13841.0,1,100,85.0,2011-04-01 12:10:00,252,1,85.0
13842.0,18,2716,5319.34,2011-10-12 10:51:00,58,18,5319.34
13843.0,1,145,319.75,2010-11-23 17:48:00,380,1,319.75
13844.0,1,196,361.62,2011-11-28 13:21:00,10,1,361.62
13845.0,1,182,312.98,2011-10-06 08:25:00,64,1,312.98
13846.0,4,705,1307.79,2011-11-15 12:07:00,24,4,1307.79
13847.0,1,96,310.72,2009-12-20 10:41:00,719,1,310.72
13848.0,8,9200,3015.0,2011-09-08 12:58:00,91,8,3015.0
13849.0,5,1883,3469.3,2011-10-19 10:59:00,51,5,3469.3
13850.0,1,944,1595.48,2011-08-02 14:04:00,128,1,1595.48
13851.0,8,2525,4606.46,2011-09-05 12:36:00,95,8,4606.46
13852.0,1,85,187.35000000000002,2010-04-08 09:06:00,610,1,187.35000000000002
13853.0,1,312,1090.14,2011-10-13 14:18:00,56,1,1090.14
13854.0,39,3642,11944.56,2011-12-01 09:06:00,8,39,11944.56
13855.0,4,575,1310.3400000000001,2010-07-27 09:53:00,500,4,1310.3400000000001
13856.0,11,1105,1142.03,2011-06-24 10:03:00,168,11,1142.03
13857.0,6,782,1001.01,2010-11-11 12:54:00,392,6,1001.01
13858.0,1,75,216.17,2011-10-13 16:17:00,56,1,216.17
13859.0,2,167,515.86,2011-01-17 16:14:00,325,2,515.86
13860.0,5,591,1245.9,2011-12-08 12:57:00,0,5,1245.9
13861.0,2,225,273.26,2010-10-06 14:20:00,428,2,273.26
13862.0,9,1927,2556.09,2011-11-21 16:24:00,17,9,2556.09
13863.0,4,553,1239.55,2011-04-06 10:20:00,247,4,1239.55
13864.0,1,192,662.4000000000001,2010-11-18 12:50:00,386,1,662.4000000000001
13865.0,4,204,501.56,2011-10-12 13:31:00,57,4,501.56
13866.0,1,57,145.67000000000002,2011-09-26 14:54:00,73,1,145.67000000000002
13867.0,3,501,1005.09,2011-11-08 15:48:00,30,3,1005.09
13868.0,2,1964,3192.54,2011-12-02 16:32:00,6,2,3192.54
13869.0,10,4302,7996.87,2011-08-08 13:53:00,122,10,7996.87
13870.0,15,3449,5712.08,2011-12-07 13:23:00,1,15,5712.08
13871.0,17,3502,7885.85,2011-11-17 10:49:00,22,17,7885.85
13872.0,3,339,919.57,2010-06-30 15:35:00,526,3,919.57
13873.0,8,472,1038.92,2011-08-12 10:08:00,119,8,1038.92
13874.0,7,864,2049.15,2010-12-16 18:20:00,357,7,2049.15
13875.0,14,3072,4814.37,2011-10-17 09:36:00,53,14,4814.37
13876.0,1,36,122.7,2011-10-07 10:22:00,63,1,122.7
13877.0,3,478,449.68,2011-09-14 15:49:00,85,3,449.68
13878.0,4,927,2416.9,2011-10-16 12:19:00,54,4,2416.9
13879.0,1,204,395.5,2010-03-04 10:49:00,645,1,395.5
13880.0,17,2535,4293.86,2011-11-18 13:44:00,20,17,4293.86
13881.0,43,29760,45179.1,2011-12-06 12:50:00,3,43,45179.1
13882.0,5,953,1191.13,2011-12-07 11:16:00,2,5,1191.13
13883.0,15,3584,6560.02,2011-11-29 10:45:00,10,15,6560.02
13884.0,10,752,1825.03,2011-12-02 16:30:00,6,10,1825.03
13885.0,2,182,506.8,2011-06-03 15:07:00,188,2,506.8
13886.0,1,126,243.56,2011-09-29 13:17:00,70,1,243.56
13887.0,1,147,349.55,2011-05-19 17:22:00,203,1,349.55
13888.0,7,795,2001.59,2011-08-12 10:13:00,119,7,2001.59
13889.0,6,979,1991.23,2011-09-08 09:13:00,92,6,1991.23
13890.0,14,1392,2927.38,2011-12-08 15:36:00,0,14,2927.38
13891.0,3,476,859.21,2010-11-26 15:57:00,377,3,859.21
13892.0,6,3125,1267.6499999999999,2011-11-13 11:50:00,26,6,1267.6499999999999
13893.0,1,190,821.1,2011-02-15 11:30:00,297,1,821.1
13894.0,3,354,564.62,2011-11-16 09:44:00,23,3,564.62
13895.0,6,2060,4008.52,2011-11-11 16:57:00,27,6,4008.52
13896.0,1,149,388.55,2010-03-24 08:55:00,625,1,388.55
13897.0,3,820,1160.72,2011-10-20 14:30:00,49,3,1160.72
13898.0,2,544,686.4,2011-01-18 10:28:00,325,2,686.4
13899.0,2,156,388.52,2011-11-23 13:40:00,15,2,388.52
13900.0,6,938,1610.59,2011-06-09 19:26:00,182,6,1610.59
13901.0,15,3344,5676.34,2011-09-28 14:48:00,71,15,5676.34
13902.0,5,220600,34095.26,2010-03-17 13:09:00,631,5,34095.26
13903.0,1,103,165.45000000000002,2010-11-04 17:44:00,399,1,165.45000000000002
13904.0,2,332,332.64,2011-11-02 13:41:00,36,2,332.64
13905.0,1,135,312.65,2009-12-07 11:41:00,732,1,312.65
13906.0,1,100,42.0,2010-10-26 15:00:00,408,1,42.0
13907.0,1,68,136.8,2010-01-17 12:22:00,691,1,136.8
13908.0,4,1478,2369.55,2011-09-21 11:49:00,79,4,2369.55
13909.0,2,301,282.85,2010-10-12 17:22:00,422,2,282.85
13911.0,20,4487,4234.99,2011-10-13 15:43:00,56,20,4234.99
13912.0,1,29,124.95,2010-10-12 08:43:00,423,1,124.95
13913.0,1,10,42.22,2010-07-21 10:11:00,506,1,42.22
13914.0,2,380,626.45,2011-11-28 10:35:00,11,2,626.45
13915.0,1,24,70.80000000000001,2010-11-10 15:17:00,393,1,70.80000000000001
13916.0,4,673,1275.81,2010-09-02 10:04:00,463,4,1275.81
13917.0,2,228,272.04,2011-10-21 09:56:00,49,2,272.04
13918.0,2,1140,1212.8400000000001,2011-10-21 12:25:00,49,2,1212.8400000000001
13919.0,4,1133,1360.68,2011-10-11 14:24:00,58,4,1360.68
13920.0,4,1772,1774.68,2010-10-04 12:37:00,431,4,1774.68
13921.0,4,210,730.7,2010-11-02 16:32:00,401,4,730.7
13922.0,3,467,865.2,2010-12-23 10:38:00,351,3,865.2
13923.0,1,185,351.13,2011-10-17 12:33:00,53,1,351.13
13924.0,6,1575,1838.8500000000001,2011-12-08 09:39:00,1,6,1838.8500000000001
13925.0,4,331,678.25,2011-09-08 12:47:00,92,4,678.25
13926.0,1,104,223.85000000000002,2011-11-16 13:16:00,22,1,223.85000000000002
13927.0,2,463,708.26,2011-09-26 12:00:00,74,2,708.26
13928.0,4,129,464.57,2011-11-29 10:33:00,10,4,464.57
13929.0,11,1566,3494.1,2011-06-23 15:26:00,168,11,3494.1
13930.0,2,274,337.34,2011-10-13 09:45:00,57,2,337.34
13931.0,11,3488,5257.38,2011-09-05 10:12:00,95,11,5257.38
13932.0,1,72,307.4,2011-02-18 12:02:00,294,1,307.4
13933.0,2,205,608.7900000000001,2011-08-22 14:03:00,108,2,608.7900000000001
13934.0,1,390,922.1,2011-03-21 08:39:00,263,1,922.1
13935.0,3,2252,6116.92,2010-04-22 11:21:00,596,3,6116.92
13936.0,3,661,939.66,2011-06-13 08:47:00,179,3,939.66
13937.0,2,587,880.13,2011-06-23 16:35:00,168,2,880.13
13938.0,1,70,71.66,2011-11-04 14:37:00,34,1,71.66
13939.0,7,1608,1560.96,2011-11-16 13:33:00,22,7,1560.96
13940.0,4,516,839.14,2011-11-22 15:15:00,16,4,839.14
13941.0,15,4782,10027.18,2011-11-18 09:43:00,21,15,10027.18
13942.0,1,1000,320.0,2010-06-23 12:35:00,534,1,320.0
13943.0,1,94,246.54,2010-05-11 11:30:00,577,1,246.54
13944.0,1,153,200.43,2010-02-24 15:02:00,652,1,200.43
13945.0,2,413,854.15,2010-11-10 10:00:00,394,2,854.15
13946.0,6,2847,1876.23,2011-09-21 13:33:00,78,6,1876.23
13947.0,1,44,90.6,2011-10-05 14:42:00,64,1,90.6
13948.0,4,248,548.76,2010-12-14 10:18:00,360,4,548.76
13949.0,6,2474,2427.32,2011-12-07 09:35:00,2,6,2427.32
13950.0,4,323,745.06,2011-11-28 14:44:00,10,4,745.06
13951.0,3,459,674.45,2011-06-16 16:43:00,175,3,674.45
13952.0,14,5947,12823.521,2011-05-06 09:00:00,217,14,12823.521
13953.0,12,5224,6640.68,2011-12-02 16:04:00,6,12,6640.68
13954.0,2,150,439.92,2011-12-08 12:50:00,1,2,439.92
13955.0,3,272,544.0699999999999,2011-07-08 17:19:00,153,3,544.0699999999999
13956.0,5,486,1019.27,2011-12-04 13:20:00,4,5,1019.27
13957.0,3,157,458.25,2010-10-18 10:02:00,417,3,458.25
13958.0,8,2264,4709.2300000000005,2010-11-25 10:11:00,379,8,4709.2300000000005
13959.0,6,694,1064.77,2011-09-21 15:06:00,78,6,1064.77
13960.0,2,142,230.22,2011-11-18 15:27:00,20,2,230.22
13961.0,1,226,538.4,2010-11-12 14:40:00,391,1,538.4
13962.0,3,160,362.8,2011-11-18 08:47:00,21,3,362.8
13963.0,17,2007,2860.57,2011-02-04 14:43:00,307,17,2860.57
13964.0,2,228,438.9,2010-11-17 13:53:00,386,2,438.9
13965.0,3,425,996.61,2010-08-20 10:40:00,476,3,996.61
13966.0,1,760,384.26,2010-09-30 13:08:00,434,1,384.26
13967.0,2,66,166.3,2011-07-17 12:02:00,145,2,166.3
13968.0,1,174,123.66,2010-10-12 13:22:00,422,1,123.66
13969.0,35,6640,12973.460000000001,2011-12-02 15:11:00,6,35,12973.460000000001
13970.0,2,469,846.55,2010-11-18 13:21:00,385,2,846.55
13971.0,14,3084,4667.57,2011-11-21 12:06:00,18,14,4667.57
13972.0,2,187,190.25,2011-09-30 11:54:00,70,2,190.25
13973.0,1,109,264.7,2011-02-25 15:21:00,286,1,264.7
13974.0,2,356,677.72,2011-10-21 14:41:00,48,2,677.72
13975.0,12,3884,5256.4,2011-11-08 13:19:00,30,12,5256.4
13976.0,4,452,1192.36,2011-05-17 09:13:00,206,4,1192.36
13977.0,1,303,519.8100000000001,2010-10-24 14:08:00,410,1,519.8100000000001
13978.0,2,315,196.79000000000002,2011-11-25 11:36:00,14,2,196.79000000000002
13979.0,7,2270,3379.93,2011-09-27 13:32:00,72,7,3379.93
13980.0,5,463,768.82,2011-10-10 13:34:00,59,5,768.82
13981.0,1,234,331.14,2010-10-20 10:03:00,415,1,331.14
13982.0,9,2478,3954.29,2011-10-31 16:24:00,38,9,3954.29
13983.0,21,3925,6753.89,2011-11-10 11:06:00,29,21,6753.89
13984.0,12,1301,1893.8,2011-11-13 12:38:00,26,12,1893.8
13985.0,22,4936,10020.86,2011-12-05 17:06:00,3,22,10020.86
13986.0,1,430,320.46,2011-11-22 15:00:00,16,1,320.46
13987.0,2,492,682.54,2010-11-25 10:20:00,379,2,682.54
13988.0,8,3385,4757.8,2011-11-20 10:15:00,19,8,4757.8
13989.0,5,2207,2026.06,2011-10-05 09:47:00,65,5,2026.06
13990.0,1,190,311.3,2011-05-10 15:19:00,212,1,311.3
13991.0,6,995,852.88,2011-11-27 16:18:00,11,6,852.88
13992.0,3,154,219.5,2011-11-09 15:23:00,29,3,219.5
13993.0,19,2135,6775.71,2011-10-28 09:06:00,42,19,6775.71
13994.0,6,932,2274.14,2011-12-06 11:05:00,3,6,2274.14
13995.0,14,2359,3902.01,2011-11-24 14:22:00,14,14,3902.01
13996.0,2,613,895.76,2010-11-18 16:27:00,385,2,895.76
13997.0,3,143,376.46,2010-07-08 18:06:00,518,3,376.46
13998.0,3,204,566.7,2010-09-19 10:20:00,446,3,566.7
13999.0,29,5043,9502.26,2011-11-29 13:40:00,9,29,9502.26
14000.0,5,1838,2046.3400000000001,2011-05-12 16:50:00,210,5,2046.3400000000001
14001.0,9,1779,4228.85,2011-10-25 10:31:00,45,9,4228.85
14002.0,2,877,529.73,2011-07-28 15:55:00,133,2,529.73
14003.0,1,149,209.41,2009-12-07 08:53:00,732,1,209.41
14004.0,11,3425,6258.45,2011-10-27 14:40:00,42,11,6258.45
14005.0,5,2478,2874.72,2011-11-30 12:41:00,9,5,2874.72
14006.0,7,2181,2196.67,2011-08-16 09:39:00,115,7,2196.67
14007.0,1,16,79.48,2010-07-15 09:06:00,512,1,79.48
14008.0,1,326,509.04,2010-10-03 13:09:00,431,1,509.04
14009.0,3,951,1099.91,2011-05-25 15:47:00,197,3,1099.91
14010.0,2,177,445.15,2010-05-23 13:00:00,564,2,445.15
14011.0,2,644,457.82,2010-08-16 15:31:00,479,2,457.82
14012.0,1,160,328.8,2011-03-07 12:26:00,277,1,328.8
14013.0,5,775,1084.57,2011-08-21 15:01:00,109,5,1084.57
14014.0,3,2004,1948.21,2011-09-23 13:18:00,76,3,1948.21
14015.0,1,378,917.34,2011-10-18 10:02:00,52,1,917.34
14016.0,11,5722,11403.41,2011-07-01 11:29:00,161,11,11403.41
14017.0,1,73,229.75,2010-05-17 14:52:00,570,1,229.75
14018.0,1,224,367.15000000000003,2010-03-04 14:23:00,644,1,367.15000000000003
14019.0,3,1037,1421.61,2011-10-24 10:13:00,46,3,1421.61
14020.0,4,648,1249.01,2011-11-23 09:22:00,16,4,1249.01
14021.0,7,878,1716.58,2011-07-07 15:46:00,154,7,1716.58
14022.0,2,681,792.15,2011-04-28 14:39:00,224,2,792.15
14023.0,2,345,584.07,2011-12-02 13:58:00,6,2,584.07
14024.0,3,238,645.74,2011-08-10 11:30:00,121,3,645.74
14025.0,8,1914,4057.9,2010-09-01 10:11:00,464,8,4057.9
14026.0,2,427,713.11,2010-08-26 10:31:00,470,2,713.11
14027.0,1,62,104.82,2011-10-10 09:01:00,60,1,104.82
14028.0,3,7170,10396.5,2010-06-07 13:33:00,549,3,10396.5
14029.0,2,198,467.66,2011-10-07 14:46:00,62,2,467.66
14030.0,20,4215,7521.8,2011-11-21 16:48:00,17,20,7521.8
14031.0,44,13783,39019.51,2011-12-02 17:13:00,6,44,39019.51
14032.0,16,3740,4546.41,2011-12-07 15:23:00,1,16,4546.41
14033.0,1,576,109.44,2010-06-02 15:10:00,554,1,109.44
14034.0,3,420,648.89,2011-11-17 14:02:00,21,3,648.89
14035.0,9,1405,2794.75,2011-11-11 10:03:00,28,9,2794.75
14036.0,1,268,626.65,2011-02-28 09:26:00,284,1,626.65
14037.0,6,590,836.95,2011-06-16 13:57:00,175,6,836.95
14038.0,5,1708,3069.88,2011-09-22 13:37:00,77,5,3069.88
14039.0,2,192,267.28000000000003,2011-11-06 13:48:00,32,2,267.28000000000003
14040.0,35,4972,12523.81,2011-10-30 12:42:00,40,35,12523.81
14041.0,1,94,141.41,2011-03-18 13:25:00,265,1,141.41
14042.0,1,180,431.98,2009-12-14 15:07:00,724,1,431.98
14043.0,2,152,302.6,2010-08-05 18:18:00,490,2,302.6
14044.0,10,2100,3077.7,2011-11-13 12:05:00,26,10,3077.7
14045.0,16,4459,10986.63,2011-08-22 15:27:00,108,16,10986.63
14046.0,1,460,154.99,2011-02-28 14:48:00,283,1,154.99
14047.0,14,1541,3968.11,2011-12-01 11:43:00,8,14,3968.11
14048.0,3,467,748.69,2011-02-07 14:53:00,304,3,748.69
14049.0,13,8480,13023.4,2011-11-23 12:20:00,16,13,13023.4
14050.0,2,689,746.36,2011-11-08 10:00:00,31,2,746.36
14051.0,37,5709,21770.98,2011-12-09 10:20:00,0,37,21770.98
14052.0,2,174,466.66,2011-11-20 12:30:00,19,2,466.66
14053.0,4,490,572.3,2011-08-07 14:27:00,123,4,572.3
14054.0,1,62,92.46,2011-10-05 15:49:00,64,1,92.46
14055.0,3,720,1520.96,2011-08-25 15:04:00,105,3,1520.96
14056.0,23,4252,8152.71,2011-12-08 13:36:00,0,23,8152.71
14057.0,22,6438,8346.66,2011-11-16 10:32:00,23,22,8346.66
14058.0,2,211,469.19,2010-09-03 09:31:00,462,2,469.19
14059.0,1,128,183.6,2011-03-18 10:06:00,266,1,183.6
14060.0,30,7419,8898.24,2011-12-05 12:29:00,4,30,8898.24
14061.0,3,133,917.4300000000001,2010-07-20 17:22:00,506,3,917.4300000000001
14062.0,24,12794,25585.65,2011-11-30 10:04:00,9,24,25585.65
14063.0,9,3850,22710.2,2010-09-27 16:18:00,437,9,22710.2
14064.0,15,3911,3260.24,2011-11-10 13:14:00,28,15,3260.24
14065.0,3,582,891.02,2010-11-15 16:13:00,388,3,891.02
14066.0,1,45,152.55,2011-03-18 12:21:00,266,1,152.55
14067.0,2,361,374.7,2011-10-07 10:21:00,63,2,374.7
14068.0,4,510,1516.72,2011-01-23 16:02:00,319,4,1516.72
14069.0,2,58,225.81,2010-07-13 12:12:00,514,2,225.81
14070.0,1,85,321.6,2010-01-24 12:27:00,684,1,321.6
14071.0,8,994,1437.57,2011-12-06 12:27:00,3,8,1437.57
14072.0,1,65,390.85,2010-02-11 12:31:00,666,1,390.85
14073.0,1,130,151.04,2011-11-07 15:49:00,31,1,151.04
14074.0,1,228,219.39999999999998,2010-03-26 13:55:00,622,1,219.39999999999998
14075.0,6,1494,1734.87,2011-12-05 08:38:00,4,6,1734.87
14076.0,1,79,118.67,2011-08-02 15:19:00,128,1,118.67
14077.0,6,376,615.0799999999999,2011-10-30 12:35:00,40,6,615.0799999999999
14078.0,9,586,1553.47,2011-08-30 12:16:00,101,9,1553.47
14079.0,2,302,618.73,2011-08-07 12:10:00,124,2,618.73
14080.0,5,268,1115.68,2011-11-07 11:09:00,32,5,1115.68
14081.0,10,3381,4867.57,2011-02-10 16:17:00,301,10,4867.57
14082.0,2,246,413.36,2010-12-10 11:02:00,364,2,413.36
14083.0,11,760,1082.19,2011-12-05 13:14:00,3,11,1082.19
14084.0,1,306,150.5,2010-07-15 14:36:00,511,1,150.5
14085.0,33,6434,9720.67,2011-12-07 13:46:00,1,33,9720.67
14086.0,1,1,39.95,2010-09-03 10:52:00,462,1,39.95
14087.0,3,718,829.47,2011-12-07 12:41:00,2,3,829.47
14088.0,16,15276,64036.8,2011-11-29 16:16:00,9,16,64036.8
14089.0,1,133,158.75,2011-10-14 10:38:00,56,1,158.75
14090.0,1,72,76.32000000000001,2011-01-19 10:51:00,324,1,76.32000000000001
14091.0,2,3316,9530.08,2010-02-23 15:17:00,653,2,9530.08
14092.0,24,3606,7229.45,2011-12-02 12:13:00,7,24,7229.45
14093.0,1,391,433.86,2011-11-27 16:27:00,11,1,433.86
14094.0,1,158,311.77,2010-09-26 11:58:00,439,1,311.77
14095.0,1,1,2.95,2009-12-17 12:49:00,722,1,2.95
14096.0,17,16352,65164.79,2011-12-05 17:17:00,3,17,65164.79
14097.0,2,352,422.85999999999996,2010-08-15 14:20:00,480,2,422.85999999999996
14098.0,1,104,147.35,2011-11-03 10:13:00,36,1,147.35
14099.0,20,3666,5750.91,2011-11-23 13:53:00,15,20,5750.91
14100.0,1,63,191.95000000000002,2011-07-25 11:01:00,137,1,191.95000000000002
14101.0,13,10542,9961.93,2011-09-27 12:28:00,73,13,9961.93
14102.0,5,769,1105.8799999999999,2011-12-04 15:38:00,4,5,1105.8799999999999
14104.0,5,496,743.53,2011-07-08 12:50:00,154,5,743.53
14105.0,5,3534,5988.83,2011-04-14 17:58:00,238,5,5988.83
14106.0,1,24,214.79999999999998,2009-12-02 14:09:00,736,1,214.79999999999998
14107.0,11,3489,4877.3,2011-10-19 12:12:00,51,11,4877.3
14108.0,4,660,1044.96,2011-11-09 10:41:00,30,4,1044.96
14109.0,1,88,144.2,2011-09-28 10:18:00,72,1,144.2
14110.0,33,5825,12987.95,2011-12-06 12:26:00,3,33,12987.95
14111.0,4,458,692.85,2011-11-25 13:44:00,13,4,692.85
14112.0,13,3539,5834.59,2011-11-17 12:30:00,22,13,5834.59
14113.0,16,3439,7092.610000000001,2011-12-06 12:18:00,3,16,7092.610000000001
14114.0,7,650,1364.09,2011-03-11 09:42:00,273,7,1364.09
14115.0,2,509,622.6700000000001,2010-07-26 12:36:00,501,2,622.6700000000001
14116.0,5,707,1382.74,2011-11-20 10:29:00,19,5,1382.74
14117.0,1,72,90.0,2011-07-19 09:49:00,143,1,90.0
14118.0,1,97,458.45,2010-10-07 11:59:00,428,1,458.45
14119.0,2,177,183.37,2010-11-29 10:33:00,375,2,183.37
14121.0,4,2082,2780.15,2011-12-06 12:19:00,3,4,2780.15
14122.0,3,114,362.42,2010-10-29 15:11:00,405,3,362.42
14123.0,1,234,436.18,2009-12-06 15:35:00,732,1,436.18
14124.0,1,1618,419.58000000000004,2011-09-16 13:32:00,83,1,419.58000000000004
14125.0,3,1628,2720.63,2011-11-29 12:47:00,10,3,2720.63
14126.0,4,887,1172.46,2011-12-02 11:45:00,7,4,1172.46
14127.0,6,828,1900.0800000000002,2011-08-09 10:49:00,122,6,1900.0800000000002
14128.0,3,814,924.21,2011-10-10 12:00:00,60,3,924.21
14129.0,9,1414,2591.34,2011-12-08 11:02:00,1,9,2591.34
14130.0,4,1215,1858.77,2011-01-24 16:05:00,318,4,1858.77
14131.0,1,105,168.22,2010-03-01 11:59:00,648,1,168.22
14132.0,11,3368,3586.0299999999997,2011-12-07 13:35:00,1,11,3586.0299999999997
14133.0,4,398,911.14,2011-08-02 11:34:00,129,4,911.14
14134.0,15,5814,11123.35,2010-11-22 12:26:00,382,15,11123.35
14135.0,24,8534,8839.67,2011-12-08 11:38:00,1,24,8839.67
14136.0,5,1148,1570.81,2010-11-04 11:53:00,400,5,1570.81
14137.0,1,462,332.7,2010-01-13 12:30:00,695,1,332.7
14138.0,2,600,965.8800000000001,2011-12-08 12:44:00,1,2,965.8800000000001
14139.0,4,1049,1086.8,2011-10-24 13:34:00,45,4,1086.8
14140.0,2,811,935.05,2011-12-06 09:05:00,3,2,935.05
14141.0,4,355,915.13,2011-12-07 09:53:00,2,4,915.13
14142.0,2,518,671.34,2010-12-01 16:33:00,372,2,671.34
14143.0,1,30,115.8,2011-07-29 09:48:00,133,1,115.8
14144.0,1,12,30.599999999999998,2010-08-10 15:17:00,485,1,30.599999999999998
14145.0,7,1655,7600.05,2011-10-24 12:10:00,46,7,7600.05
14146.0,12,5780,9450.3,2011-12-01 10:18:00,8,12,9450.3
14147.0,9,995,2590.2,2011-09-22 18:10:00,77,9,2590.2
14148.0,2,223,466.29,2011-04-20 12:02:00,233,2,466.29
14149.0,1,218,446.62,2011-05-03 09:44:00,220,1,446.62
14150.0,2,496,658.64,2011-11-04 10:05:00,35,2,658.64
14151.0,2,405,679.45,2010-02-04 15:35:00,672,2,679.45
14152.0,7,1844,1997.3400000000001,2011-09-25 12:54:00,74,7,1997.3400000000001
14153.0,1,312,233.4,2010-08-13 14:35:00,482,1,233.4
14154.0,8,3222,6460.7,2011-04-14 16:26:00,238,8,6460.7
14155.0,1,25,118.75,2011-03-18 14:13:00,265,1,118.75
14156.0,156,164325,313437.62,2011-11-30 10:54:00,9,156,313437.62
14157.0,5,521,978.69,2011-11-20 11:32:00,19,5,978.69
14158.0,1,781,507.66,2011-10-30 15:08:00,39,1,507.66
14159.0,20,6520,7860.8,2011-11-20 12:36:00,19,20,7860.8
14160.0,7,4661,8421.47,2010-04-08 14:30:00,609,7,8421.47
14161.0,7,1480,2996.93,2011-05-08 11:41:00,215,7,2996.93
14162.0,2,142,289.36,2011-06-19 11:36:00,173,2,289.36
14163.0,5,950,2594.62,2011-09-13 15:18:00,86,5,2594.62
14164.0,2,1033,1631.77,2011-09-30 12:24:00,70,2,1631.77
14165.0,1,53,120.44,2011-03-09 12:39:00,275,1,120.44
14166.0,2,82,251.15,2010-07-22 19:42:00,504,2,251.15
14167.0,8,340,1274.29,2011-10-31 14:29:00,38,8,1274.29
14168.0,2,147,370.45,2010-10-15 10:49:00,420,2,370.45
14169.0,2,205,621.51,2010-10-05 08:45:00,430,2,621.51
14170.0,3,270,570.18,2010-11-29 13:10:00,374,3,570.18
14171.0,2,211,498.79,2011-09-02 16:43:00,97,2,498.79
14172.0,3,78,369.02,2010-04-13 13:26:00,604,3,369.02
14173.0,6,194,586.0,2011-11-29 11:54:00,10,6,586.0
14174.0,1,94,134.46,2011-11-06 13:17:00,32,1,134.46
14175.0,8,3009,7678.88,2011-10-11 11:55:00,59,8,7678.88
14176.0,5,265,756.46,2011-02-15 13:12:00,296,5,756.46
14177.0,13,1043,2209.69,2011-09-14 15:11:00,85,13,2209.69
14178.0,7,1494,1600.26,2011-12-01 12:01:00,8,7,1600.26
14179.0,2,319,701.57,2011-10-30 12:07:00,40,2,701.57
14180.0,33,847,6117.5,2011-11-29 10:56:00,10,33,6117.5
14181.0,2,120,308.35,2010-10-25 08:27:00,410,2,308.35
14182.0,4,174,678.77,2010-09-22 11:45:00,443,4,678.77
14183.0,2,60,278.34000000000003,2010-10-24 14:45:00,410,2,278.34000000000003
14184.0,1,127,452.89,2011-10-04 12:43:00,66,1,452.89
14185.0,1,6,197.65,2011-01-12 13:52:00,330,1,197.65
14186.0,5,1550,1550.63,2010-10-08 13:30:00,426,5,1550.63
14187.0,1,50,123.5,2010-08-23 12:06:00,473,1,123.5
14188.0,6,1162,2054.36,2011-11-09 12:45:00,30,6,2054.36
14189.0,16,4392,5503.15,2011-12-07 15:55:00,1,16,5503.15
14190.0,1,2,79.9,2010-02-11 14:27:00,665,1,79.9
14191.0,15,3724,4817.66,2011-12-08 09:23:00,1,15,4817.66
14192.0,1,218,293.74,2010-11-16 17:44:00,387,1,293.74
14193.0,3,653,1210.19,2011-10-03 09:34:00,67,3,1210.19
14194.0,36,10037,18670.59,2011-12-05 10:38:00,4,36,18670.59
14195.0,6,2144,2615.6,2011-05-22 10:29:00,201,6,2615.6
14196.0,1,142,335.52,2011-08-25 10:25:00,106,1,335.52
14197.0,1,143,390.05,2010-10-25 10:01:00,410,1,390.05
14198.0,9,623,1569.73,2011-11-21 16:35:00,17,9,1569.73
14199.0,4,254,1091.7,2011-05-05 13:44:00,217,4,1091.7
14200.0,1,140,379.2,2010-04-01 13:01:00,616,1,379.2
14201.0,10,806,1193.54,2011-10-10 13:27:00,59,10,1193.54
14202.0,3,166,847.76,2010-11-23 17:13:00,380,3,847.76
14203.0,1,80,339.34,2010-11-07 13:35:00,396,1,339.34
14204.0,4,469,1024.83,2011-12-07 13:38:00,1,4,1024.83
14205.0,9,1342,2414.2,2011-11-23 10:55:00,16,9,2414.2
14206.0,3,930,1185.01,2011-04-14 16:38:00,238,3,1185.01
14207.0,1,36,157.8,2010-01-21 09:33:00,687,1,157.8
14208.0,2,529,567.05,2011-09-06 12:48:00,94,2,567.05
14209.0,15,1739,4993.27,2011-11-29 10:18:00,10,15,4993.27
14210.0,16,2511,5556.570000000001,2011-08-26 12:36:00,105,16,5556.570000000001
14211.0,18,2575,4402.29,2011-10-17 13:23:00,52,18,4402.29
14212.0,2,2046,2190.14,2011-09-11 12:45:00,89,2,2190.14
14213.0,1,244,1192.2,2010-10-31 10:37:00,404,1,1192.2
14214.0,5,751,1004.38,2011-11-09 10:31:00,30,5,1004.38
14215.0,9,2181,3250.33,2011-11-28 12:19:00,11,9,3250.33
14216.0,5,712,2150.04,2011-12-06 14:56:00,2,5,2150.04
14217.0,23,1230,3298.59,2011-12-08 11:53:00,1,23,3298.59
14218.0,1,160,169.48000000000002,2011-10-28 10:00:00,42,1,169.48000000000002
14219.0,3,363,633.83,2011-12-05 16:23:00,3,3,633.83
14220.0,4,468,1515.0,2011-04-06 13:23:00,246,4,1515.0
14221.0,17,3808,6517.49,2011-10-28 13:42:00,41,17,6517.49
14222.0,1,607,683.17,2011-06-15 16:42:00,176,1,683.17
14223.0,3,585,991.13,2011-09-08 13:38:00,91,3,991.13
14224.0,9,826,1841.71,2011-08-21 13:24:00,109,9,1841.71
14225.0,4,1167,2031.07,2010-10-01 10:32:00,434,4,2031.07
14226.0,6,1714,2985.13,2011-11-11 11:34:00,28,6,2985.13
14227.0,15,4048,6368.71,2011-11-13 15:48:00,25,15,6368.71
14228.0,3,260,745.5,2010-09-28 09:45:00,437,3,745.5
14229.0,7,934,2594.04,2011-10-19 10:04:00,51,7,2594.04
14230.0,3,246,979.8000000000001,2010-09-30 09:07:00,435,3,979.8000000000001
14231.0,4,610,1235.6200000000001,2011-06-09 11:05:00,183,4,1235.6200000000001
14232.0,5,1941,2048.07,2011-10-28 11:09:00,42,5,2048.07
14233.0,7,1261,2904.27,2011-10-21 15:54:00,48,7,2904.27
14234.0,4,951,754.12,2011-11-17 17:53:00,21,4,754.12
14235.0,9,3014,4717.99,2011-09-25 14:37:00,74,9,4717.99
14236.0,5,774,1555.34,2011-09-20 09:13:00,80,5,1555.34
14237.0,2,238,471.14,2010-12-01 13:20:00,372,2,471.14
14238.0,3,189,434.23,2011-01-17 14:40:00,325,3,434.23
14239.0,21,1729,4263.17,2011-10-27 14:40:00,42,21,4263.17
14240.0,3,655,1247.49,2011-11-09 13:45:00,29,3,1247.49
14241.0,2,242,333.70000000000005,2011-06-09 11:46:00,183,2,333.70000000000005
14242.0,2,123,280.55,2011-04-19 11:46:00,234,2,280.55
14243.0,17,3631,7217.75,2011-12-01 11:12:00,8,17,7217.75
14244.0,1,814,366.41999999999996,2010-02-17 11:40:00,660,1,366.41999999999996
14245.0,2,976,1693.45,2011-05-04 08:40:00,219,2,1693.45
14246.0,3,804,1474.06,2011-08-21 11:50:00,110,3,1474.06
14247.0,5,378,753.56,2011-03-06 15:21:00,277,5,753.56
14248.0,3,692,1032.95,2011-01-25 14:45:00,317,3,1032.95
14249.0,12,2383,5400.461,2010-10-25 12:34:00,410,12,5400.461
14250.0,3,1200,1904.05,2011-12-02 14:30:00,6,3,1904.05
14251.0,5,1674,2879.7000000000003,2011-12-08 08:32:00,1,5,2879.7000000000003
14252.0,1,111,350.99,2010-11-23 13:36:00,380,1,350.99
14253.0,2,88,363.40000000000003,2010-08-03 14:55:00,492,2,363.40000000000003
14254.0,1,263,601.03,2010-10-03 11:52:00,432,1,601.03
14255.0,1,1,1000.63,2010-06-11 15:54:00,545,1,1000.63
14256.0,5,1147,2460.79,2011-03-24 13:17:00,259,5,2460.79
14257.0,9,3332,5954.45,2011-10-06 16:54:00,63,9,5954.45
14258.0,25,17488,32051.34,2011-11-30 15:27:00,8,25,32051.34
14259.0,1,68,120.0,2011-07-21 10:44:00,141,1,120.0
14260.0,3,544,824.28,2010-08-25 14:55:00,470,3,824.28
14261.0,2,406,1163.45,2011-10-20 10:04:00,50,2,1163.45
14262.0,8,1645,2618.23,2011-12-01 14:17:00,7,8,2618.23
14263.0,1,171,322.93,2010-10-12 14:09:00,422,1,322.93
14264.0,6,553,1517.3600000000001,2011-07-08 10:20:00,154,6,1517.3600000000001
14265.0,4,715,1373.35,2011-08-22 13:32:00,108,4,1373.35
14266.0,1,24,40.56,2010-10-07 13:32:00,427,1,40.56
14267.0,3,530,1516.24,2011-06-30 10:09:00,162,3,1516.24
14268.0,1,147,354.85,2010-08-26 10:45:00,470,1,354.85
14269.0,1,123,295.73,2010-09-26 12:53:00,438,1,295.73
14270.0,1,197,492.65000000000003,2011-01-12 09:33:00,331,1,492.65000000000003
14271.0,2,148,214.18,2011-04-28 12:47:00,225,2,214.18
14272.0,4,1097,920.81,2011-09-27 10:08:00,73,4,920.81
14273.0,4,264,559.97,2011-10-19 13:20:00,50,4,559.97
14274.0,1,178,256.6,2010-01-22 12:51:00,685,1,256.6
14275.0,6,538,1189.3799999999999,2010-11-09 09:06:00,395,6,1189.3799999999999
14276.0,7,1406,2102.68,2011-09-02 09:45:00,98,7,2102.68
14277.0,9,89806,17197.61,2011-11-24 15:01:00,14,9,17197.61
14278.0,1,131,205.83,2010-10-26 12:07:00,409,1,205.83
14279.0,2,46,191.86,2010-07-07 08:42:00,520,2,191.86
14280.0,1,52,134.04,2011-05-27 10:37:00,196,1,134.04
14281.0,1,45,245.15,2010-10-27 14:45:00,407,1,245.15
14282.0,25,5166,7250.76,2011-12-06 17:04:00,2,25,7250.76
14283.0,4,550,628.4399999999999,2010-09-02 14:46:00,462,4,628.4399999999999
14284.0,3,510,1299.65,2011-11-09 08:11:00,30,3,1299.65
14285.0,8,954,3284.42,2011-11-18 14:50:00,20,8,3284.42
14286.0,7,8795,8479.76,2011-11-16 10:34:00,23,7,8479.76
14287.0,3,261,176.63,2011-12-01 13:25:00,7,3,176.63
14288.0,1,188,426.6,2011-05-10 13:22:00,212,1,426.6
14289.0,6,292,911.26,2011-12-01 11:44:00,8,6,911.26
14290.0,8,1600,4516.56,2011-11-28 14:02:00,10,8,4516.56
14291.0,23,6146,7904.1,2011-12-08 10:26:00,1,23,7904.1
14292.0,16,3429,9226.25,2011-12-02 11:50:00,7,16,9226.25
14293.0,9,1558,2903.01,2011-12-06 15:17:00,2,9,2903.01
14294.0,1,190,375.34,2010-10-28 16:25:00,406,1,375.34
14295.0,5,1029,2362.91,2011-10-30 15:50:00,39,5,2362.91
14296.0,2,314,456.40000000000003,2010-10-14 14:14:00,420,2,456.40000000000003
14297.0,4,865,1305.33,2011-11-22 09:06:00,17,4,1305.33
14298.0,82,100272,91194.49,2011-12-01 13:12:00,7,82,91194.49
14299.0,27,8136,14070.25,2011-12-01 16:05:00,7,27,14070.25
14300.0,1,32,43.2,2011-11-21 08:57:00,18,1,43.2
14301.0,4,1686,1992.18,2011-08-14 15:33:00,116,4,1992.18
14302.0,3,298,742.9000000000001,2010-10-05 08:10:00,430,3,742.9000000000001
14303.0,2,218,277.94,2010-10-28 15:37:00,406,2,277.94
14304.0,3,775,1725.01,2011-05-01 11:50:00,222,3,1725.01
14305.0,3,1089,1858.96,2011-09-29 15:29:00,70,3,1858.96
14306.0,6,2065,3151.4,2011-10-19 13:23:00,50,6,3151.4
14307.0,10,2816,4287.92,2011-09-12 09:38:00,88,10,4287.92
14308.0,2,2,1147.02,2010-06-08 16:48:00,548,2,1147.02
14309.0,11,2583,3780.81,2011-12-01 13:33:00,7,11,3780.81
14310.0,1,230,492.1,2010-10-03 12:34:00,432,1,492.1
14311.0,2,235,516.45,2011-04-11 10:14:00,242,2,516.45
14312.0,11,1904,3090.29,2011-10-24 09:46:00,46,11,3090.29
14314.0,2,332,229.8,2011-08-25 10:39:00,106,2,229.8
14315.0,8,1344,3197.82,2011-10-26 12:06:00,44,8,3197.82
14316.0,5,4494,1370.34,2010-10-13 16:31:00,421,5,1370.34
14317.0,1,255,508.58000000000004,2011-10-06 10:44:00,64,1,508.58000000000004
14318.0,1,152,158.02,2010-09-05 15:32:00,459,1,158.02
14319.0,1,329,494.85,2010-10-11 13:38:00,423,1,494.85
14320.0,5,713,1346.75,2011-05-17 09:24:00,206,5,1346.75
14321.0,7,3275,2218.06,2011-11-29 09:47:00,10,7,2218.06
14322.0,4,158,474.1,2010-10-06 15:17:00,428,4,474.1
14323.0,2,350,605.0600000000001,2011-08-17 11:37:00,114,2,605.0600000000001
14324.0,2,402,701.61,2010-10-26 11:44:00,409,2,701.61
14325.0,1,320,245.48000000000002,2010-05-19 09:20:00,569,1,245.48000000000002
14326.0,3,572,940.98,2011-04-11 15:04:00,241,3,940.98
14327.0,6,1296,1894.93,2011-06-29 13:58:00,162,6,1894.93
14328.0,1,1,445.05,2010-09-27 16:01:00,437,1,445.05
14329.0,15,5913,9887.62,2011-11-22 15:50:00,16,15,9887.62
14330.0,1,103,200.63,2010-03-26 09:10:00,623,1,200.63
14331.0,2,252,462.65999999999997,2011-08-07 13:17:00,123,2,462.65999999999997
14332.0,5,875,1917.41,2011-11-17 11:54:00,22,5,1917.41
14333.0,1,58,415.2,2011-10-03 10:38:00,67,1,415.2
14334.0,12,2986,4318.48,2011-11-23 10:01:00,16,12,4318.48
14335.0,2,375,454.86,2011-11-23 13:41:00,15,2,454.86
14336.0,4,1759,1614.91,2011-11-23 11:40:00,16,4,1614.91
14338.0,3,622,928.1,2011-07-01 14:08:00,160,3,928.1
14339.0,2,456,620.27,2011-04-11 11:06:00,242,2,620.27
14340.0,1,58,134.7,2011-05-05 09:44:00,218,1,134.7
14341.0,18,2813,4452.02,2011-10-25 15:48:00,44,18,4452.02
14342.0,6,521,918.44,2011-11-18 13:21:00,20,6,918.44
14343.0,4,626,1079.66,2010-10-14 13:05:00,420,4,1079.66
14344.0,20,1546,2993.05,2011-08-04 13:51:00,126,20,2993.05
14345.0,1,50,108.97999999999999,2011-11-01 09:51:00,38,1,108.97999999999999
14346.0,5,1878,2315.75,2011-08-11 09:47:00,120,5,2315.75
14347.0,1,48,82.6,2009-12-03 10:49:00,736,1,82.6
14348.0,1,183,409.57,2011-03-24 16:23:00,259,1,409.57
14349.0,1,86,133.5,2011-11-29 15:39:00,9,1,133.5
14350.0,3,543,972.03,2011-03-10 14:14:00,273,3,972.03
14351.0,1,12,51.0,2011-06-28 11:56:00,164,1,51.0
14352.0,4,538,1078.96,2011-07-05 15:41:00,156,4,1078.96
14353.0,3,344,376.5,2011-05-08 16:06:00,214,3,376.5
14354.0,2,210,163.62,2011-12-04 11:32:00,5,2,163.62
14355.0,3,617,840.0500000000001,2010-12-09 12:16:00,365,3,840.0500000000001
14356.0,2,277,701.23,2011-09-21 09:18:00,79,2,701.23
14357.0,1,147,225.12,2011-10-27 16:23:00,42,1,225.12
14358.0,2,338,400.06,2010-11-15 15:51:00,388,2,400.06
14359.0,3,371,912.18,2011-11-20 13:17:00,18,3,912.18
14360.0,4,1139,2118.03,2011-11-08 09:12:00,31,4,2118.03
14361.0,1,251,214.70999999999998,2010-05-10 12:29:00,578,1,214.70999999999998
14362.0,1,96,151.5,2011-11-17 15:08:00,21,1,151.5
14363.0,2,105,227.47000000000003,2010-11-02 17:01:00,401,2,227.47000000000003
14364.0,8,1967,3717.35,2011-08-23 11:01:00,108,8,3717.35
14365.0,2,557,634.68,2010-11-10 09:52:00,394,2,634.68
14366.0,1,16,136.0,2010-07-02 17:23:00,524,1,136.0
14367.0,16,4426,9227.82,2011-12-01 13:19:00,7,16,9227.82
14368.0,1,36,155.0,2011-01-24 09:52:00,319,1,155.0
14369.0,2,255,469.13,2010-03-07 15:47:00,641,2,469.13
14370.0,6,266,1175.78,2010-09-15 10:53:00,450,6,1175.78
14371.0,1,34,100.5,2011-02-17 16:35:00,294,1,100.5
14372.0,2,378,860.08,2010-09-22 16:17:00,442,2,860.08
14373.0,1,17,76.55,2010-12-16 15:40:00,357,1,76.55
14374.0,1,20,108.0,2010-06-16 14:25:00,540,1,108.0
14375.0,3,647,1106.82,2011-06-07 13:44:00,184,3,1106.82
14376.0,1,50,215.46,2010-01-25 15:36:00,682,1,215.46
14377.0,2,219,617.05,2011-06-01 13:32:00,190,2,617.05
14378.0,1,57,131.25,2010-03-28 12:22:00,621,1,131.25
14379.0,4,712,1265.16,2011-10-26 16:43:00,43,4,1265.16
14380.0,1,1,48.96,2010-01-26 17:11:00,681,1,48.96
14381.0,2,449,625.9399999999999,2011-10-18 17:10:00,51,2,625.9399999999999
14382.0,2,1667,1193.6299999999999,2011-11-13 16:18:00,25,2,1193.6299999999999
14383.0,3,817,1247.69,2011-11-01 15:53:00,37,3,1247.69
14384.0,1,30,58.5,2010-07-27 09:53:00,500,1,58.5
14385.0,3,159,202.11,2011-11-30 15:36:00,8,3,202.11
14386.0,1,54,142.4,2011-02-16 09:45:00,296,1,142.4
14387.0,3,795,1727.6,2011-11-07 12:29:00,32,3,1727.6
14388.0,16,4190,6388.2,2011-11-29 13:32:00,9,16,6388.2
14389.0,5,1388,1898.01,2011-10-05 15:17:00,64,5,1898.01
14390.0,13,2830,6150.03,2011-11-29 13:49:00,9,13,6150.03
14391.0,1,168,135.6,2010-05-12 09:42:00,576,1,135.6
14392.0,1,114,266.4,2010-10-03 12:56:00,431,1,266.4
14393.0,1,13,67.95,2011-05-05 18:16:00,217,1,67.95
14394.0,1,58,93.8,2010-05-24 10:43:00,564,1,93.8
14395.0,20,3872,7801.93,2011-12-07 14:34:00,1,20,7801.93
14396.0,7,959,1969.38,2011-10-05 16:09:00,64,7,1969.38
14397.0,19,1890,2612.96,2011-12-07 09:22:00,2,19,2612.96
14398.0,2,267,707.79,2010-11-03 13:46:00,400,2,707.79
14399.0,8,965,2108.21,2010-11-10 13:23:00,393,8,2108.21
14400.0,3,1706,1732.47,2011-07-13 15:50:00,148,3,1732.47
14401.0,22,6401,6795.9,2011-12-05 13:30:00,3,22,6795.9
14402.0,1,240,285.6,2010-02-25 13:20:00,651,1,285.6
14403.0,6,737,1880.51,2011-08-01 12:57:00,129,6,1880.51
14404.0,13,1577,2724.13,2011-11-06 12:30:00,33,13,2724.13
14405.0,1,100,195.0,2010-11-18 11:40:00,386,1,195.0
14406.0,1,77,156.75,2011-08-12 16:54:00,118,1,156.75
14407.0,6,1415,2157.73,2011-08-24 14:02:00,106,6,2157.73
14408.0,11,2438,4102.27,2011-11-29 11:41:00,10,11,4102.27
14409.0,9,2233,3427.29,2011-09-29 18:18:00,70,9,3427.29
14410.0,11,1369,2631.9,2011-09-08 15:08:00,91,11,2631.9
14411.0,1,196,1063.0,2011-02-02 10:56:00,310,1,1063.0
14412.0,3,1428,1426.19,2011-10-28 10:45:00,42,3,1426.19
14413.0,4,277,764.52,2010-12-12 13:37:00,361,4,764.52
14414.0,8,2877,2399.33,2011-09-09 12:09:00,91,8,2399.33
14415.0,23,6263,11980.09,2011-12-08 14:38:00,0,23,11980.09
14416.0,2,326,490.22,2011-11-17 15:22:00,21,2,490.22
14417.0,1,543,524.65,2010-11-17 10:55:00,387,1,524.65
14418.0,3,1711,1937.25,2011-12-06 11:39:00,3,3,1937.25
14419.0,7,552,1254.64,2011-11-29 11:22:00,10,7,1254.64
14420.0,4,1120,1639.17,2011-09-01 18:07:00,98,4,1639.17
14421.0,6,1342,2469.37,2011-10-13 13:24:00,56,6,2469.37
14422.0,19,6067,10271.52,2011-12-09 11:26:00,0,19,10271.52
14423.0,3,419,916.6099999999999,2011-05-05 15:12:00,217,3,916.6099999999999
14424.0,1,48,322.08,2011-11-22 11:48:00,17,1,322.08
14425.0,3,325,661.39,2010-10-01 10:24:00,434,3,661.39
14426.0,17,7023,11727.94,2011-11-16 12:25:00,23,17,11727.94
14427.0,4,538,1263.52,2011-10-20 14:23:00,49,4,1263.52
14428.0,5,428,1224.06,2011-12-02 13:17:00,6,5,1224.06
14429.0,1,286,516.28,2010-11-01 10:08:00,403,1,516.28
14430.0,3,446,1220.9,2010-07-16 11:35:00,511,3,1220.9
14431.0,4,1202,2614.2,2011-02-10 10:40:00,302,4,2614.2
14432.0,6,2013,2248.5,2011-11-30 08:04:00,9,6,2248.5
14433.0,1,131,280.7,2010-08-31 12:35:00,465,1,280.7
14434.0,6,368,1372.8,2011-11-18 08:56:00,21,6,1372.8
14435.0,1,282,90.42,2010-07-26 12:33:00,501,1,90.42
14436.0,2,297,271.70000000000005,2011-09-02 10:13:00,98,2,271.70000000000005
14437.0,5,420,873.34,2010-12-09 09:27:00,365,5,873.34
14438.0,1,82,131.9,2011-02-06 14:56:00,305,1,131.9
14439.0,5,2244,9443.04,2011-01-24 11:39:00,319,5,9443.04
14440.0,13,1605,5982.03,2011-12-01 15:42:00,7,13,5982.03
14441.0,11,1260,4611.6900000000005,2011-12-09 09:07:00,0,11,4611.6900000000005
14442.0,7,1431,5367.0199999999995,2011-05-19 11:36:00,204,7,5367.0199999999995
14443.0,5,1357,2082.97,2011-10-17 10:10:00,53,5,2082.97
14444.0,1,172,120.44,2010-09-09 18:56:00,455,1,120.44
14445.0,1,83,221.65,2010-09-10 11:09:00,455,1,221.65
14446.0,5,1091,1200.28,2011-12-09 11:34:00,0,5,1200.28
14447.0,6,913,1711.73,2011-11-21 08:28:00,18,6,1711.73
14448.0,2,104,375.35,2011-11-30 13:50:00,8,2,375.35
14449.0,8,1604,2230.96,2011-11-21 12:06:00,18,8,2230.96
14450.0,7,522,1128.44,2011-06-12 10:46:00,180,7,1128.44
14451.0,12,1737,3258.68,2011-10-10 13:38:00,59,12,3258.68
14452.0,4,285,658.95,2011-11-29 12:06:00,10,4,658.95
14453.0,1,49,119.93,2011-06-02 14:15:00,189,1,119.93
14454.0,5,400,977.3,2010-11-28 13:26:00,375,5,977.3
14455.0,4,706,617.72,2010-10-03 15:48:00,431,4,617.72
14456.0,9,2885,3017.28,2011-12-04 13:59:00,4,9,3017.28
14457.0,1,88,113.64,2011-02-02 09:39:00,310,1,113.64
14458.0,1,317,228.07,2010-11-24 12:43:00,380,1,228.07
14459.0,2,2303,5375.741,2011-07-07 13:35:00,154,2,5375.741
14460.0,9,1879,1093.5,2011-08-21 14:19:00,109,9,1093.5
14461.0,13,3005,6676.91,2011-07-14 17:11:00,147,13,6676.91
14462.0,12,1063,2242.81,2011-10-04 15:55:00,65,12,2242.81
14463.0,4,210,786.5699999999999,2011-09-02 15:20:00,97,4,786.5699999999999
14464.0,2,62,111.0,2010-05-20 18:00:00,567,2,111.0
14465.0,11,2539,3925.85,2011-04-07 12:38:00,246,11,3925.85
14466.0,13,2507,4267.15,2011-11-10 14:07:00,28,13,4267.15
14467.0,12,1187,2203.2400000000002,2011-11-22 12:48:00,17,12,2203.2400000000002
14468.0,1,164,204.24,2009-12-06 12:21:00,733,1,204.24
14469.0,4,973,2093.46,2010-10-19 14:30:00,415,4,2093.46
14470.0,3,282,712.04,2011-11-28 10:31:00,11,3,712.04
14471.0,2,187,400.95,2010-04-27 17:12:00,590,2,400.95
14472.0,9,1271,2118.72,2011-08-28 11:01:00,103,9,2118.72
14473.0,2,88,234.34000000000003,2011-09-26 15:10:00,73,2,234.34000000000003
14474.0,2,448,1258.8899999999999,2011-10-24 13:26:00,45,2,1258.8899999999999
14475.0,4,541,1151.15,2011-09-29 10:46:00,71,4,1151.15
14476.0,1,110,193.0,2011-03-27 15:39:00,256,1,193.0
14477.0,7,1120,1969.6,2011-11-20 11:11:00,19,7,1969.6
14478.0,4,1226,1276.66,2010-11-22 15:29:00,381,4,1276.66
14479.0,4,562,1124.71,2011-03-31 09:07:00,253,4,1124.71
14480.0,4,670,1299.52,2011-11-28 16:35:00,10,4,1299.52
14481.0,5,1568,2284.69,2011-06-28 10:38:00,164,5,2284.69
14482.0,12,2869,4306.72,2011-11-21 13:14:00,17,12,4306.72
14483.0,2,193,257.1,2011-03-03 10:26:00,281,2,257.1
14484.0,4,744,1070.98,2011-10-20 14:11:00,49,4,1070.98
14485.0,1,70,162.8,2011-11-01 12:25:00,38,1,162.8
14486.0,2,90,175.5,2010-07-16 09:42:00,511,2,175.5
14487.0,7,761,1266.27,2011-11-13 12:17:00,26,7,1266.27
14488.0,1,799,1064.28,2011-10-03 09:30:00,67,1,1064.28
14489.0,4,1011,1574.93,2011-05-16 14:51:00,206,4,1574.93
14490.0,2,933,1273.47,2010-10-29 15:04:00,405,2,1273.47
14491.0,2,139,340.93,2011-06-17 15:22:00,174,2,340.93
14492.0,7,751,1921.91,2010-10-05 13:21:00,429,7,1921.91
14493.0,10,3148,5087.86,2011-12-02 16:14:00,6,10,5087.86
14494.0,3,210,401.46,2011-11-14 09:21:00,25,3,401.46
14495.0,3,68,174.8,2011-10-20 12:28:00,50,3,174.8
14496.0,7,905,2363.89,2011-02-01 09:01:00,311,7,2363.89
14497.0,2,332,697.0600000000001,2011-02-03 17:01:00,308,2,697.0600000000001
14498.0,10,2120,3900.83,2011-10-28 12:09:00,42,10,3900.83
14499.0,7,1231,2101.79,2011-11-13 13:01:00,25,7,2101.79
14500.0,3,117,356.85,2011-09-12 16:45:00,87,3,356.85
14501.0,2,161,251.21,2011-06-09 12:02:00,183,2,251.21
14502.0,11,1480,2429.83,2011-11-20 11:50:00,19,11,2429.83
14503.0,6,2004,3543.26,2011-12-06 13:30:00,2,6,3543.26
14504.0,4,308,673.26,2011-10-23 16:00:00,46,4,673.26
14505.0,19,5325,11879.08,2011-11-22 15:45:00,16,19,11879.08
14506.0,7,936,2960.25,2011-11-22 13:02:00,16,7,2960.25
14507.0,11,1491,3216.7400000000002,2011-11-16 12:21:00,23,11,3216.7400000000002
14508.0,5,347,822.92,2011-11-17 19:48:00,21,5,822.92
14509.0,1,38,110.95,2010-06-23 13:21:00,533,1,110.95
14510.0,3,793,979.85,2010-11-29 12:46:00,375,3,979.85
14511.0,5,784,1314.81,2011-11-28 17:05:00,10,5,1314.81
14512.0,7,736,1215.97,2011-06-05 12:39:00,187,7,1215.97
14513.0,6,593,788.01,2011-08-31 11:25:00,100,6,788.01
14514.0,9,2362,4380.04,2011-10-09 16:05:00,60,9,4380.04
14515.0,12,1893,3724.06,2011-11-22 11:37:00,17,12,3724.06
14516.0,1,63,151.17,2010-07-11 14:07:00,515,1,151.17
14517.0,2,91,330.45,2011-11-06 14:20:00,32,2,330.45
14518.0,1,278,174.37,2011-10-06 14:43:00,63,1,174.37
14519.0,2,81,203.14,2010-01-25 11:18:00,683,2,203.14
14520.0,2,146,270.6,2011-12-08 09:46:00,1,2,270.6
14521.0,1,211,199.45000000000002,2010-08-05 16:35:00,490,1,199.45000000000002
14522.0,8,956,1748.42,2011-11-15 13:24:00,23,8,1748.42
14523.0,1,251,241.09,2011-08-23 13:13:00,107,1,241.09
14524.0,13,1169,2909.86,2011-11-08 12:29:00,31,13,2909.86
14525.0,17,5106,8026.54,2011-11-20 11:37:00,19,17,8026.54
14526.0,1,178,258.65,2010-11-15 13:32:00,388,1,258.65
14527.0,122,6647,27246.88,2011-12-07 12:19:00,2,122,27246.88
14528.0,1,278,364.21999999999997,2011-11-02 17:09:00,36,1,364.21999999999997
14529.0,3,325,578.61,2011-10-10 15:27:00,59,3,578.61
14530.0,16,2989,6088.87,2011-11-14 10:38:00,25,16,6088.87
14531.0,1,260,376.34,2010-08-17 10:16:00,479,1,376.34
14532.0,11,1111,3845.78,2011-04-17 13:05:00,235,11,3845.78
14533.0,11,6038,3466.37,2011-11-15 12:05:00,24,11,3466.37
14534.0,26,2822,6187.66,2011-12-07 12:19:00,2,26,6187.66
14535.0,9,3214,5973.2300000000005,2011-10-10 15:39:00,59,9,5973.2300000000005
14536.0,1,39,170.95,2011-03-25 12:21:00,259,1,170.95
14537.0,2,228,641.4,2011-10-13 10:54:00,57,2,641.4
14538.0,5,284,1370.8400000000001,2011-10-06 10:31:00,64,5,1370.8400000000001
14539.0,2,428,537.48,2011-11-24 09:50:00,15,2,537.48
14540.0,11,1595,3709.64,2011-11-30 10:15:00,9,11,3709.64
14541.0,14,1123,2491.38,2011-10-12 10:08:00,58,14,2491.38
14542.0,1,19,103.25,2011-06-07 08:19:00,185,1,103.25
14543.0,39,2639,14587.87,2011-11-11 12:45:00,28,39,14587.87
14544.0,3,2412,2938.53,2011-11-15 15:06:00,23,3,2938.53
14545.0,1,236,349.25,2010-02-03 15:23:00,673,1,349.25
14546.0,11,2688,5184.84,2011-12-04 13:00:00,4,11,5184.84
14547.0,8,2639,3974.75,2011-12-06 11:06:00,3,8,3974.75
14548.0,9,986,2541.29,2011-07-12 12:19:00,150,9,2541.29
14549.0,4,394,913.6,2011-02-01 13:47:00,310,4,913.6
14550.0,4,771,1345.06,2011-11-29 12:12:00,10,4,1345.06
14551.0,7,486,878.09,2011-11-21 13:36:00,17,7,878.09
14552.0,3,258,507.93,2011-07-11 12:49:00,151,3,507.93
14553.0,9,1118,1818.6,2011-11-20 13:20:00,18,9,1818.6
14554.0,4,1443,2279.4900000000002,2011-11-29 16:44:00,9,4,2279.4900000000002
14555.0,6,842,2304.03,2011-10-13 16:24:00,56,6,2304.03
14556.0,3,323,815.69,2010-04-22 14:57:00,595,3,815.69
14557.0,1,510,788.38,2011-09-15 15:48:00,84,1,788.38
14558.0,3,162,655.5,2010-02-23 12:51:00,653,3,655.5
14559.0,1,72,75.6,2010-11-14 16:05:00,389,1,75.6
14560.0,44,4580,6114.03,2011-12-02 15:22:00,6,44,6114.03
14561.0,3,1014,1080.76,2011-09-25 12:39:00,75,3,1080.76
14562.0,26,2574,6638.150000000001,2011-12-06 11:05:00,3,26,6638.150000000001
14563.0,2,279,640.54,2010-07-18 12:01:00,509,2,640.54
14564.0,2,1295,2605.62,2010-10-01 09:02:00,434,2,2605.62
14565.0,5,1940,3859.2200000000003,2011-09-05 09:07:00,95,5,3859.2200000000003
14566.0,4,2400,4092.0,2011-08-21 11:05:00,110,4,4092.0
14567.0,2,412,1530.3600000000001,2011-10-14 10:21:00,56,2,1530.3600000000001
14568.0,1,645,919.7,2010-09-30 17:15:00,434,1,919.7
14569.0,4,257,597.3299999999999,2011-12-08 14:58:00,0,4,597.3299999999999
14570.0,3,431,613.75,2011-03-04 10:58:00,280,3,613.75
14571.0,1,56,160.0,2010-10-10 15:06:00,424,1,160.0
14572.0,11,2878,5526.88,2011-12-06 14:40:00,2,11,5526.88
14573.0,13,683,2163.12,2011-06-13 11:15:00,179,13,2163.12
14574.0,1,63,143.70000000000002,2009-12-07 12:42:00,732,1,143.70000000000002
14575.0,1,163,420.22,2010-08-08 14:51:00,487,1,420.22
14576.0,1,12,35.400000000000006,2010-12-02 17:51:00,371,1,35.400000000000006
14577.0,7,569,1364.15,2011-11-27 12:47:00,12,7,1364.15
14578.0,1,240,168.63,2011-12-06 17:18:00,2,1,168.63
14579.0,1,56,105.56,2010-10-03 14:36:00,431,1,105.56
14580.0,1,3,14.850000000000001,2010-07-09 15:20:00,517,1,14.850000000000001
14581.0,2,304,409.65,2011-11-23 12:39:00,16,2,409.65
14582.0,1,73,114.11,2011-10-30 11:56:00,40,1,114.11
14583.0,8,1071,1660.29,2011-12-04 12:32:00,5,8,1660.29
14584.0,8,960,1738.16,2011-06-23 18:33:00,168,8,1738.16
14585.0,5,630,1143.27,2011-10-20 14:33:00,49,5,1143.27
14586.0,1,444,237.36,2011-03-08 10:04:00,276,1,237.36
14587.0,9,749,1580.29,2011-11-21 11:34:00,18,9,1580.29
14588.0,1,62,135.39,2010-05-10 15:08:00,577,1,135.39
14589.0,1,5,39.75,2010-12-03 11:42:00,371,1,39.75
14590.0,20,901,2993.37,2010-10-11 12:06:00,424,20,2993.37
14591.0,4,1228,1320.21,2011-11-24 13:57:00,14,4,1320.21
14592.0,3,407,557.94,2011-11-04 16:35:00,34,3,557.94
14593.0,12,1848,3665.5299999999997,2011-11-18 12:48:00,21,12,3665.5299999999997
14594.0,2,183,363.33,2011-12-02 13:28:00,6,2,363.33
14595.0,8,1228,2164.45,2011-11-20 12:12:00,19,8,2164.45
14596.0,1,75,222.22000000000003,2010-03-23 12:13:00,626,1,222.22000000000003
14597.0,6,1436,2184.63,2011-11-28 13:13:00,10,6,2184.63
14598.0,2,354,384.04,2011-10-26 13:19:00,43,2,384.04
14599.0,2,292,457.89,2010-11-14 14:49:00,389,2,457.89
14600.0,2,487,865.1700000000001,2011-02-07 09:48:00,305,2,865.1700000000001
14601.0,1,168,213.96,2011-11-29 09:48:00,10,1,213.96
14602.0,1,80,205.35999999999999,2010-02-21 15:47:00,655,1,205.35999999999999
14603.0,1,400,660.0,2011-03-10 10:27:00,274,1,660.0
14604.0,1,88,143.85999999999999,2010-03-16 13:00:00,632,1,143.85999999999999
14605.0,4,416,921.5600000000001,2010-11-30 14:07:00,373,4,921.5600000000001
14606.0,192,15217,29951.37,2011-12-08 19:28:00,0,192,29951.37
14607.0,22,15335,23763.13,2011-11-24 10:35:00,15,22,23763.13
14608.0,11,927,3352.94,2011-12-05 16:52:00,3,11,3352.94
14609.0,10,12720,1486.2,2011-09-28 12:54:00,71,10,1486.2
14610.0,2,15,24.35,2010-11-09 10:58:00,395,2,24.35
14611.0,2,582,604.3299999999999,2010-09-22 09:19:00,443,2,604.3299999999999
14612.0,1,134,877.7,2010-10-20 16:01:00,414,1,877.7
14613.0,1,72,76.32000000000001,2010-01-28 13:02:00,679,1,76.32000000000001
14614.0,1,189,295.13,2010-11-18 13:04:00,385,1,295.13
14615.0,5,495,951.76,2010-11-10 13:36:00,393,5,951.76
14616.0,5,170,527.78,2011-04-11 09:54:00,242,5,527.78
14617.0,2,81,190.47000000000003,2010-11-02 11:41:00,402,2,190.47000000000003
14618.0,7,704,1342.32,2011-11-30 13:45:00,8,7,1342.32
14619.0,2,594,1291.24,2011-04-08 07:37:00,245,2,1291.24
14620.0,2,214,412.78000000000003,2011-05-18 11:58:00,205,2,412.78000000000003
14621.0,9,1706,3000.57,2011-12-08 16:22:00,0,9,3000.57
14622.0,1,146,320.58000000000004,2011-06-08 12:42:00,184,1,320.58000000000004
14623.0,10,1025,2016.98,2011-11-07 13:56:00,31,10,2016.98
14624.0,6,645,814.07,2011-10-13 13:44:00,56,6,814.07
14625.0,11,2155,4497.88,2011-05-27 15:32:00,195,11,4497.88
14626.0,11,3135,5410.92,2011-11-16 10:37:00,23,11,5410.92
14627.0,1,284,462.75,2010-11-25 16:32:00,378,1,462.75
14628.0,5,1147,1998.0,2011-09-09 14:58:00,90,5,1998.0
14629.0,2,378,955.26,2011-12-05 16:55:00,3,2,955.26
14630.0,1,111,338.65,2010-08-12 16:38:00,483,1,338.65
14631.0,6,1407,2025.69,2011-10-20 11:17:00,50,6,2025.69
14632.0,1,96,114.56,2011-03-22 08:49:00,262,1,114.56
14633.0,1,96,344.90000000000003,2011-03-18 17:07:00,265,1,344.90000000000003
14634.0,4,1906,2124.46,2010-09-28 10:40:00,437,4,2124.46
14635.0,1,118,215.22,2010-09-12 10:47:00,453,1,215.22
14636.0,2,241,609.85,2011-11-03 16:12:00,35,2,609.85
14637.0,1,100,106.67999999999999,2010-01-31 15:52:00,676,1,106.67999999999999
14638.0,1,166,443.6,2011-10-20 10:10:00,50,1,443.6
14639.0,9,2410,4978.96,2011-10-18 15:06:00,51,9,4978.96
14640.0,10,1645,3649.36,2011-11-15 13:07:00,23,10,3649.36
14641.0,1,90,110.46,2011-11-18 10:42:00,21,1,110.46
14642.0,1,76,96.12,2011-10-12 11:08:00,58,1,96.12
14643.0,5,1377,1679.89,2011-06-22 14:41:00,169,5,1679.89
14644.0,7,770,2247.72,2011-10-03 08:30:00,67,7,2247.72
14645.0,3,587,876.89,2011-07-06 09:15:00,156,3,876.89
14646.0,151,367193,528602.52,2011-12-08 12:12:00,1,151,528602.52
14647.0,2,175,506.04,2011-05-22 13:40:00,200,2,506.04
14648.0,15,3265,4466.65,2010-10-19 13:12:00,415,15,4466.65
14649.0,9,2415,3651.19,2011-12-05 12:30:00,4,9,3651.19
14650.0,1,22,62.5,2010-04-29 20:27:00,588,1,62.5
14651.0,9,880,2025.52,2011-10-03 15:52:00,66,9,2025.52
14652.0,1,53,114.18,2011-09-23 14:21:00,76,1,114.18
14653.0,12,1969,3593.06,2011-12-08 13:45:00,0,12,3593.06
14654.0,1,273,246.86,2009-12-01 12:57:00,737,1,246.86
14655.0,7,2341,3878.51,2011-12-01 16:28:00,7,7,3878.51
14656.0,5,309,790.0,2011-06-23 13:51:00,168,5,790.0
14657.0,6,879,1450.19,2011-11-22 12:47:00,17,6,1450.19
14658.0,2,47,247.15,2011-12-04 15:35:00,4,2,247.15
14659.0,9,1195,2529.93,2011-12-01 12:17:00,8,9,2529.93
14660.0,2,228,285.74,2011-09-14 11:34:00,86,2,285.74
14661.0,1,35,107.95,2011-11-13 11:51:00,26,1,107.95
14662.0,7,907,1376.43,2011-11-11 12:13:00,28,7,1376.43
14663.0,2,397,490.6,2010-10-05 13:21:00,429,2,490.6
14664.0,2,465,636.24,2011-11-20 10:59:00,19,2,636.24
14665.0,7,1144,2749.65,2011-10-10 09:14:00,60,7,2749.65
14666.0,1,161,195.25,2011-11-15 12:57:00,23,1,195.25
14667.0,54,11939,20395.34,2011-11-29 11:30:00,10,54,20395.34
14668.0,1,49,111.63,2010-09-20 15:03:00,444,1,111.63
14669.0,7,2043,3216.78,2011-04-12 11:43:00,241,7,3216.78
14670.0,3,423,583.33,2011-03-04 14:13:00,279,3,583.33
14671.0,2,571,1127.45,2010-06-08 13:39:00,548,2,1127.45
14672.0,4,646,1113.14,2011-04-19 10:19:00,234,4,1113.14
14673.0,7,1822,3037.32,2011-12-06 14:31:00,2,7,3037.32
14674.0,1,103,173.66,2010-07-18 14:25:00,508,1,173.66
14675.0,2,660,1015.58,2011-11-23 12:58:00,15,2,1015.58
14676.0,12,8792,8356.79,2011-11-08 13:29:00,30,12,8356.79
14677.0,1,139,184.91,2010-04-26 09:48:00,592,1,184.91
14678.0,1,179,403.39,2010-05-09 14:32:00,578,1,403.39
14679.0,3,794,1289.44,2010-11-23 11:51:00,381,3,1289.44
14680.0,58,26894,55688.5,2011-11-14 16:59:00,24,58,55688.5
14681.0,6,172,875.1500000000001,2011-09-29 15:52:00,70,6,875.1500000000001
14682.0,6,949,1514.81,2011-06-05 12:12:00,187,6,1514.81
14683.0,1,386,146.56,2010-04-30 17:18:00,587,1,146.56
14684.0,6,1005,1430.03,2011-11-14 11:33:00,25,6,1430.03
14685.0,8,1969,4536.64,2010-05-12 13:08:00,575,8,4536.64
14686.0,5,457,852.53,2010-10-21 18:31:00,413,5,852.53
14687.0,3,850,1402.06,2011-08-25 11:59:00,106,3,1402.06
14688.0,28,5041,7190.42,2011-12-02 12:26:00,7,28,7190.42
14689.0,1,76,112.8,2011-05-15 11:22:00,208,1,112.8
14690.0,4,341,777.68,2011-10-26 15:39:00,43,4,777.68
14691.0,5,707,2114.33,2011-11-09 12:30:00,30,5,2114.33
14692.0,12,890,1715.1399999999999,2011-07-25 15:08:00,136,12,1715.1399999999999
14693.0,7,388,1165.36,2011-03-20 12:50:00,264,7,1165.36
14694.0,1,193,244.31,2010-04-01 19:46:00,616,1,244.31
14695.0,3,661,1534.22,2010-07-08 14:18:00,518,3,1534.22
14696.0,8,1867,2473.28,2011-12-05 13:43:00,3,8,2473.28
14697.0,2,181,188.60999999999999,2011-05-05 15:39:00,217,2,188.60999999999999
14698.0,5,602,1217.27,2011-12-08 12:26:00,1,5,1217.27
14699.0,4,484,702.6,2011-05-09 14:54:00,213,4,702.6
14700.0,5,1606,3076.06,2011-11-07 14:40:00,31,5,3076.06
14701.0,15,1744,4487.11,2011-11-29 12:38:00,10,15,4487.11
14702.0,29,2878,6368.78,2011-12-08 19:29:00,0,29,6368.78
14703.0,1,183,318.17,2011-11-25 09:23:00,14,1,318.17
14704.0,11,1164,1752.92,2011-11-28 12:51:00,10,11,1752.92
14705.0,1,100,179.0,2011-05-25 12:39:00,198,1,179.0
14706.0,1,246,367.54,2010-03-31 11:09:00,618,1,367.54
14707.0,2,96,139.2,2010-09-30 11:37:00,435,2,139.2
14708.0,5,1159,1793.22,2011-12-07 08:21:00,2,5,1793.22
14709.0,25,4141,8886.33,2011-11-24 15:41:00,14,25,8886.33
14710.0,13,1135,1899.79,2011-11-25 14:53:00,13,13,1899.79
14711.0,11,966,2839.62,2011-11-29 14:58:00,9,11,2839.62
14712.0,4,411,1328.0700000000002,2011-11-10 12:59:00,28,4,1328.0700000000002
14713.0,21,3329,5115.76,2011-11-30 16:26:00,8,21,5115.76
14714.0,4,642,906.24,2011-11-15 13:07:00,23,4,906.24
14715.0,8,1030,1825.45,2011-11-15 12:10:00,24,8,1825.45
14716.0,3,643,543.28,2011-10-27 17:29:00,42,3,543.28
14717.0,1,32,81.3,2009-12-06 13:05:00,732,1,81.3
14718.0,1,202,226.42,2010-10-25 13:07:00,409,1,226.42
14719.0,5,1025,1581.84,2011-12-08 12:43:00,1,5,1581.84
14720.0,3,219,663.81,2011-12-04 12:02:00,5,3,663.81
14721.0,1,57,109.07,2010-11-25 13:08:00,378,1,109.07
14722.0,3,214,489.52,2011-07-15 14:58:00,146,3,489.52
14723.0,11,1168,1803.06,2011-11-29 15:23:00,9,11,1803.06
14724.0,1,184,341.9,2010-04-28 13:26:00,589,1,341.9
14725.0,4,1335,1252.74,2011-11-15 12:42:00,24,4,1252.74
14726.0,1,82,116.5,2010-02-23 12:35:00,654,1,116.5
14727.0,3,458,463.72999999999996,2011-03-10 14:45:00,273,3,463.72999999999996
14728.0,1,68,190.58,2010-10-22 15:57:00,412,1,190.58
14729.0,3,372,586.24,2010-12-01 12:43:00,373,3,586.24
14730.0,8,1078,1897.57,2011-12-08 14:39:00,0,8,1897.57
14731.0,3,256,380.02,2011-10-23 15:54:00,46,3,380.02
14732.0,19,2273,5517.07,2011-12-01 14:34:00,7,19,5517.07
14733.0,15,5799,14335.15,2011-11-23 15:39:00,15,15,14335.15
14734.0,4,378,1056.42,2010-10-10 12:04:00,425,4,1056.42
14735.0,56,4513,12240.16,2011-12-06 12:09:00,3,56,12240.16
14736.0,2,148,374.05,2010-08-11 15:21:00,484,2,374.05
14737.0,4,1071,3554.17,2011-12-06 10:16:00,3,4,3554.17
14738.0,9,757,1821.9,2011-10-28 08:56:00,42,9,1821.9
14739.0,25,9696,11573.62,2011-12-05 16:54:00,3,25,11573.62
14740.0,11,2081,4161.06,2011-05-26 18:17:00,196,11,4161.06
14741.0,7,1006,1713.09,2011-11-28 08:48:00,11,7,1713.09
14742.0,1,374,579.85,2010-09-30 14:07:00,434,1,579.85
14743.0,1,40,50.48,2010-04-26 10:26:00,592,1,50.48
14744.0,14,2399,3660.08,2011-11-23 12:51:00,15,14,3660.08
14745.0,12,1969,2551.41,2011-08-19 10:05:00,112,12,2551.41
14746.0,4,398,593.5,2010-10-29 14:44:00,405,4,593.5
14747.0,1,84,328.2,2011-04-04 14:09:00,248,1,328.2
14748.0,10,2422,2681.9,2011-11-10 18:33:00,28,10,2681.9
14749.0,1,403,310.15,2010-08-17 12:36:00,479,1,310.15
14750.0,1,65,112.03,2009-12-03 17:57:00,735,1,112.03
14751.0,2,65,126.45,2010-01-24 13:37:00,683,2,126.45
14752.0,1,260,389.64,2011-10-27 11:55:00,43,1,389.64
14753.0,2,412,869.51,2011-09-13 14:50:00,86,2,869.51
14754.0,6,1010,1547.93,2011-10-26 12:01:00,44,6,1547.93
14755.0,25,4401,9972.550000000001,2011-11-30 11:24:00,9,25,9972.550000000001
14756.0,3,1423,2653.76,2011-11-24 18:13:00,14,3,2653.76
14757.0,1,160,420.5,2011-09-25 14:36:00,74,1,420.5
14758.0,7,840,2864.97,2011-07-18 08:21:00,144,7,2864.97
14759.0,3,569,1625.97,2011-12-05 12:03:00,4,3,1625.97
14760.0,1,40,89.2,2011-02-15 16:27:00,296,1,89.2
14761.0,3,206,447.92,2011-10-12 12:10:00,58,3,447.92
14762.0,2,428,417.57,2011-03-21 08:20:00,263,2,417.57
14764.0,1,190,278.3,2011-10-24 11:54:00,46,1,278.3
14765.0,3,135,254.11,2011-11-10 19:53:00,28,3,254.11
14766.0,11,3999,6375.7300000000005,2011-12-01 16:05:00,7,11,6375.7300000000005
14767.0,1,117,382.81,2010-08-22 14:54:00,473,1,382.81
14768.0,2,52,192.60000000000002,2011-11-22 12:54:00,16,2,192.60000000000002
14769.0,17,11058,15514.11,2011-12-07 10:24:00,2,17,15514.11
14770.0,8,1598,3637.64,2011-04-21 14:21:00,231,8,3637.64
14771.0,2,622,594.62,2010-03-28 12:52:00,620,2,594.62
14772.0,1,82,139.26,2011-08-19 15:04:00,111,1,139.26
14773.0,1,53,140.55,2010-04-26 10:29:00,592,1,140.55
14774.0,1,99,241.45,2010-06-29 12:26:00,528,1,241.45
14775.0,3,1174,1011.9,2011-10-12 15:27:00,57,3,1011.9
14776.0,15,4658,3708.3,2011-10-19 15:34:00,50,15,3708.3
14777.0,1,212,307.56,2010-11-01 12:50:00,403,1,307.56
14778.0,2,306,730.86,2011-08-04 15:23:00,126,2,730.86
14779.0,3,84,386.15,2011-03-04 12:42:00,280,3,386.15
14780.0,2,310,447.68,2011-10-16 12:46:00,54,2,447.68
14782.0,1,114,200.10000000000002,2011-01-24 11:12:00,319,1,200.10000000000002
14783.0,1,262,307.3,2010-02-18 16:16:00,658,1,307.3
14784.0,3,363,449.93,2011-11-13 13:30:00,25,3,449.93
14785.0,2,84,77.4,2011-11-29 13:21:00,9,2,77.4
14786.0,1,112,90.96,2010-06-07 13:42:00,549,1,90.96
14787.0,1,59,110.65,2010-08-25 14:38:00,470,1,110.65
14788.0,3,719,1156.32,2011-12-02 17:06:00,6,3,1156.32
14789.0,1,116,197.64,2011-11-11 08:59:00,28,1,197.64
14790.0,10,2642,2526.62,2011-11-23 09:28:00,16,10,2526.62
14791.0,1,127,303.63,2010-04-12 10:24:00,606,1,303.63
14792.0,1,2,6.2,2011-10-07 09:19:00,63,1,6.2
14793.0,2,361,625.9,2011-11-18 14:50:00,20,2,625.9
14794.0,10,783,1953.9,2011-12-07 10:11:00,2,10,1953.9
14795.0,1,17,131.45000000000002,2011-06-26 13:04:00,165,1,131.45000000000002
14796.0,27,7188,10169.33,2011-12-08 15:31:00,0,27,10169.33
14797.0,1,99,300.31,2010-07-20 14:07:00,506,1,300.31
14798.0,8,601,724.31,2011-10-18 10:58:00,52,8,724.31
14799.0,2,495,338.15,2011-10-19 16:16:00,50,2,338.15
14800.0,17,6501,7191.33,2011-10-23 12:46:00,47,17,7191.33
14801.0,1,173,189.34,2011-10-09 15:24:00,60,1,189.34
14802.0,2,2,1502.98,2010-09-27 16:34:00,437,2,1502.98
14803.0,3,370,845.55,2011-06-30 13:58:00,161,3,845.55
14804.0,1,121,353.27,2011-12-01 11:20:00,8,1,353.27
14805.0,7,416,1082.55,2011-11-24 16:20:00,14,7,1082.55
14806.0,2,423,303.43,2011-09-25 15:32:00,74,2,303.43
14807.0,2,234,504.14,2010-11-14 12:47:00,390,2,504.14
14808.0,8,2120,2718.6,2011-10-31 12:21:00,39,8,2718.6
14809.0,2,232,686.76,2010-03-28 15:44:00,620,2,686.76
14810.0,13,1162,2354.03,2011-10-30 11:19:00,40,13,2354.03
14811.0,1,74,170.5,2010-11-17 13:09:00,386,1,170.5
14812.0,1,135,178.85,2010-04-20 12:13:00,598,1,178.85
14813.0,4,392,888.91,2010-12-05 11:57:00,369,4,888.91
14814.0,1,93,154.21,2010-05-07 14:10:00,580,1,154.21
14815.0,2,744,778.5,2011-11-03 11:36:00,36,2,778.5
14816.0,1,5,271.85,2011-05-26 13:16:00,196,1,271.85
14817.0,7,2462,3959.86,2011-05-23 13:35:00,199,7,3959.86
14818.0,6,543,1153.56,2011-09-27 11:01:00,73,6,1153.56
14819.0,4,170,456.41,2011-10-06 13:41:00,63,4,456.41
14820.0,9,724,1274.76,2011-11-18 15:41:00,20,9,1274.76
14821.0,7,459,1230.15,2010-12-08 08:43:00,366,7,1230.15
14822.0,1,94,157.70000000000002,2010-08-11 12:52:00,484,1,157.70000000000002
14823.0,3,88,321.43,2011-06-12 13:12:00,179,3,321.43
14824.0,10,1954,4022.9100000000003,2011-11-29 14:20:00,9,10,4022.9100000000003
14825.0,24,2774,4735.08,2011-12-06 11:38:00,3,24,4735.08
14826.0,2,152,385.2,2010-05-07 09:00:00,581,2,385.2
14828.0,13,9718,9839.460000000001,2011-05-27 10:16:00,196,13,9839.460000000001
14829.0,7,957,1455.8700000000001,2011-11-10 16:16:00,28,7,1455.8700000000001
14830.0,1,164,188.88,2011-10-17 14:29:00,52,1,188.88
14831.0,3,885,1676.57,2010-01-28 14:31:00,679,3,1676.57
14832.0,1,1,322.69,2010-03-19 15:14:00,629,1,322.69
14833.0,1,58,94.8,2010-07-29 10:06:00,498,1,94.8
14834.0,7,872,2206.16,2011-11-22 10:30:00,17,7,2206.16
14835.0,2,180,297.0,2010-06-29 10:08:00,528,2,297.0
14836.0,3,45,102.44999999999999,2011-11-29 16:45:00,9,3,102.44999999999999
14837.0,9,3030,3460.32,2011-09-11 10:58:00,89,9,3460.32
14838.0,2,361,769.9200000000001,2010-10-12 15:46:00,422,2,769.9200000000001
14839.0,3,927,915.28,2010-10-17 13:01:00,417,3,915.28
14840.0,2,179,362.71,2011-03-17 12:00:00,267,2,362.71
14841.0,14,4164,7163.0,2011-10-17 15:03:00,52,14,7163.0
14842.0,4,1166,2824.69,2011-10-27 12:37:00,43,4,2824.69
14843.0,1,132,211.79999999999998,2010-09-29 12:39:00,436,1,211.79999999999998
14844.0,10,4369,6702.43,2011-10-07 10:41:00,63,10,6702.43
14845.0,1,600,150.0,2010-04-19 10:19:00,599,1,150.0
14846.0,1,193,437.4,2010-10-08 17:07:00,426,1,437.4
14847.0,3,533,1348.95,2011-07-14 10:52:00,148,3,1348.95
14848.0,1,260,310.56,2010-10-31 12:22:00,404,1,310.56
14849.0,43,11838,15407.61,2011-11-18 10:58:00,21,43,15407.61
14850.0,7,1393,1770.96,2011-02-01 11:21:00,311,7,1770.96
14851.0,3,631,829.4100000000001,2011-11-16 14:20:00,22,3,829.4100000000001
14852.0,18,4366,6132.43,2011-10-12 13:20:00,57,18,6132.43
14853.0,5,345,1376.87,2011-11-15 16:56:00,23,5,1376.87
14854.0,11,2987,4303.06,2011-09-22 17:00:00,77,11,4303.06
14855.0,7,3510,6520.3,2011-08-12 14:02:00,118,7,6520.3
14856.0,3,711,1290.53,2011-11-03 14:53:00,35,3,1290.53
14857.0,7,2081,3651.851,2011-10-11 09:23:00,59,7,3651.851
14858.0,1,105,180.75,2010-07-22 10:51:00,505,1,180.75
14859.0,5,888,1705.64,2011-11-27 11:18:00,12,5,1705.64
14860.0,1,232,170.32,2011-11-20 14:17:00,18,1,170.32
14861.0,10,1076,1380.73,2011-10-18 12:54:00,51,10,1380.73
14862.0,2,772,841.1999999999999,2011-11-14 10:01:00,25,2,841.1999999999999
14863.0,1,132,266.76,2011-11-10 15:04:00,28,1,266.76
14865.0,4,204,92.52000000000001,2011-12-02 16:25:00,6,4,92.52000000000001
14866.0,19,9089,20746.54,2011-11-29 11:45:00,10,19,20746.54
14867.0,16,996,2952.06,2011-06-07 11:39:00,185,16,2952.06
14868.0,12,2230,4184.01,2011-12-06 14:49:00,2,12,4184.01
14869.0,6,2130,2778.14,2011-12-01 12:36:00,8,6,2778.14
14870.0,6,483,1838.95,2011-03-23 10:51:00,261,6,1838.95
14871.0,9,446,1228.17,2011-12-06 13:42:00,2,9,1228.17
14872.0,3,662,816.6,2010-08-13 12:34:00,483,3,816.6
14873.0,2,311,854.13,2011-05-13 13:52:00,209,2,854.13
14874.0,1,148,116.18,2010-06-22 14:58:00,534,1,116.18
14875.0,3,1332,2862.4,2011-08-24 12:20:00,107,3,2862.4
14876.0,2,162,256.7,2010-07-06 14:57:00,520,2,256.7
14877.0,2,168,425.85,2010-10-17 13:09:00,417,2,425.85
14878.0,25,2416,4076.5,2011-11-27 11:15:00,12,25,4076.5
14879.0,1,104,185.06,2010-01-24 11:35:00,684,1,185.06
14880.0,3,365,690.59,2011-09-23 13:42:00,76,3,690.59
14881.0,1,316,255.4,2011-11-20 11:06:00,19,1,255.4
14882.0,14,1614,3546.65,2011-11-13 12:47:00,26,14,3546.65
14883.0,6,790,761.59,2011-11-21 10:23:00,18,6,761.59
14884.0,1,72,120.6,2010-02-08 12:56:00,668,1,120.6
14885.0,3,1308,1598.12,2011-07-31 12:05:00,131,3,1598.12
14886.0,1,160,364.8,2011-04-01 08:56:00,252,1,364.8
14887.0,1,1100,1862.0,2011-09-21 15:32:00,78,1,1862.0
14888.0,1,184,369.2,2011-05-16 14:58:00,206,1,369.2
14889.0,1,90,135.9,2011-01-07 15:19:00,335,1,135.9
14890.0,3,636,817.25,2011-03-31 11:57:00,253,3,817.25
14891.0,4,788,1106.73,2011-07-14 18:08:00,147,4,1106.73
14892.0,1,79,202.35000000000002,2010-01-18 08:58:00,690,1,202.35000000000002
14893.0,3,1047,1809.6100000000001,2011-11-30 12:31:00,9,3,1809.6100000000001
14894.0,3,603,1492.81,2011-09-15 13:51:00,84,3,1492.81
14895.0,38,10714,25119.54,2011-12-02 09:23:00,7,38,25119.54
14896.0,8,931,1826.0,2011-05-19 10:20:00,204,8,1826.0
14897.0,8,1162,3140.54,2011-12-02 10:32:00,7,8,3140.54
14898.0,14,2207,3365.95,2011-11-16 14:54:00,22,14,3365.95
14899.0,1,570,1331.38,2010-11-09 15:20:00,394,1,1331.38
14900.0,1,48,13.919999999999998,2010-07-05 15:09:00,521,1,13.919999999999998
14901.0,12,880,1919.0,2011-11-28 17:09:00,10,12,1919.0
14902.0,3,716,1035.6200000000001,2011-11-14 10:34:00,25,3,1035.6200000000001
14903.0,5,1531,2795.33,2011-11-18 16:07:00,20,5,2795.33
14904.0,4,2522,1630.49,2011-12-07 12:55:00,1,4,1630.49
14905.0,8,1009,1971.39,2011-07-05 12:41:00,157,8,1971.39
14906.0,1,1,68.44,2010-09-20 16:30:00,444,1,68.44
14907.0,16,2583,5547.72,2011-12-06 14:14:00,2,16,5547.72
14908.0,2,182,381.9,2011-09-26 12:56:00,73,2,381.9
14909.0,3,888,1404.68,2010-09-28 16:56:00,436,3,1404.68
14910.0,4,238,434.35,2011-12-07 10:06:00,2,4,434.35
14911.0,398,147972,291420.81,2011-12-08 15:54:00,0,398,291420.81
14912.0,6,1819,1889.25,2011-11-23 09:20:00,16,6,1889.25
14913.0,8,3955,4073.13,2011-11-04 08:29:00,35,8,4073.13
14915.0,11,707,1811.25,2011-09-09 13:34:00,90,11,1811.25
14916.0,8,2415,3042.95,2011-09-30 09:20:00,70,8,3042.95
14917.0,2,891,1123.75,2010-04-22 11:28:00,596,2,1123.75
14918.0,9,2551,5955.81,2011-08-16 11:50:00,115,9,5955.81
14919.0,1,129,359.35,2010-06-18 13:06:00,538,1,359.35
14920.0,3,886,1607.17,2011-05-11 10:32:00,212,3,1607.17
14921.0,2,953,1316.07,2011-11-09 13:17:00,29,2,1316.07
14922.0,2,376,843.74,2010-11-11 11:14:00,393,2,843.74
14923.0,1,418,749.1,2011-10-20 11:51:00,50,1,749.1
14924.0,3,312,931.01,2011-04-08 09:25:00,245,3,931.01
14926.0,2,204,359.4,2010-11-23 07:13:00,381,2,359.4
14927.0,1,196,308.2,2010-11-08 12:30:00,396,1,308.2
14928.0,1,268,223.91000000000003,2010-03-22 09:14:00,627,1,223.91000000000003
14929.0,2,487,836.69,2011-11-07 17:21:00,31,2,836.69
14930.0,6,2193,5236.7300000000005,2011-08-23 10:31:00,108,6,5236.7300000000005
14931.0,5,417,1257.68,2011-12-05 10:19:00,4,5,1257.68
14932.0,2,257,666.13,2010-12-09 11:48:00,365,2,666.13
14933.0,4,600,1770.0,2010-09-22 10:47:00,443,4,1770.0
14934.0,5,2100,3503.5,2011-09-19 10:10:00,81,5,3503.5
14935.0,2,1931,2849.83,2011-02-15 14:44:00,296,2,2849.83
14936.0,12,6274,12410.81,2011-11-06 10:30:00,33,12,12410.81
14937.0,3,484,1621.88,2011-10-14 12:29:00,56,3,1621.88
14938.0,2,1369,2322.43,2010-05-26 13:38:00,561,2,2322.43
14940.0,2,384,531.49,2010-10-18 10:47:00,417,2,531.49
14941.0,1,80,182.1,2010-05-10 11:30:00,578,1,182.1
14942.0,4,354,746.56,2010-11-03 10:51:00,401,4,746.56
14943.0,1,46,107.62,2010-02-14 16:04:00,662,1,107.62
14944.0,19,4864,9784.67,2011-11-10 09:10:00,29,19,9784.67
14945.0,1,156,179.4,2010-10-22 11:26:00,413,1,179.4
14946.0,1,22,100.9,2011-11-25 13:33:00,13,1,100.9
14947.0,6,416,1049.79,2011-09-28 15:48:00,71,6,1049.79
14948.0,6,673,1101.97,2011-11-16 17:16:00,22,6,1101.97
14949.0,4,250,515.0,2010-08-27 15:38:00,468,4,515.0
14950.0,1,136,371.2,2011-11-20 13:48:00,18,1,371.2
14951.0,1,311,311.69,2011-09-21 15:15:00,78,1,311.69
14952.0,32,6977,17629.35,2011-10-11 10:33:00,59,32,17629.35
14953.0,4,1014,971.32,2011-11-14 14:59:00,24,4,971.32
14954.0,2,209,462.12,2011-11-27 14:30:00,11,2,462.12
14955.0,1,74,163.77,2009-12-07 11:35:00,732,1,163.77
14956.0,1,2500,1325.0,2010-10-14 16:40:00,420,1,1325.0
14957.0,2,97,261.69,2011-03-31 17:59:00,252,2,261.69
14958.0,6,248,941.99,2011-07-15 14:20:00,146,6,941.99
14959.0,4,494,695.42,2011-10-06 18:23:00,63,4,695.42
14960.0,2,221,221.27,2011-12-01 12:54:00,7,2,221.27
14961.0,22,8372,16410.15,2011-11-29 09:42:00,10,22,16410.15
14962.0,4,123,366.91,2011-03-14 09:42:00,270,4,366.91
14963.0,12,2287,3123.57,2011-11-30 12:16:00,9,12,3123.57
14964.0,1,143,206.21,2011-04-06 14:13:00,246,1,206.21
14965.0,2,363,596.09,2011-09-04 13:20:00,95,2,596.09
14966.0,6,1060,1064.26,2011-11-25 12:20:00,14,6,1064.26
14967.0,6,652,1982.6100000000001,2011-10-21 11:06:00,49,6,1982.6100000000001
14968.0,2,257,501.24,2011-11-09 13:58:00,29,2,501.24
14969.0,1,665,906.23,2010-01-05 12:43:00,703,1,906.23
14970.0,12,982,4919.35,2011-10-02 13:44:00,67,12,4919.35
14971.0,3,639,1097.98,2011-11-04 17:07:00,34,3,1097.98
14972.0,2,40,145.07,2011-08-03 14:54:00,127,2,145.07
14973.0,3,369,1314.45,2011-08-24 15:51:00,106,3,1314.45
14974.0,1,37,89.94,2011-11-02 13:01:00,36,1,89.94
14975.0,2,507,472.39,2011-10-13 14:08:00,56,2,472.39
14976.0,7,234,790.86,2011-10-13 16:37:00,56,7,790.86
14977.0,1,17,31.929999999999996,2009-12-14 10:37:00,725,1,31.929999999999996
14978.0,10,736,3112.19,2011-09-28 13:07:00,71,10,3112.19
14979.0,1,209,429.66,2009-12-04 12:54:00,734,1,429.66
14980.0,1,79,150.68,2009-12-02 14:09:00,736,1,150.68
14981.0,2,241,372.92,2011-04-07 13:45:00,245,2,372.92
14982.0,1,125,237.78,2010-05-16 15:52:00,571,1,237.78
14983.0,1,90,183.20000000000002,2010-01-19 17:32:00,688,1,183.20000000000002
14984.0,6,348,1260.51,2011-11-20 14:28:00,18,6,1260.51
14985.0,2,256,292.01,2011-05-25 14:29:00,197,2,292.01
14986.0,2,338,563.1,2010-11-28 15:25:00,375,2,563.1
14987.0,8,607,1550.6499999999999,2011-11-24 09:59:00,15,8,1550.6499999999999
14988.0,7,1260,2038.65,2011-05-12 12:05:00,211,7,2038.65
14989.0,1,200,342.4,2010-02-16 10:40:00,661,1,342.4
14990.0,2,129,304.17,2010-04-06 13:54:00,611,2,304.17
14991.0,1,191,314.67,2010-10-05 13:01:00,429,1,314.67
14992.0,1,145,210.5,2010-09-23 17:48:00,441,1,210.5
14993.0,1,21,36.13,2010-05-25 12:47:00,563,1,36.13
14994.0,5,568,946.72,2010-11-22 12:59:00,381,5,946.72
14995.0,2,102,231.98000000000002,2011-11-01 11:39:00,38,2,231.98000000000002
14996.0,2,404,442.28999999999996,2010-08-15 13:44:00,480,2,442.28999999999996
14997.0,4,1408,776.5999999999999,2011-10-24 13:28:00,45,4,776.5999999999999
14998.0,4,352,753.18,2011-06-22 17:30:00,169,4,753.18
14999.0,1,88,129.48000000000002,2010-04-26 10:47:00,592,1,129.48000000000002
15000.0,1,218,490.52,2011-10-23 11:42:00,47,1,490.52
15001.0,2,70,199.10999999999999,2010-11-10 13:51:00,393,2,199.10999999999999
15002.0,9,2214,4138.08,2011-08-16 10:44:00,115,9,4138.08
15003.0,6,525,1027.03,2010-08-23 15:44:00,472,6,1027.03
15004.0,1,623,1220.77,2011-07-15 14:05:00,146,1,1220.77
15005.0,56,8666,13754.58,2011-11-24 12:25:00,15,56,13754.58
15006.0,2,387,757.78,2011-10-19 15:08:00,50,2,757.78
15007.0,1,69,156.91,2011-07-03 16:00:00,158,1,156.91
15008.0,2,1500,360.0,2010-08-16 13:09:00,479,2,360.0
15009.0,3,639,1259.43,2011-11-27 13:35:00,11,3,1259.43
15010.0,1,184,308.94,2011-11-04 12:42:00,35,1,308.94
15011.0,2,289,416.6,2010-11-09 11:10:00,395,2,416.6
15012.0,3,383,646.26,2011-10-17 12:22:00,53,3,646.26
15013.0,10,1715,1610.82,2010-08-09 12:05:00,487,10,1610.82
15014.0,2,149,257.67,2011-10-27 20:07:00,42,2,257.67
15015.0,13,1584,2354.97,2010-07-26 13:50:00,500,13,2354.97
15016.0,5,243,620.89,2011-06-20 12:06:00,172,5,620.89
15017.0,1,63,125.58,2011-11-06 10:33:00,33,1,125.58
15018.0,3,189,496.21000000000004,2011-11-01 12:47:00,38,3,496.21000000000004
15019.0,1,150,252.81,2011-03-18 12:35:00,266,1,252.81
15020.0,1,111,198.47,2010-11-25 13:29:00,378,1,198.47
15021.0,12,1079,2500.59,2011-12-01 11:53:00,8,12,2500.59
15022.0,5,640,1133.44,2011-11-28 12:35:00,11,5,1133.44
15023.0,20,4758,11578.65,2011-12-06 17:23:00,2,20,11578.65
15024.0,16,1924,3559.39,2011-11-30 12:06:00,9,16,3559.39
15025.0,2,503,979.79,2011-11-06 15:20:00,32,2,979.79
15026.0,5,655,1048.8899999999999,2011-09-20 13:52:00,79,5,1048.8899999999999
15027.0,10,2782,3195.6,2011-11-09 10:16:00,30,10,3195.6
15028.0,6,673,962.94,2011-12-01 14:06:00,7,6,962.94
15029.0,1,234,365.1,2010-03-30 12:16:00,619,1,365.1
15030.0,8,1225,1979.91,2011-09-29 10:50:00,71,8,1979.91
15031.0,14,1576,3102.94,2011-12-05 14:19:00,3,14,3102.94
15032.0,8,6601,11010.05,2011-03-28 15:03:00,255,8,11010.05
15033.0,10,1672,2557.18,2011-12-05 12:40:00,4,10,2557.18
15034.0,14,4748,8231.2,2011-11-24 12:11:00,15,14,8231.2
15035.0,1,245,252.73000000000002,2011-09-11 11:08:00,89,1,252.73000000000002
15036.0,3,316,429.56,2011-09-28 15:42:00,71,3,429.56
15037.0,2,298,397.76,2010-11-28 13:05:00,375,2,397.76
15038.0,9,381,1146.53,2011-10-12 11:33:00,58,9,1146.53
15039.0,93,17780,39141.48,2011-11-30 11:31:00,9,93,39141.48
15040.0,1,1,7.49,2010-06-16 11:40:00,541,1,7.49
15041.0,2,194,289.4,2011-06-22 16:16:00,169,2,289.4
15042.0,2,238,315.45,2011-05-24 16:25:00,198,2,315.45
15043.0,6,1019,2870.3199999999997,2011-11-08 14:26:00,30,6,2870.3199999999997
15044.0,35,5241,16024.15,2011-11-20 13:20:00,18,35,16024.15
15045.0,2,114,735.66,2011-07-11 11:33:00,151,2,735.66
15046.0,25,4585,7623.79,2011-11-30 15:50:00,8,25,7623.79
15047.0,1,222,343.62,2011-03-15 10:49:00,269,1,343.62
15048.0,4,192,381.0,2011-10-05 14:55:00,64,4,381.0
15049.0,1,63,121.17000000000002,2011-03-11 12:13:00,273,1,121.17000000000002
15050.0,5,2600,4087.19,2011-11-14 16:17:00,24,5,4087.19
15051.0,9,3052,3926.91,2011-11-16 15:38:00,22,9,3926.91
15052.0,1,79,207.73000000000002,2011-01-24 15:52:00,318,1,207.73000000000002
15053.0,3,984,693.95,2011-12-05 12:08:00,4,3,693.95
15054.0,2,198,302.1,2011-11-27 15:02:00,11,2,302.1
15055.0,3,225,549.12,2010-08-22 11:06:00,474,3,549.12
15056.0,1,69,113.64999999999999,2010-07-07 15:58:00,519,1,113.64999999999999
15057.0,5,1394,3255.96,2011-03-09 15:17:00,274,5,3255.96
15058.0,16,1645,3387.58,2011-11-14 14:57:00,24,16,3387.58
15059.0,19,1599,3491.2,2011-10-30 11:35:00,40,19,3491.2
15060.0,4,257,294.25,2011-12-01 13:47:00,7,4,294.25
15061.0,127,74280,126389.02,2011-12-06 12:06:00,3,127,126389.02
15062.0,8,1872,2585.62,2011-09-29 16:51:00,70,8,2585.62
15063.0,1,56,370.79999999999995,2011-05-10 13:25:00,212,1,370.79999999999995
15064.0,4,810,1254.41,2010-10-25 14:32:00,409,4,1254.41
15065.0,5,1446,3326.86,2011-11-02 09:45:00,37,5,3326.86
15066.0,1,317,893.59,2011-10-17 13:25:00,52,1,893.59
15067.0,5,2151,3862.88,2011-09-22 13:20:00,77,5,3862.88
15068.0,4,832,1174.9,2011-10-24 14:47:00,45,4,1174.9
15069.0,1,520,1109.53,2011-06-13 14:16:00,178,1,1109.53
15070.0,3,339,737.0500000000001,2010-12-02 11:23:00,372,3,737.0500000000001
15071.0,4,416,1455.56,2011-09-07 11:43:00,93,4,1455.56
15072.0,1,164,187.51999999999998,2010-08-17 15:46:00,478,1,187.51999999999998
15073.0,8,1410,2788.02,2011-11-30 10:44:00,9,8,2788.02
15074.0,3,1039,1553.1299999999999,2011-08-26 14:45:00,104,3,1553.1299999999999
15075.0,1,447,773.03,2011-09-23 12:27:00,77,1,773.03
15076.0,3,866,1447.74,2011-06-20 08:23:00,172,3,1447.74
15077.0,2,528,2428.08,2010-08-02 11:13:00,494,2,2428.08
15078.0,53,8777,17286.73,2011-12-02 15:41:00,6,53,17286.73
15079.0,11,1459,3625.4,2011-05-11 12:45:00,212,11,3625.4
15080.0,2,287,546.25,2010-10-08 11:52:00,427,2,546.25
15081.0,12,749,1854.57,2011-11-17 17:08:00,21,12,1854.57
15082.0,1,43,93.35000000000001,2010-02-09 10:23:00,668,1,93.35000000000001
15083.0,1,38,88.2,2011-03-28 12:18:00,256,1,88.2
15084.0,2,600,965.2,2010-11-25 11:58:00,379,2,965.2
15085.0,1,169,347.54,2009-12-10 11:47:00,729,1,347.54
15086.0,2,95,218.53,2010-05-24 12:27:00,564,2,218.53
15087.0,1,470,306.94,2011-03-03 10:34:00,281,1,306.94
15088.0,2,460,1160.07,2011-11-18 13:14:00,20,2,1160.07
15089.0,6,1359,2420.84,2011-11-29 16:31:00,9,6,2420.84
15090.0,1,208,381.32,2011-02-04 14:03:00,307,1,381.32
15091.0,3,582,1046.6100000000001,2011-10-03 12:47:00,67,3,1046.6100000000001
15092.0,3,230,776.46,2011-05-08 14:10:00,214,3,776.46
15093.0,23,10778,13702.38,2011-11-21 13:09:00,17,23,13702.38
15094.0,2,28,83.0,2010-09-02 16:55:00,462,2,83.0
15095.0,10,2233,3141.64,2011-08-28 12:01:00,103,10,3141.64
15096.0,1,120,219.39000000000001,2011-10-28 10:27:00,42,1,219.39000000000001
15097.0,3,424,908.35,2011-12-05 14:03:00,3,3,908.35
15098.0,3,121,39916.5,2011-06-10 15:33:00,181,3,39916.5
15099.0,1,343,410.48,2011-09-16 13:13:00,83,1,410.48
15100.0,7,270,2193.8999999999996,2011-01-10 10:35:00,333,7,2193.8999999999996
15101.0,6,676,1477.94,2011-12-01 10:18:00,8,6,1477.94
15102.0,2,339,554.67,2010-06-27 12:16:00,530,2,554.67
15103.0,2,329,703.36,2011-11-08 14:53:00,30,2,703.36
15104.0,2,635,993.54,2011-05-27 12:29:00,196,2,993.54
15105.0,9,1747,3094.91,2011-11-21 16:54:00,17,9,3094.91
15106.0,5,1181,1422.52,2011-11-22 09:16:00,17,5,1422.52
15107.0,9,330,824.35,2011-02-01 14:46:00,310,9,824.35
15108.0,4,499,1300.25,2011-07-21 10:24:00,141,4,1300.25
15109.0,3,258,983.1,2011-04-08 09:58:00,245,3,983.1
15110.0,6,337,1505.8500000000001,2011-11-16 11:16:00,23,6,1505.8500000000001
15111.0,5,1058,2442.37,2011-11-10 16:58:00,28,5,2442.37
15112.0,1,72,209.4,2010-04-07 14:17:00,610,1,209.4
15113.0,3,2344,3509.43,2011-11-30 08:23:00,9,3,3509.43
15114.0,12,3532,3400.12,2011-11-09 15:05:00,29,12,3400.12
15115.0,2,245,531.85,2011-11-21 14:59:00,17,2,531.85
15116.0,4,648,1352.75,2011-11-22 12:25:00,17,4,1352.75
15117.0,8,3093,2485.9700000000003,2011-11-25 08:12:00,14,8,2485.9700000000003
15118.0,1,1440,244.8,2011-07-28 14:54:00,133,1,244.8
15119.0,1,88,266.4,2011-04-08 09:08:00,245,1,266.4
15120.0,1,296,358.82,2011-07-29 09:48:00,133,1,358.82
15121.0,2,199,457.72,2011-10-20 14:51:00,49,2,457.72
15122.0,11,2033,4487.27,2011-08-17 16:48:00,113,11,4487.27
15123.0,5,2524,4656.17,2011-12-02 13:12:00,6,5,4656.17
15124.0,4,462,450.82,2011-11-17 10:09:00,22,4,450.82
15125.0,24,8433,17024.87,2011-11-14 13:57:00,24,24,17024.87
15126.0,2,273,449.49,2010-06-21 12:31:00,536,2,449.49
15127.0,2,464,711.5,2011-10-05 10:30:00,65,2,711.5
15128.0,5,1583,1783.68,2011-10-10 13:54:00,59,5,1783.68
15129.0,23,4002,6860.18,2011-10-20 14:40:00,49,23,6860.18
15130.0,1,197,330.11,2011-06-23 10:15:00,169,1,330.11
15131.0,1,88,80.28,2010-11-10 12:07:00,394,1,80.28
15132.0,5,679,977.9300000000001,2011-11-21 17:10:00,17,5,977.9300000000001
15133.0,5,960,1806.9,2011-08-04 10:44:00,127,5,1806.9
15134.0,10,1057,1596.29,2011-11-25 08:55:00,14,10,1596.29
15135.0,2,84,305.68,2011-04-14 19:16:00,238,2,305.68
15136.0,4,776,1286.7,2011-12-07 12:26:00,2,4,1286.7
15137.0,2,596,823.4,2010-07-07 09:41:00,520,2,823.4
15138.0,1,300,502.52,2010-11-11 09:16:00,393,1,502.52
15139.0,2,208,178.96,2011-04-14 11:39:00,239,2,178.96
15140.0,8,2010,3243.69,2011-10-18 14:07:00,51,8,3243.69
15141.0,7,1197,1388.47,2010-09-08 11:33:00,457,7,1388.47
15142.0,6,2155,2619.92,2011-10-24 12:51:00,45,6,2619.92
15143.0,2,320,563.63,2011-04-28 12:03:00,225,2,563.63
15144.0,29,5251,12160.31,2011-12-01 15:12:00,7,29,12160.31
15145.0,4,756,1194.73,2011-12-05 17:21:00,3,4,1194.73
15146.0,2,1473,1327.16,2011-06-28 12:09:00,164,2,1327.16
15147.0,1,366,623.5,2011-04-13 15:57:00,239,1,623.5
15148.0,1,187,301.29,2011-11-29 08:21:00,10,1,301.29
15149.0,5,380,1554.6100000000001,2011-07-29 10:58:00,133,5,1554.6100000000001
15150.0,13,6167,8977.94,2011-11-22 12:52:00,16,13,8977.94
15151.0,2,795,2085.61,2010-10-12 16:37:00,422,2,2085.61
15152.0,14,2994,5263.83,2011-11-30 12:32:00,9,14,5263.83
15153.0,1,198,329.25,2011-11-08 17:09:00,30,1,329.25
15154.0,3,333,1343.72,2011-09-25 16:05:00,74,3,1343.72
15155.0,1,192,383.96999999999997,2010-11-21 12:59:00,382,1,383.96999999999997
15156.0,3,597,961.49,2011-12-08 18:22:00,0,3,961.49
15157.0,5,3466,2654.11,2011-12-06 11:28:00,3,5,2654.11
15158.0,2,219,606.02,2011-10-25 13:53:00,44,2,606.02
15159.0,34,13512,22116.73,2011-12-08 12:05:00,1,34,22116.73
15160.0,4,307,589.27,2010-12-17 14:15:00,356,4,589.27
15161.0,1,144,119.92,2010-11-16 16:08:00,387,1,119.92
15162.0,1,74,312.9,2009-12-08 13:14:00,730,1,312.9
15163.0,2,186,304.47,2011-11-21 13:10:00,17,2,304.47
15164.0,9,912,2028.1100000000001,2011-10-02 12:05:00,68,9,2028.1100000000001
15165.0,1,160,487.75,2010-12-01 14:03:00,372,1,487.75
15166.0,1,140,167.16,2010-08-29 12:31:00,467,1,167.16
15167.0,5,863,1627.62,2011-01-23 12:41:00,320,5,1627.62
15168.0,1,52,106.56,2011-11-14 11:26:00,25,1,106.56
15169.0,2,356,569.22,2010-11-22 13:04:00,381,2,569.22
15170.0,1,33,81.15,2010-10-29 10:34:00,406,1,81.15
15171.0,1,290,1289.5,2011-01-12 15:36:00,330,1,1289.5
15172.0,5,1611,1624.05,2011-12-01 11:51:00,8,5,1624.05
15173.0,7,840,1494.6,2010-11-24 10:21:00,380,7,1494.6
15174.0,2,382,481.46,2011-01-21 09:06:00,322,2,481.46
15175.0,1,454,224.14,2011-09-29 11:31:00,71,1,224.14
15176.0,1,448,988.04,2010-02-10 10:36:00,667,1,988.04
15177.0,1,485,948.93,2010-10-10 12:48:00,425,1,948.93
15178.0,1,30,40.5,2011-03-24 15:12:00,259,1,40.5
15179.0,13,5416,7491.92,2011-11-21 12:53:00,17,13,7491.92
15180.0,3,654,816.9300000000001,2010-12-07 14:57:00,366,3,816.9300000000001
15181.0,5,688,1200.2,2011-10-04 13:58:00,65,5,1200.2
15182.0,11,1186,2998.952,2011-07-08 13:37:00,153,11,2998.952
15183.0,3,297,639.93,2010-06-10 10:43:00,547,3,639.93
15184.0,4,462,685.39,2011-11-10 13:41:00,28,4,685.39
15185.0,1,666,310.62,2011-09-30 14:06:00,69,1,310.62
15186.0,5,716,1403.2,2011-11-25 14:58:00,13,5,1403.2
15187.0,16,1887,4777.18,2011-12-08 11:56:00,1,16,4777.18
15188.0,1,233,310.43,2009-12-14 13:30:00,724,1,310.43
15189.0,46,6902,17524.38,2011-12-08 13:22:00,0,46,17524.38
15190.0,1,790,834.4399999999999,2010-10-01 13:09:00,433,1,834.4399999999999
15191.0,3,287,588.05,2010-09-02 15:37:00,462,3,588.05
15192.0,5,1448,1666.39,2011-08-12 11:41:00,119,5,1666.39
15193.0,1,144,499.32,2011-10-10 08:23:00,60,1,499.32
15194.0,28,8922,12021.53,2011-12-06 15:10:00,2,28,12021.53
15195.0,1,1404,3861.0,2011-12-07 12:20:00,2,1,3861.0
15196.0,2,130,313.7,2010-10-03 10:50:00,432,2,313.7
15197.0,6,1058,1877.51,2011-11-29 10:00:00,10,6,1877.51
15198.0,5,327,571.35,2011-09-08 14:42:00,91,5,571.35
15199.0,10,894,3122.4,2011-10-11 15:12:00,58,10,3122.4
15200.0,1,195,549.05,2010-08-02 09:38:00,494,1,549.05
15201.0,7,1660,1842.95,2011-09-13 14:53:00,86,7,1842.95
15202.0,3,3,6001.49,2010-10-15 13:05:00,419,3,6001.49
15203.0,15,4182,4400.18,2011-11-14 08:16:00,25,15,4400.18
15204.0,1,258,316.58,2010-12-17 13:49:00,356,1,316.58
15205.0,2,378,653.24,2011-09-15 19:36:00,84,2,653.24
15206.0,4,162,420.29999999999995,2011-11-29 13:41:00,9,4,420.29999999999995
15207.0,3,428,683.9200000000001,2010-10-19 13:29:00,415,3,683.9200000000001
15208.0,6,356,970.52,2011-12-08 17:24:00,0,6,970.52
15209.0,1,94,178.98000000000002,2009-12-09 17:26:00,729,1,178.98000000000002
15210.0,3,841,1176.19,2011-04-28 16:11:00,224,3,1176.19
15211.0,2,240,894.4100000000001,2011-10-10 13:31:00,59,2,894.4100000000001
15212.0,2,84,208.28,2011-04-12 13:45:00,240,2,208.28
15213.0,2,272,328.35,2011-01-25 12:21:00,318,2,328.35
15214.0,8,1254,1661.44,2011-12-08 12:07:00,1,8,1661.44
15215.0,7,776,2422.43,2011-10-24 11:41:00,46,7,2422.43
15216.0,2,217,486.09,2011-09-13 11:41:00,87,2,486.09
15217.0,1,190,426.24,2010-05-25 13:51:00,562,1,426.24
15218.0,22,6530,11468.83,2011-11-29 11:48:00,10,22,11468.83
15219.0,2,271,685.45,2011-06-16 16:57:00,175,2,685.45
15220.0,6,1393,1778.96,2011-10-19 12:39:00,51,6,1778.96
15221.0,4,244,2062.2000000000003,2010-12-08 13:08:00,365,4,2062.2000000000003
15222.0,11,4458,3550.91,2011-01-25 08:03:00,318,11,3550.91
15223.0,5,385,1417.95,2011-04-28 11:31:00,225,5,1417.95
15224.0,5,443,871.36,2010-12-16 15:02:00,357,5,871.36
15225.0,1,226,409.40000000000003,2011-04-19 14:51:00,233,1,409.40000000000003
15226.0,1,71,154.41,2011-02-02 11:41:00,310,1,154.41
15227.0,9,1217,2488.4900000000002,2011-11-03 11:59:00,36,9,2488.4900000000002
15228.0,6,3375,5580.2699999999995,2011-10-04 13:56:00,65,6,5580.2699999999995
15229.0,1,114,160.5,2010-05-02 13:50:00,585,1,160.5
15230.0,2,351,429.6,2011-04-14 14:39:00,238,2,429.6
15231.0,1,190,250.26,2010-03-28 15:12:00,620,1,250.26
15232.0,2,686,612.06,2011-08-18 16:27:00,112,2,612.06
15233.0,1,12,59.400000000000006,2010-11-03 13:36:00,400,1,59.400000000000006
15234.0,1,196,197.0,2011-03-08 08:53:00,276,1,197.0
15235.0,16,1676,2772.76,2011-05-06 09:44:00,217,16,2772.76
15236.0,1,269,321.05,2011-02-14 10:52:00,298,1,321.05
15237.0,4,1071,1412.32,2011-12-08 09:46:00,1,4,1412.32
15238.0,3,692,1071.99,2011-11-10 14:28:00,28,3,1071.99
15239.0,2,594,780.59,2011-11-29 14:14:00,9,2,780.59
15240.0,12,3214,4459.98,2011-10-26 09:50:00,44,12,4459.98
15241.0,11,3328,3050.16,2011-10-04 09:05:00,66,11,3050.16
15242.0,1,196,302.04,2010-10-13 15:33:00,421,1,302.04
15243.0,2,543,927.2800000000001,2011-09-26 14:12:00,73,2,927.2800000000001
15244.0,3,472,912.08,2011-10-05 13:19:00,64,3,912.08
15245.0,8,3021,4610.84,2011-07-28 18:56:00,133,8,4610.84
15246.0,3,359,780.4,2011-04-15 14:45:00,237,3,780.4
15247.0,3,514,976.06,2011-08-09 12:52:00,121,3,976.06
15248.0,3,1065,1893.93,2010-10-24 13:09:00,410,3,1893.93
15249.0,18,4980,9266.0,2011-11-08 11:45:00,31,18,9266.0
15250.0,1,48,60.0,2010-03-09 07:35:00,640,1,60.0
15251.0,21,12108,20324.54,2011-11-30 15:02:00,8,21,20324.54
15252.0,5,1430,2103.41,2011-11-03 13:30:00,35,5,2103.41
15253.0,8,1588,2055.09,2011-11-23 16:22:00,15,8,2055.09
15254.0,3,711,1088.35,2011-08-04 15:04:00,126,3,1088.35
15255.0,9,2214,3706.02,2011-10-04 12:43:00,66,9,3706.02
15256.0,2,92,170.4,2011-07-14 11:47:00,148,2,170.4
15257.0,2,71,685.9,2011-03-01 12:58:00,282,2,685.9
15258.0,2,142,623.16,2011-06-24 12:30:00,168,2,623.16
15259.0,4,631,1182.3799999999999,2010-07-15 08:47:00,512,4,1182.3799999999999
15260.0,25,4468,8767.73,2011-08-31 13:55:00,99,25,8767.73
15261.0,4,806,1508.0,2011-07-27 15:20:00,134,4,1508.0
15262.0,3,218,418.82,2011-01-20 12:16:00,323,3,418.82
15263.0,1,89,156.51,2011-08-25 10:26:00,106,1,156.51
15264.0,2,443,848.4,2011-10-06 13:49:00,63,2,848.4
15265.0,4,1570,3345.64,2011-07-11 14:46:00,150,4,3345.64
15266.0,5,236,852.21,2011-01-05 13:40:00,337,5,852.21
15267.0,5,944,1717.36,2011-11-17 15:59:00,21,5,1717.36
15268.0,3,428,961.9000000000001,2010-08-18 10:33:00,478,3,961.9000000000001
15269.0,3,372,1225.3600000000001,2011-11-16 09:32:00,23,3,1225.3600000000001
15270.0,21,4010,8524.86,2011-11-24 09:24:00,15,21,8524.86
15271.0,24,2412,4528.54,2011-12-02 14:11:00,6,24,4528.54
15272.0,6,665,2030.95,2011-10-13 12:59:00,56,6,2030.95
15273.0,1,216,228.96,2010-04-19 11:31:00,599,1,228.96
15274.0,2,619,716.57,2011-12-05 16:57:00,3,2,716.57
15275.0,1,498,615.14,2011-11-02 11:20:00,37,1,615.14
15276.0,4,317,619.8,2011-10-04 16:39:00,65,4,619.8
15277.0,2,373,476.34,2011-10-24 10:08:00,46,2,476.34
15278.0,4,458,496.15999999999997,2010-05-27 10:03:00,561,4,496.15999999999997
15279.0,5,802,1580.54,2010-12-20 10:48:00,354,5,1580.54
15280.0,3,507,397.52,2011-06-20 17:14:00,171,3,397.52
15281.0,16,5233,8543.57,2011-10-12 09:10:00,58,16,8543.57
15282.0,1,395,348.59,2010-05-18 16:27:00,569,1,348.59
15283.0,3,27,148.33,2010-11-14 14:54:00,389,3,148.33
15284.0,1,5,24.75,2010-07-27 13:25:00,499,1,24.75
15285.0,1,120,94.92,2010-10-28 09:46:00,407,1,94.92
15286.0,1,55,240.55,2011-10-21 11:08:00,49,1,240.55
15287.0,5,1010,856.03,2011-11-17 15:34:00,21,5,856.03
15288.0,10,1336,3715.38,2011-10-27 16:58:00,42,10,3715.38
15289.0,5,1627,1593.09,2011-11-10 13:49:00,28,5,1593.09
15290.0,26,6567,10496.28,2011-12-05 11:39:00,4,26,10496.28
15291.0,40,4905,13517.76,2011-11-14 11:02:00,25,40,13517.76
15292.0,1,55,178.39,2011-05-22 15:00:00,200,1,178.39
15293.0,1,178,247.5,2010-02-12 11:54:00,665,1,247.5
15294.0,1,97,233.35,2010-10-25 11:45:00,410,1,233.35
15295.0,1,139,207.04,2010-02-23 13:03:00,653,1,207.04
15296.0,12,5452,10323.03,2011-10-20 11:47:00,50,12,10323.03
15297.0,3,292,641.94,2011-11-29 16:32:00,9,3,641.94
15298.0,23,6000,9061.77,2011-12-07 17:17:00,1,23,9061.77
15299.0,10,3356,6156.53,2011-10-03 14:19:00,66,10,6156.53
15300.0,1,292,496.44,2011-10-06 17:08:00,63,1,496.44
15301.0,17,3763,6909.67,2011-10-20 09:57:00,50,17,6909.67
15302.0,1,102,308.0,2009-12-09 13:11:00,729,1,308.0
15303.0,3,514,1224.18,2011-02-22 13:59:00,289,3,1224.18
15304.0,9,112,796.4000000000001,2011-10-10 10:23:00,60,9,796.4000000000001
15305.0,1,40,93.6,2010-06-02 13:50:00,554,1,93.6
15306.0,9,3074,3484.73,2011-10-06 12:56:00,63,9,3484.73
15307.0,1,37,205.3,2011-09-05 11:38:00,95,1,205.3
15308.0,1,175,310.47,2011-03-10 13:08:00,273,1,310.47
15309.0,4,440,797.96,2010-04-08 11:11:00,610,4,797.96
15310.0,1,1476,1634.64,2010-08-18 11:38:00,478,1,1634.64
15311.0,208,70149,114966.42,2011-12-09 12:00:00,0,208,114966.42
15312.0,12,1693,2930.19,2011-09-25 13:10:00,74,12,2930.19
15313.0,1,25,52.0,2011-08-21 16:02:00,109,1,52.0
15314.0,3,750,820.4499999999999,2011-05-24 14:39:00,198,3,820.4499999999999
15315.0,2,862,570.5,2011-10-06 12:51:00,63,2,570.5
15316.0,1,100,165.0,2011-01-17 11:34:00,326,1,165.0
15317.0,1,45,129.75,2010-01-31 15:55:00,676,1,129.75
15318.0,1,642,312.62,2011-12-06 11:30:00,3,1,312.62
15319.0,1,175,204.5,2011-03-01 12:48:00,283,1,204.5
15320.0,1,326,267.13,2011-10-26 13:27:00,43,1,267.13
15321.0,12,3653,6709.7300000000005,2011-09-30 09:40:00,70,12,6709.7300000000005
15322.0,2,971,1390.86,2011-09-15 09:34:00,85,2,1390.86
15323.0,3,188,434.6,2010-05-26 10:01:00,562,3,434.6
15324.0,1,74,140.22000000000003,2010-01-07 14:37:00,700,1,140.22000000000003
15325.0,8,1382,1601.46,2011-08-28 11:55:00,103,8,1601.46
15326.0,5,1351,1700.52,2011-01-10 11:38:00,333,5,1700.52
15327.0,1,116,208.75,2011-10-18 11:55:00,52,1,208.75
15328.0,1,88,107.24,2010-10-28 09:05:00,407,1,107.24
15329.0,11,1217,2958.83,2011-10-31 15:36:00,38,11,2958.83
15330.0,2,1312,714.96,2011-11-07 17:50:00,31,2,714.96
15331.0,3,701,767.91,2010-07-28 09:42:00,499,3,767.91
15332.0,6,2306,4892.68,2010-12-08 14:43:00,365,6,4892.68
15333.0,1,344,1028.56,2011-05-15 13:27:00,207,1,1028.56
15334.0,3,273,350.82,2011-07-06 11:22:00,156,3,350.82
15335.0,1,79,170.22,2011-10-17 12:50:00,53,1,170.22
15336.0,1,84,240.5,2010-11-03 12:39:00,401,1,240.5
15337.0,1,200,373.02,2010-10-24 15:29:00,410,1,373.02
15338.0,1,148,277.93,2010-01-31 14:25:00,676,1,277.93
15339.0,7,1138,1821.02,2011-10-04 12:51:00,65,7,1821.02
15340.0,1,76,105.5,2010-05-27 10:27:00,561,1,105.5
15341.0,2,1008,2402.7200000000003,2011-09-20 09:40:00,80,2,2402.7200000000003
15342.0,1,283,406.09,2011-08-02 10:19:00,129,1,406.09
15343.0,1,84,364.5,2011-09-13 13:55:00,86,1,364.5
15344.0,3,116,563.94,2011-12-09 10:45:00,0,3,563.94
15345.0,1,81,393.54,2011-10-25 11:28:00,45,1,393.54
15346.0,3,260,596.12,2011-01-11 11:18:00,332,3,596.12
15347.0,4,542,1162.0,2010-12-08 15:25:00,365,4,1162.0
15348.0,1,84,158.04,2011-09-28 13:17:00,71,1,158.04
15349.0,2,321,463.90999999999997,2011-07-04 16:06:00,157,2,463.90999999999997
15350.0,2,272,547.6,2010-12-01 13:33:00,372,2,547.6
15351.0,10,1350,3430.22,2011-11-27 12:52:00,11,10,3430.22
15352.0,1,40,111.15,2010-06-09 11:28:00,548,1,111.15
15353.0,7,1391,2794.4700000000003,2011-03-30 12:15:00,254,7,2794.4700000000003
15354.0,3,3,284.4,2010-04-15 16:24:00,602,3,284.4
15355.0,2,45,277.05,2011-11-10 13:44:00,28,2,277.05
15356.0,13,1892,3239.57,2011-11-08 13:11:00,30,13,3239.57
15358.0,42,14902,16425.86,2011-12-05 09:04:00,4,42,16425.86
15359.0,8,145,181.35,2010-02-15 10:47:00,662,8,181.35
15360.0,1,223,427.93,2011-10-31 09:35:00,39,1,427.93
15361.0,4,373,689.07,2010-12-13 09:52:00,361,4,689.07
15362.0,2,368,613.08,2010-09-17 10:37:00,448,2,613.08
15363.0,2,383,678.11,2010-12-02 12:28:00,372,2,678.11
15364.0,2,493,913.19,2011-09-05 09:46:00,95,2,913.19
15365.0,13,2131,4557.13,2011-11-14 08:29:00,25,13,4557.13
15366.0,7,2447,2389.08,2011-09-25 15:01:00,74,7,2389.08
15367.0,11,2944,5081.33,2011-10-13 14:13:00,56,11,5081.33
15368.0,2,406,722.74,2011-11-18 14:42:00,20,2,722.74
15369.0,11,3288,6251.26,2010-08-04 13:54:00,491,11,6251.26
15370.0,8,1397,3739.01,2011-10-30 10:58:00,40,8,3739.01
15371.0,1,12,59.400000000000006,2010-02-15 13:14:00,661,1,59.400000000000006
15372.0,8,6410,6017.06,2011-07-25 16:39:00,136,8,6017.06
15373.0,17,726,3084.54,2011-12-01 15:05:00,7,17,3084.54
15374.0,2,290,307.32,2011-08-03 09:59:00,128,2,307.32
15375.0,1,84,60.959999999999994,2010-01-18 15:38:00,689,1,60.959999999999994
15376.0,3,615,1221.56,2011-10-30 15:04:00,39,3,1221.56
15377.0,4,253,1211.75,2010-11-22 08:55:00,382,4,1211.75
15378.0,2,130,246.5,2010-09-03 11:30:00,462,2,246.5
15379.0,8,3000,4877.84,2011-06-23 13:13:00,168,8,4877.84
15380.0,11,954,3248.96,2011-12-01 12:13:00,8,11,3248.96
15381.0,5,802,1890.5700000000002,2011-05-10 11:55:00,213,5,1890.5700000000002
15382.0,12,9178,13733.550000000001,2011-11-25 10:58:00,14,12,13733.550000000001
15384.0,4,1767,2027.79,2011-06-23 10:57:00,169,4,2027.79
15385.0,3,428,942.08,2011-10-30 15:11:00,39,3,942.08
15386.0,1,446,394.14,2011-06-06 13:47:00,185,1,394.14
15387.0,1,335,468.65,2010-08-04 16:05:00,491,1,468.65
15388.0,1,88,140.54,2011-03-14 13:53:00,269,1,140.54
15389.0,5,3940,2733.8,2011-06-20 16:18:00,171,5,2733.8
15390.0,2,894,1216.66,2010-11-08 15:19:00,395,2,1216.66
15391.0,1,109,289.87,2010-05-04 15:04:00,583,1,289.87
15392.0,7,2144,2911.62,2011-12-05 11:01:00,4,7,2911.62
15393.0,5,378,891.34,2011-11-23 16:48:00,15,5,891.34
15394.0,11,2372,5286.8,2011-11-30 11:49:00,9,11,5286.8
15395.0,1,17,107.45,2011-01-18 12:40:00,325,1,107.45
15396.0,2,278,796.38,2011-08-19 10:56:00,112,2,796.38
15397.0,1,20,94.0,2011-02-23 09:25:00,289,1,94.0
15398.0,2,769,1345.53,2011-11-23 16:47:00,15,2,1345.53
15399.0,3,611,815.77,2011-12-08 13:04:00,0,3,815.77
15400.0,8,662,1302.3,2011-09-08 13:57:00,91,8,1302.3
15401.0,2,93,216.95000000000002,2010-09-13 13:42:00,451,2,216.95000000000002
15402.0,6,2034,1830.54,2011-07-14 12:17:00,148,6,1830.54
15403.0,2,492,170.88,2010-08-05 12:21:00,491,2,170.88
15404.0,1,334,257.06,2010-11-29 11:03:00,375,1,257.06
15405.0,2,348,659.84,2011-06-03 14:44:00,188,2,659.84
15406.0,4,547,975.87,2011-11-08 13:22:00,30,4,975.87
15407.0,4,552,1046.74,2011-11-06 11:55:00,33,4,1046.74
15408.0,1,106,267.18,2011-03-20 15:02:00,263,1,267.18
15409.0,1,59,131.25,2009-12-18 15:35:00,720,1,131.25
15410.0,10,1902,4685.72,2011-09-16 14:47:00,83,10,4685.72
15411.0,4,529,1348.93,2011-11-13 15:19:00,25,4,1348.93
15412.0,1,108,190.53,2011-06-21 15:24:00,170,1,190.53
15413.0,5,2694,6798.72,2010-01-17 11:33:00,691,5,6798.72
15414.0,3,443,774.9000000000001,2011-11-30 09:50:00,9,3,774.9000000000001
15415.0,1,551,559.61,2011-01-30 14:13:00,312,1,559.61
15416.0,7,2420,4572.82,2011-10-06 09:38:00,64,7,4572.82
15417.0,1,284,508.8,2011-09-15 15:26:00,84,1,508.8
15418.0,2,264,449.42,2010-10-10 13:38:00,424,2,449.42
15419.0,1,230,135.86,2011-11-15 09:23:00,24,1,135.86
15420.0,6,844,743.0,2010-10-01 15:46:00,433,6,743.0
15421.0,10,1927,3805.34,2011-10-12 09:20:00,58,10,3805.34
15422.0,7,710,1619.97,2011-01-20 16:17:00,322,7,1619.97
15423.0,3,198,266.89,2011-11-01 14:01:00,37,3,266.89
15424.0,3,873,597.78,2011-03-30 13:02:00,253,3,597.78
15425.0,4,1041,1941.1200000000001,2010-11-04 18:13:00,399,4,1941.1200000000001
15426.0,9,1041,2156.35,2011-11-20 15:36:00,18,9,2156.35
15427.0,3,967,1430.54,2011-11-06 14:29:00,32,3,1430.54
15428.0,4,347,762.75,2011-11-24 16:54:00,14,4,762.75
15429.0,2,380,397.35,2011-11-13 12:28:00,26,2,397.35
15430.0,2,309,954.75,2010-08-29 10:42:00,467,2,954.75
15431.0,1,84,153.24,2010-07-25 12:44:00,502,1,153.24
15432.0,2,92,320.76,2011-11-16 16:30:00,22,2,320.76
15433.0,2,534,533.3,2011-05-10 10:45:00,213,2,533.3
15434.0,11,1423,2567.06,2011-12-01 13:33:00,7,11,2567.06
15435.0,1,54,149.29,2011-11-17 16:39:00,21,1,149.29
15436.0,3,574,1067.75,2011-11-27 16:05:00,11,3,1067.75
15437.0,2,177,393.45,2011-03-22 13:11:00,261,2,393.45
15438.0,1,59,156.57999999999998,2011-07-31 14:19:00,130,1,156.57999999999998
15439.0,4,572,1269.05,2010-10-31 10:38:00,404,4,1269.05
15440.0,3,197,383.68,2011-10-16 12:16:00,54,3,383.68
15441.0,3,587,1254.21,2010-11-08 15:50:00,395,3,1254.21
15442.0,1,120,594.0,2011-04-05 12:24:00,248,1,594.0
15443.0,14,2699,5114.23,2011-12-08 10:40:00,1,14,5114.23
15444.0,2,759,1411.21,2011-11-30 17:37:00,8,2,1411.21
15445.0,2,118,284.5,2011-03-20 15:06:00,263,2,284.5
15446.0,3,265,399.75,2010-11-28 11:59:00,376,3,399.75
15447.0,5,228,492.88,2011-01-13 11:26:00,330,5,492.88
15448.0,2,487,788.81,2011-01-31 10:42:00,312,2,788.81
15449.0,3,812,974.52,2011-11-13 15:02:00,25,3,974.52
15450.0,1,376,429.84,2011-11-09 17:11:00,29,1,429.84
15451.0,2,76,226.86,2010-10-01 13:40:00,433,2,226.86
15452.0,6,1087,1785.1100000000001,2011-11-10 12:13:00,29,6,1785.1100000000001
15453.0,7,837,1371.77,2011-12-08 10:59:00,1,7,1371.77
15454.0,2,146,305.99,2010-12-12 14:21:00,361,2,305.99
15455.0,1,3,38.25,2010-04-21 12:43:00,597,1,38.25
15456.0,10,2727,2091.52,2011-03-01 13:51:00,282,10,2091.52
15457.0,1,132,237.07,2011-03-22 15:31:00,261,1,237.07
15458.0,2,300,370.43999999999994,2011-11-14 13:08:00,24,2,370.43999999999994
15459.0,2,121,202.82999999999998,2010-10-18 15:25:00,416,2,202.82999999999998
15460.0,1,107,214.26,2010-12-20 16:08:00,353,1,214.26
15461.0,2,230,429.7,2010-09-05 12:31:00,460,2,429.7
15462.0,4,495,737.05,2011-09-06 13:11:00,93,4,737.05
15463.0,1,106,126.14,2011-11-10 12:57:00,28,1,126.14
15464.0,1,348,1044.65,2011-01-05 15:56:00,337,1,1044.65
15465.0,32,2638,12100.4,2011-11-20 10:11:00,19,32,12100.4
15466.0,4,941,1560.46,2011-09-15 14:08:00,84,4,1560.46
15467.0,3,310,524.88,2011-11-30 14:17:00,8,3,524.88
15468.0,3,1400,1430.48,2011-10-19 13:49:00,50,3,1430.48
15469.0,3,287,874.25,2011-10-20 16:21:00,49,3,874.25
15470.0,1,232,63.419999999999995,2010-05-13 09:35:00,575,1,63.419999999999995
15471.0,3,670,1292.01,2011-12-07 14:12:00,1,3,1292.01
15472.0,1,251,371.56,2011-08-18 15:17:00,112,1,371.56
15473.0,8,776,2046.0,2011-11-25 15:15:00,13,8,2046.0
15474.0,1,55,150.35,2010-04-23 11:14:00,595,1,150.35
15475.0,1,319,454.10999999999996,2011-09-23 15:20:00,76,1,454.10999999999996
15476.0,4,1174,2209.98,2010-11-24 15:17:00,379,4,2209.98
15477.0,1,216,368.4,2010-02-28 10:37:00,649,1,368.4
15478.0,3,894,1983.48,2011-10-30 14:19:00,39,3,1983.48
15479.0,1,38,147.4,2009-12-06 15:08:00,732,1,147.4
15480.0,5,1852,6279.0,2011-08-15 14:32:00,115,5,6279.0
15481.0,1,1450,1993.34,2010-11-03 14:52:00,400,1,1993.34
15482.0,19,6516,14417.36,2011-11-24 10:46:00,15,19,14417.36
15483.0,10,905,817.8199999999999,2011-07-01 13:07:00,160,10,817.8199999999999
15484.0,6,4074,4652.1,2011-12-08 15:03:00,0,6,4652.1
15485.0,7,2153,4810.92,2011-11-09 14:31:00,29,7,4810.92
15486.0,1,40,102.0,2010-06-30 13:15:00,526,1,102.0
15487.0,1,144,231.32,2010-01-29 12:07:00,679,1,231.32
15488.0,5,251,431.92,2011-09-08 10:11:00,92,5,431.92
15489.0,8,1264,2419.61,2011-11-17 08:53:00,22,8,2419.61
15490.0,1,82,210.85,2010-10-05 13:11:00,429,1,210.85
15491.0,6,1646,3100.09,2011-09-05 15:56:00,94,6,3100.09
15492.0,2,483,659.4599999999999,2011-11-11 14:53:00,27,2,659.4599999999999
15493.0,9,1206,4121.68,2011-11-07 12:04:00,32,9,4121.68
15494.0,5,3052,3702.6,2011-11-18 14:51:00,20,5,3702.6
15495.0,1,194,246.5,2010-11-25 13:46:00,378,1,246.5
15496.0,1,98,146.14000000000001,2010-03-18 13:16:00,630,1,146.14000000000001
15497.0,9,2937,8657.39,2011-11-22 11:51:00,17,9,8657.39
15498.0,44,12134,24972.86,2011-12-07 12:48:00,2,44,24972.86
15499.0,1,59,158.65,2009-12-16 12:17:00,723,1,158.65
15500.0,4,572,1131.56,2011-12-01 13:47:00,7,4,1131.56
15501.0,2,205,399.95,2010-10-31 11:15:00,404,2,399.95
15502.0,14,5559,13003.869999999999,2011-11-24 12:48:00,15,14,13003.869999999999
15503.0,2,130,257.3,2010-12-12 10:57:00,362,2,257.3
15504.0,4,141,402.7,2011-09-19 13:45:00,80,4,402.7
15505.0,5,2390,3610.96,2011-10-18 07:56:00,52,5,3610.96
15506.0,6,1637,2030.33,2011-11-17 12:11:00,22,6,2030.33
15507.0,1,160,475.86,2011-06-21 11:19:00,171,1,475.86
15508.0,6,440,1000.27,2011-06-03 15:43:00,188,6,1000.27
15509.0,1,58,152.41,2010-11-24 14:48:00,379,1,152.41
15510.0,1,2,250.0,2011-01-13 12:10:00,330,1,250.0
15511.0,5,269,900.53,2011-11-28 09:43:00,11,5,900.53
15512.0,4,235,331.58,2011-07-07 10:20:00,155,4,331.58
15513.0,35,10477,26437.05,2011-11-06 14:36:00,32,35,26437.05
15514.0,18,4087,6392.06,2011-11-27 14:40:00,11,18,6392.06
15515.0,1,131,171.81,2010-11-17 13:39:00,386,1,171.81
15516.0,3,27,62.43,2011-10-26 10:51:00,44,3,62.43
15517.0,1,293,267.03,2011-04-20 14:02:00,232,1,267.03
15518.0,15,2810,4189.99,2011-10-06 13:05:00,63,15,4189.99
15519.0,2,116,344.61,2010-11-21 14:35:00,382,2,344.61
15520.0,1,314,343.5,2011-12-08 10:58:00,1,1,343.5
15521.0,16,4507,7098.24,2011-10-30 13:42:00,39,16,7098.24
15522.0,2,572,397.99,2011-11-07 11:26:00,32,2,397.99
15523.0,16,15633,17259.19,2011-09-16 16:29:00,83,16,17259.19
15524.0,2,28,591.4,2011-11-15 12:09:00,24,2,591.4
15525.0,4,527,890.22,2011-12-07 14:43:00,1,4,890.22
15526.0,2,24,148.44,2011-11-06 15:04:00,32,2,148.44
15527.0,23,2211,5554.89,2011-11-21 12:17:00,18,23,5554.89
15528.0,1,123,229.33,2011-03-30 16:14:00,253,1,229.33
15529.0,12,4271,4783.66,2011-11-17 11:29:00,22,12,4783.66
15530.0,5,1328,1808.68,2011-11-18 12:25:00,21,5,1808.68
15531.0,2,1085,1972.39,2011-12-01 18:43:00,7,2,1972.39
15532.0,10,1337,3738.85,2011-11-14 14:51:00,24,10,3738.85
15533.0,3,289,807.57,2011-11-20 15:35:00,18,3,807.57
15534.0,1,63,162.25,2009-12-14 12:48:00,725,1,162.25
15535.0,6,314,1044.3700000000001,2011-06-19 16:02:00,172,6,1044.3700000000001
15536.0,1,242,259.09,2010-10-26 16:31:00,408,1,259.09
15537.0,1,29,110.92,2011-06-29 13:10:00,162,1,110.92
15538.0,6,1016,3358.3999999999996,2010-06-20 10:49:00,537,6,3358.3999999999996
15539.0,1,410,538.46,2011-12-02 13:36:00,6,1,538.46
15540.0,2,444,460.68,2011-11-28 13:51:00,10,2,460.68
15541.0,1,49,85.13000000000001,2011-08-17 14:58:00,113,1,85.13000000000001
15542.0,3,418,855.71,2010-07-15 13:32:00,511,3,855.71
15543.0,2,167,242.26,2011-02-24 15:26:00,287,2,242.26
15544.0,20,6745,7807.89,2011-11-30 16:43:00,8,20,7807.89
15545.0,2,162,288.96999999999997,2011-10-16 13:24:00,53,2,288.96999999999997
15546.0,2,198,1079.1000000000001,2010-04-12 11:51:00,606,2,1079.1000000000001
15547.0,26,7278,10057.05,2011-12-02 12:52:00,6,26,10057.05
15548.0,1,64,158.09,2010-04-23 12:20:00,595,1,158.09
15549.0,8,936,2334.16,2011-09-23 16:22:00,76,8,2334.16
15550.0,12,1139,2211.05,2011-12-05 15:38:00,3,12,2211.05
15551.0,7,796,1679.81,2011-11-03 12:37:00,36,7,1679.81
15552.0,2,166,252.52,2011-05-06 14:47:00,216,2,252.52
15553.0,1,449,428.93,2011-10-10 14:02:00,59,1,428.93
15554.0,1,74,217.2,2011-03-07 09:00:00,277,1,217.2
15555.0,36,8511,11243.91,2011-11-27 16:19:00,11,36,11243.91
15556.0,1,236,279.77,2011-11-15 16:08:00,23,1,279.77
15557.0,1,213,468.91,2011-11-11 12:46:00,28,1,468.91
15558.0,1,73,202.68,2010-03-10 15:25:00,638,1,202.68
15559.0,1,526,1109.4,2010-05-20 14:06:00,567,1,1109.4
15560.0,2,72,153.52,2010-11-07 10:15:00,397,2,153.52
15561.0,8,1334,1934.3899999999999,2011-11-28 11:07:00,11,8,1934.3899999999999
15562.0,3,560,671.4300000000001,2010-12-23 09:55:00,351,3,671.4300000000001
15563.0,7,3005,2859.46,2011-11-17 14:50:00,21,7,2859.46
15564.0,2,42,70.74000000000001,2010-09-02 15:52:00,462,2,70.74000000000001
15565.0,2,60,173.16,2011-10-20 14:33:00,49,2,173.16
15566.0,2,153,227.87,2010-11-12 12:11:00,392,2,227.87
15567.0,1,223,186.01,2011-11-21 10:48:00,18,1,186.01
15568.0,3,461,758.29,2011-12-07 11:27:00,2,3,758.29
15569.0,10,1734,3583.45,2011-08-28 10:15:00,103,10,3583.45
15570.0,25,4079,8736.49,2011-12-02 14:47:00,6,25,8736.49
15571.0,14,2411,3892.35,2011-11-28 10:02:00,11,14,3892.35
15572.0,10,2089,3965.2,2011-12-05 10:09:00,4,10,3965.2
15573.0,5,770,1188.42,2011-11-08 11:38:00,31,5,1188.42
15574.0,6,750,1101.44,2011-06-15 12:01:00,177,6,1101.44
15575.0,1,6,30.1,2010-03-30 12:50:00,619,1,30.1
15576.0,1,394,921.37,2011-11-02 12:03:00,37,1,921.37
15577.0,5,120,396.03000000000003,2011-07-11 17:03:00,150,5,396.03000000000003
15578.0,1,52,127.1,2011-06-30 13:03:00,161,1,127.1
15579.0,5,713,1250.63,2011-10-02 12:45:00,68,5,1250.63
15580.0,8,955,1375.39,2010-11-28 11:00:00,376,8,1375.39
15581.0,38,3028,7480.4,2011-08-11 09:38:00,120,38,7480.4
15582.0,3,453,682.9100000000001,2011-11-15 09:55:00,24,3,682.9100000000001
15583.0,1,56,95.96,2010-11-28 15:04:00,375,1,95.96
15584.0,6,483,1268.2,2011-11-16 10:55:00,23,6,1268.2
15585.0,1,320,455.3,2011-06-16 08:38:00,176,1,455.3
15586.0,3,1338,1139.1,2010-04-26 11:00:00,592,3,1139.1
15587.0,7,528,1522.0800000000002,2011-10-20 13:37:00,49,7,1522.0800000000002
15588.0,1,96,579.6,2010-01-31 12:19:00,677,1,579.6
15589.0,3,243,478.53000000000003,2011-03-29 09:54:00,255,3,478.53000000000003
15590.0,5,832,1496.6,2010-11-22 14:49:00,381,5,1496.6
15591.0,3,58,217.9,2010-05-06 09:23:00,582,3,217.9
15592.0,1,354,388.58,2011-10-24 08:59:00,46,1,388.58
15593.0,1,60,199.8,2011-09-30 11:46:00,70,1,199.8
15594.0,5,983,1771.78,2011-11-24 08:53:00,15,5,1771.78
15595.0,1,144,357.6,2010-08-09 12:27:00,487,1,357.6
15596.0,9,1208,2727.72,2011-08-31 10:55:00,100,9,2727.72
15597.0,2,393,563.37,2011-11-04 13:26:00,34,2,563.37
15598.0,2,404,548.02,2011-10-17 16:04:00,52,2,548.02
15599.0,3,1098,1250.06,2011-11-13 11:44:00,26,3,1250.06
15600.0,4,657,1199.31,2010-10-07 14:30:00,427,4,1199.31
15601.0,30,10395,14191.74,2011-11-28 15:15:00,10,30,14191.74
15602.0,16,2292,3137.96,2011-12-01 14:14:00,7,16,3137.96
15603.0,2,128,88.48,2011-09-22 10:04:00,78,2,88.48
15604.0,1,159,216.39,2011-10-18 14:47:00,51,1,216.39
15605.0,9,641,1741.95,2011-11-03 14:17:00,35,9,1741.95
15606.0,17,1615,5230.99,2011-10-09 15:47:00,60,17,5230.99
15607.0,9,1470,1708.97,2011-01-07 12:44:00,336,9,1708.97
15608.0,5,1262,1785.98,2011-11-11 13:20:00,27,5,1785.98
15609.0,1,148,298.48,2011-06-08 13:00:00,183,1,298.48
15610.0,1,66,112.46000000000001,2011-10-19 10:36:00,51,1,112.46000000000001
15611.0,26,747,2997.28,2011-11-30 12:36:00,9,26,2997.28
15612.0,2,52,195.15,2011-11-03 14:52:00,35,2,195.15
15613.0,1,700,433.71999999999997,2010-04-08 12:51:00,609,1,433.71999999999997
15614.0,4,1632,3147.36,2010-09-28 10:46:00,437,4,3147.36
15615.0,47,12090,21373.97,2011-11-29 14:42:00,9,47,21373.97
15616.0,1,137,317.11,2010-09-27 13:10:00,437,1,317.11
15617.0,3,485,828.5500000000001,2010-11-08 16:07:00,395,3,828.5500000000001
15618.0,4,454,776.851,2011-11-07 08:34:00,32,4,776.851
15619.0,1,136,336.40000000000003,2011-11-29 08:14:00,10,1,336.40000000000003
15620.0,4,1249,1942.36,2011-10-14 12:41:00,56,4,1942.36
15621.0,4,501,1293.03,2011-12-05 14:01:00,3,4,1293.03
15622.0,17,4091,7852.61,2011-10-27 16:44:00,42,17,7852.61
15623.0,8,1087,2437.05,2011-07-21 17:26:00,140,8,2437.05
15624.0,4,357,588.13,2011-08-15 11:38:00,116,4,588.13
15625.0,9,3020,3236.4,2011-08-28 10:21:00,103,9,3236.4
15626.0,3,1138,1067.52,2011-09-26 10:03:00,74,3,1067.52
15627.0,2,344,566.9,2010-09-08 14:14:00,456,2,566.9
15628.0,17,3569,5333.08,2011-12-05 10:24:00,4,17,5333.08
15629.0,4,1518,2240.9,2010-09-15 13:46:00,449,4,2240.9
15630.0,3,987,1481.4,2011-10-25 15:36:00,44,3,1481.4
15631.0,1,525,596.67,2010-03-07 14:52:00,641,1,596.67
15632.0,8,2109,3285.31,2011-11-24 09:51:00,15,8,3285.31
15633.0,13,2048,4335.96,2010-07-18 13:54:00,508,13,4335.96
15634.0,2,227,554.65,2011-11-22 16:28:00,16,2,554.65
15635.0,1,5,100.35,2010-11-09 08:58:00,395,1,100.35
15636.0,4,560,1444.58,2011-09-11 11:17:00,89,4,1444.58
15637.0,5,651,797.59,2011-10-18 08:28:00,52,5,797.59
15638.0,6,1134,2265.2,2010-11-26 11:52:00,378,6,2265.2
15639.0,3,849,1065.08,2011-07-28 14:30:00,133,3,1065.08
15640.0,29,12140,23494.31,2011-12-05 14:35:00,3,29,23494.31
15641.0,12,4422,5345.55,2011-08-26 14:04:00,104,12,5345.55
15642.0,1,270,105.78000000000002,2009-12-10 11:51:00,729,1,105.78000000000002
15643.0,3,246,664.0,2011-06-01 07:38:00,191,3,664.0
15644.0,4,550,803.54,2011-06-26 14:54:00,165,4,803.54
15645.0,3,396,1055.17,2011-11-21 11:55:00,18,3,1055.17
15646.0,5,821,784.8100000000001,2011-07-05 09:53:00,157,5,784.8100000000001
15647.0,1,124,169.0,2010-10-20 15:09:00,414,1,169.0
15648.0,2,218,639.5,2011-05-19 15:53:00,203,2,639.5
15649.0,4,365,1660.35,2011-01-07 13:34:00,335,4,1660.35
15650.0,2,210,553.88,2010-07-06 10:41:00,521,2,553.88
15651.0,5,871,1259.06,2011-11-03 08:41:00,36,5,1259.06
15652.0,5,657,1405.94,2011-09-09 14:22:00,90,5,1405.94
15653.0,2,1200,877.4399999999999,2011-09-08 10:49:00,92,2,877.4399999999999
15654.0,2,475,922.53,2011-11-30 13:08:00,8,2,922.53
15655.0,1,324,560.67,2011-04-10 15:25:00,242,1,560.67
15656.0,4,343,748.5,2011-10-25 14:56:00,44,4,748.5
15657.0,1,24,30.0,2011-11-17 12:19:00,22,1,30.0
15658.0,8,627,2117.27,2011-06-02 15:22:00,189,8,2117.27
15659.0,3,161,532.49,2011-10-27 09:23:00,43,3,532.49
15660.0,15,1783,2603.69,2011-11-14 16:58:00,24,15,2603.69
15661.0,8,779,1215.95,2011-01-26 13:56:00,316,8,1215.95
15662.0,2,145,283.73,2010-02-16 16:47:00,660,2,283.73
15663.0,1,106,138.14,2011-08-25 15:50:00,105,1,138.14
15664.0,4,530,1254.03,2011-10-20 10:57:00,50,4,1254.03
15665.0,5,2777,3987.07,2011-06-24 14:57:00,167,5,3987.07
15666.0,2,469,632.9399999999999,2010-08-24 16:14:00,471,2,632.9399999999999
15667.0,1,240,301.32,2011-10-31 10:56:00,39,1,301.32
15668.0,1,72,76.32000000000001,2011-05-06 10:39:00,217,1,76.32000000000001
15669.0,4,342,684.34,2011-10-30 16:03:00,39,4,684.34
15670.0,2,132,325.2,2011-02-16 10:50:00,296,2,325.2
15671.0,7,1699,2657.13,2011-11-21 12:43:00,18,7,2657.13
15672.0,1,10,45.300000000000004,2009-12-14 16:52:00,724,1,45.300000000000004
15673.0,9,3274,6204.32,2011-09-12 16:12:00,87,9,6204.32
15674.0,13,3648,6948.2300000000005,2011-09-27 15:17:00,72,13,6948.2300000000005
15675.0,4,624,542.04,2011-09-19 13:48:00,80,4,542.04
15676.0,3,2252,3435.76,2011-11-21 12:40:00,18,3,3435.76
15677.0,3,675,1305.63,2011-10-21 15:36:00,48,3,1305.63
15678.0,3,1022,1825.94,2011-10-18 09:25:00,52,3,1825.94
15679.0,4,1170,781.28,2011-11-15 16:19:00,23,4,781.28
15680.0,10,2743,4028.69,2011-11-30 13:46:00,8,10,4028.69
15681.0,14,1392,2989.7,2011-11-14 16:30:00,24,14,2989.7
15682.0,2,222,318.24,2010-04-19 15:30:00,598,2,318.24
15683.0,2,332,524.54,2011-08-14 12:56:00,116,2,524.54
15684.0,3,77,173.95,2010-06-10 18:51:00,546,3,173.95
15685.0,1,36,55.980000000000004,2010-09-15 13:43:00,449,1,55.980000000000004
15686.0,1,72,90.0,2010-10-15 13:50:00,419,1,90.0
15687.0,9,1310,2993.1,2011-12-01 08:33:00,8,9,2993.1
15688.0,1,95,190.57,2010-10-17 12:06:00,418,1,190.57
15689.0,3,207,521.03,2011-08-12 09:37:00,119,3,521.03
15690.0,2,408,239.76,2011-12-05 15:59:00,3,2,239.76
15691.0,4,212,571.3,2011-04-01 15:13:00,251,4,571.3
15692.0,1,138,191.04,2011-11-11 14:12:00,27,1,191.04
15693.0,1,30,37.5,2010-02-18 14:37:00,658,1,37.5
15694.0,24,2467,9978.48,2011-12-09 09:44:00,0,24,9978.48
15695.0,4,484,1131.04,2011-03-18 08:32:00,266,4,1131.04
15696.0,13,1386,3881.2200000000003,2011-11-06 14:02:00,32,13,3881.2200000000003
15697.0,1,127,246.75,2010-01-19 09:10:00,689,1,246.75
15698.0,1,60,46.2,2010-03-25 17:38:00,623,1,46.2
15699.0,1,113,309.65,2011-11-22 08:26:00,17,1,309.65
15700.0,2,357,696.68,2011-06-20 16:53:00,171,2,696.68
15701.0,4,912,1529.0,2011-12-07 14:39:00,1,4,1529.0
15702.0,2,103,140.39000000000001,2010-08-20 14:50:00,475,2,140.39000000000001
15703.0,1,66,211.5,2011-03-20 10:51:00,264,1,211.5
15704.0,6,1709,3734.6600000000003,2011-07-22 13:35:00,139,6,3734.6600000000003
15705.0,1,62,143.1,2011-05-22 15:37:00,200,1,143.1
15706.0,4,321,1060.56,2011-10-07 10:09:00,63,4,1060.56
15707.0,4,594,916.98,2011-11-04 14:35:00,34,4,916.98
15708.0,9,1465,3887.15,2011-10-30 10:54:00,40,9,3887.15
15709.0,2,169,327.85,2011-03-01 10:38:00,283,2,327.85
15710.0,1,641,898.87,2010-10-18 17:05:00,416,1,898.87
15711.0,2,199,420.25,2010-06-01 12:14:00,556,2,420.25
15712.0,12,1277,3472.4100000000003,2011-11-30 14:09:00,8,12,3472.4100000000003
15713.0,4,451,839.64,2011-07-19 13:34:00,142,4,839.64
15714.0,5,361,783.96,2011-11-28 11:26:00,11,5,783.96
15715.0,5,246,658.02,2010-06-02 09:56:00,555,5,658.02
15716.0,11,1379,2485.26,2011-07-17 11:59:00,145,11,2485.26
15717.0,5,224,607.0,2011-04-19 13:21:00,233,5,607.0
15718.0,1,95,293.79,2010-06-17 16:20:00,539,1,293.79
15719.0,31,5356,10195.97,2011-11-07 12:29:00,32,31,10195.97
15720.0,2,327,739.22,2011-11-15 14:48:00,23,2,739.22
15721.0,1,388,471.40000000000003,2011-11-28 12:14:00,11,1,471.40000000000003
15722.0,11,2279,5234.0,2011-11-04 11:43:00,35,11,5234.0
15723.0,4,427,930.7,2010-12-10 11:12:00,364,4,930.7
15724.0,3,117,310.85,2011-05-22 14:40:00,200,3,310.85
15725.0,1,221,415.25,2011-11-24 14:51:00,14,1,415.25
15726.0,1,123,321.91,2010-11-14 16:12:00,389,1,321.91
15727.0,15,5908,9371.71,2011-11-23 12:36:00,16,15,9371.71
15728.0,2,132,544.6,2010-11-25 10:39:00,379,2,544.6
15729.0,3,47,192.55,2011-05-11 12:36:00,212,3,192.55
15730.0,5,1061,1726.58,2011-10-05 12:31:00,65,5,1726.58
15731.0,1,122,125.3,2010-06-04 10:10:00,553,1,125.3
15732.0,10,1264,1543.97,2011-05-11 14:24:00,211,10,1543.97
15733.0,1,62,162.3,2011-03-02 09:05:00,282,1,162.3
15734.0,4,516,2263.3,2011-08-17 10:50:00,114,4,2263.3
15735.0,1,206,327.68,2010-10-14 13:38:00,420,1,327.68
15736.0,2,1208,1767.12,2010-09-30 14:20:00,434,2,1767.12
15737.0,8,597,1188.1200000000001,2011-11-25 11:21:00,14,8,1188.1200000000001
15738.0,41,9030,13043.32,2011-11-21 08:26:00,18,41,13043.32
15739.0,1,472,449.12,2011-10-04 13:42:00,65,1,449.12
15740.0,1,152,154.88,2011-10-21 14:29:00,48,1,154.88
15741.0,2,70,208.62,2010-09-07 16:21:00,457,2,208.62
15742.0,1,51,156.87,2010-03-30 15:25:00,618,1,156.87
15743.0,4,214,775.96,2011-11-23 17:19:00,15,4,775.96
15744.0,1,120,34.8,2011-09-23 09:52:00,77,1,34.8
15745.0,4,421,1094.59,2011-11-20 13:45:00,18,4,1094.59
15746.0,1,178,196.88,2011-07-28 15:21:00,133,1,196.88
15747.0,9,1344,2499.81,2011-11-27 12:26:00,12,9,2499.81
15748.0,3,261,609.8100000000001,2011-10-30 12:51:00,39,3,609.8100000000001
15749.0,3,18028,44534.3,2011-04-18 13:20:00,234,3,44534.3
15750.0,18,4281,6452.991,2011-12-07 12:34:00,2,18,6452.991
15751.0,11,443,1380.44,2010-09-05 12:44:00,460,11,1380.44
15752.0,9,2792,3924.91,2011-10-31 11:37:00,39,9,3924.91
15753.0,1,144,79.2,2011-02-08 12:41:00,304,1,79.2
15754.0,9,1762,3037.61,2011-10-19 14:40:00,50,9,3037.61
15755.0,17,4034,5993.12,2011-11-29 14:57:00,9,17,5993.12
15756.0,4,241,528.01,2011-10-09 13:30:00,60,4,528.01
15757.0,6,1757,2940.36,2011-10-05 12:14:00,65,6,2940.36
15758.0,1,47,205.25,2011-11-15 10:48:00,24,1,205.25
15759.0,7,523,830.9300000000001,2011-05-05 15:13:00,217,7,830.9300000000001
15760.0,2,2,13916.34,2010-03-19 11:45:00,630,2,13916.34
15761.0,1,31,143.05,2010-09-23 09:33:00,442,1,143.05
15762.0,2,251,583.75,2011-10-05 16:15:00,64,2,583.75
15763.0,2,271,1086.92,2011-11-08 09:44:00,31,2,1086.92
15764.0,8,2945,4503.08,2011-09-12 17:58:00,87,8,4503.08
15765.0,1,335,370.63,2010-02-11 10:25:00,666,1,370.63
15766.0,3,334,831.06,2011-10-06 17:03:00,63,3,831.06
15768.0,34,4215,15308.89,2011-08-16 10:48:00,115,34,15308.89
15769.0,46,49068,88612.52,2011-12-02 13:52:00,6,46,88612.52
15770.0,1,67,321.45,2010-04-06 11:47:00,612,1,321.45
15771.0,3,512,1006.54,2010-04-14 13:56:00,603,3,1006.54
15772.0,1,110,280.88,2010-10-17 13:33:00,417,1,280.88
15773.0,2,410,774.52,2011-12-04 12:48:00,5,2,774.52
15774.0,6,465,1288.34,2011-10-02 12:04:00,68,6,1288.34
15775.0,2,260,150.5,2011-04-08 12:56:00,244,2,150.5
15776.0,1,138,241.62,2011-07-29 13:46:00,132,1,241.62
15777.0,7,599,1762.61,2011-04-12 16:43:00,240,7,1762.61
15778.0,1,101,307.95,2010-10-04 15:10:00,430,1,307.95
15779.0,2,20,124.08000000000001,2010-09-02 16:40:00,462,2,124.08000000000001
15780.0,3,220,475.28000000000003,2011-06-09 12:01:00,183,3,475.28000000000003
15781.0,3,180,345.46,2011-11-14 14:57:00,24,3,345.46
15782.0,4,1844,4014.1,2011-11-30 10:49:00,9,4,4014.1
15783.0,1,212,246.3,2011-11-29 09:50:00,10,1,246.3
15784.0,2,381,848.3299999999999,2010-08-29 10:38:00,467,2,848.3299999999999
15785.0,16,4479,5969.93,2011-11-07 11:33:00,32,16,5969.93
15786.0,5,5957,8501.62,2011-10-24 14:13:00,45,5,8501.62
15787.0,3,534,933.26,2011-11-13 14:55:00,25,3,933.26
15788.0,1,115,221.82999999999998,2010-07-19 12:48:00,508,1,221.82999999999998
15789.0,6,2499,1962.01,2010-12-16 14:35:00,357,6,1962.01
15790.0,1,113,218.75,2011-11-29 14:53:00,9,1,218.75
15791.0,5,1970,3608.34,2011-10-27 10:14:00,43,5,3608.34
15792.0,2,606,933.84,2010-11-05 08:21:00,399,2,933.84
15793.0,8,1685,2399.57,2011-11-25 09:31:00,14,8,2399.57
15794.0,2,288,777.0,2009-12-03 13:04:00,735,2,777.0
15795.0,8,1411,1979.8700000000001,2011-07-13 10:43:00,149,8,1979.8700000000001
15796.0,17,1733,5171.63,2011-12-08 19:55:00,0,17,5171.63
15797.0,6,1281,2821.08,2011-08-18 17:04:00,112,6,2821.08
15798.0,3,915,1535.37,2010-08-04 09:13:00,492,3,1535.37
15799.0,4,1341,1421.34,2011-09-25 12:46:00,75,4,1421.34
15800.0,7,575,1227.07,2011-08-24 14:23:00,106,7,1227.07
15801.0,3,570,1063.95,2011-10-24 13:52:00,45,3,1063.95
15802.0,1,1,451.42,2011-07-20 11:38:00,142,1,451.42
15803.0,4,1030,1929.66,2011-10-19 14:56:00,50,4,1929.66
15804.0,13,2565,4206.39,2011-12-09 12:31:00,0,13,4206.39
15805.0,30,6205,10148.93,2011-11-16 16:32:00,22,30,10148.93
15806.0,3,602,784.58,2011-10-24 14:35:00,45,3,784.58
15807.0,5,1532,1817.52,2011-10-20 14:10:00,49,5,1817.52
15808.0,21,6753,17180.25,2011-02-06 14:33:00,305,21,17180.25
15809.0,7,700,1274.44,2011-11-03 16:40:00,35,7,1274.44
15810.0,8,1653,2999.04,2011-09-22 09:38:00,78,8,2999.04
15811.0,7,1781,3486.15,2011-11-17 15:31:00,21,7,3486.15
15812.0,12,3450,5201.47,2011-08-24 14:19:00,106,12,5201.47
15813.0,2,603,1303.9099999999999,2011-05-16 08:13:00,207,2,1303.9099999999999
15814.0,6,1728,2634.44,2011-11-23 08:17:00,16,6,2634.44
15815.0,5,1856,2100.6,2011-10-07 12:42:00,63,5,2100.6
15816.0,2,54,144.14999999999998,2010-06-15 13:36:00,541,2,144.14999999999998
15817.0,3,1596,2766.4,2010-10-15 11:07:00,420,3,2766.4
15818.0,1,284,340.5,2010-04-30 12:58:00,587,1,340.5
15819.0,10,2928,3934.79,2011-10-21 14:50:00,48,10,3934.79
15820.0,1,128,206.98,2011-01-24 12:00:00,319,1,206.98
15821.0,2,202,570.96,2011-10-26 15:48:00,43,2,570.96
15822.0,6,950,1840.06,2011-12-06 14:50:00,2,6,1840.06
15823.0,3,1774,3882.17,2010-12-02 15:08:00,371,3,3882.17
15824.0,2,478,890.94,2010-09-12 13:20:00,452,2,890.94
15825.0,1,220,532.94,2011-06-20 13:27:00,171,1,532.94
15826.0,4,1824,2598.28,2011-10-14 16:05:00,55,4,2598.28
15827.0,28,1715,3603.14,2011-09-27 15:35:00,72,28,3603.14
15828.0,1,367,1108.82,2010-11-29 16:41:00,374,1,1108.82
15829.0,2,996,636.14,2011-09-01 16:45:00,98,2,636.14
15830.0,1,415,576.0,2011-11-02 10:40:00,37,1,576.0
15831.0,3,1092,794.64,2011-10-12 13:14:00,57,3,794.64
15832.0,1,465,836.79,2011-03-30 15:29:00,253,1,836.79
15833.0,1,24,80.4,2009-12-02 11:59:00,737,1,80.4
15834.0,7,1815,3764.39,2011-09-30 14:41:00,69,7,3764.39
15835.0,4,439,954.09,2011-10-26 15:47:00,43,4,954.09
15836.0,1,26,137.37,2011-10-20 17:13:00,49,1,137.37
15837.0,2,405,777.01,2011-10-06 09:01:00,64,2,777.01
15838.0,34,64114,73205.5,2011-11-28 14:00:00,10,34,73205.5
15839.0,3,675,1048.49,2011-11-06 13:54:00,32,3,1048.49
15840.0,2,396,355.56,2011-10-12 09:08:00,58,2,355.56
15841.0,9,2391,2742.41,2011-09-28 12:15:00,72,9,2742.41
15842.0,2,296,548.8,2010-11-11 14:08:00,392,2,548.8
15843.0,1,27,118.95000000000002,2011-02-09 10:19:00,303,1,118.95000000000002
15844.0,1,134,130.73999999999998,2011-10-24 15:19:00,45,1,130.73999999999998
15845.0,11,2128,4426.28,2011-11-22 09:42:00,17,11,4426.28
15846.0,1,79,107.01,2010-11-19 14:40:00,384,1,107.01
15847.0,5,643,822.57,2011-11-01 14:41:00,37,5,822.57
15848.0,1,45,137.99,2010-03-28 10:54:00,621,1,137.99
15850.0,6,1334,1006.75,2011-11-20 14:14:00,18,6,1006.75
15851.0,1,67,109.73,2010-07-01 12:34:00,526,1,109.73
15852.0,3,60,257.26,2011-06-06 11:22:00,186,3,257.26
15853.0,1,135,110.8,2011-10-19 10:38:00,51,1,110.8
15854.0,21,1691,5578.28,2011-12-05 13:39:00,3,21,5578.28
15855.0,6,712,1052.72,2011-07-26 10:20:00,136,6,1052.72
15856.0,52,19550,32275.95,2011-12-05 17:09:00,3,52,32275.95
15857.0,2,584,570.48,2011-11-21 12:18:00,18,2,570.48
15858.0,13,2715,3552.41,2011-11-24 12:48:00,15,13,3552.41
15859.0,1,174,438.46,2010-10-03 12:52:00,431,1,438.46
15860.0,17,1259,2361.3,2011-10-30 11:25:00,40,17,2361.3
15861.0,12,3837,4369.2,2011-11-27 15:59:00,11,12,4369.2
15862.0,13,1520,2512.29,2011-12-01 13:28:00,7,13,2512.29
15863.0,5,162,355.1,2011-11-14 12:49:00,25,5,355.1
15864.0,7,1486,2180.76,2011-11-17 13:32:00,21,7,2180.76
15865.0,5,1141,2241.42,2011-10-30 12:43:00,40,5,2241.42
15866.0,1,124,211.89,2011-08-30 14:09:00,100,1,211.89
15867.0,31,5067,8923.3,2011-12-04 13:32:00,4,31,8923.3
15868.0,1,57,94.53,2010-05-05 14:11:00,582,1,94.53
15869.0,3,273,321.11,2011-03-07 17:23:00,276,3,321.11
15870.0,4,504,857.46,2011-11-07 10:58:00,32,4,857.46
15871.0,1,5,33.099999999999994,2010-09-28 14:16:00,436,1,33.099999999999994
15872.0,4,467,729.25,2011-11-25 11:55:00,14,4,729.25
15873.0,4,1152,313.91999999999996,2010-07-28 12:41:00,499,4,313.91999999999996
15874.0,21,5102,11284.76,2011-10-07 12:31:00,63,21,11284.76
15875.0,1,74,108.52,2010-03-03 16:51:00,645,1,108.52
15876.0,2,886,1449.1399999999999,2010-10-26 18:58:00,408,2,1449.1399999999999
15877.0,2,368,490.33,2011-12-08 11:53:00,1,2,490.33
15878.0,2,243,330.77,2010-05-27 12:17:00,561,2,330.77
15879.0,4,639,1137.8,2010-10-31 16:21:00,403,4,1137.8
15880.0,1,202,329.03000000000003,2010-12-05 13:00:00,368,1,329.03000000000003
15881.0,5,260,501.39000000000004,2011-01-31 16:59:00,311,5,501.39000000000004
15882.0,8,650,1124.66,2011-05-25 11:35:00,198,8,1124.66
15883.0,2,223,396.48,2011-12-07 17:05:00,1,2,396.48
15884.0,2,152,244.60000000000002,2010-10-03 15:55:00,431,2,244.60000000000002
15885.0,15,622,1951.82,2011-09-08 10:43:00,92,15,1951.82
15886.0,4,667,1052.8700000000001,2011-10-10 14:25:00,59,4,1052.8700000000001
15887.0,3,605,1027.15,2010-10-29 08:36:00,406,3,1027.15
15888.0,3,139,429.16,2011-09-20 12:30:00,80,3,429.16
15889.0,8,800,1427.6,2011-07-06 11:10:00,156,8,1427.6
15890.0,5,119,535.65,2010-11-10 12:46:00,394,5,535.65
15891.0,1,418,511.68,2011-04-27 12:35:00,226,1,511.68
15892.0,1,46,128.2,2010-02-08 16:23:00,668,1,128.2
15893.0,1,288,305.28000000000003,2010-08-15 11:12:00,481,1,305.28000000000003
15894.0,2,164,258.25,2011-03-31 13:50:00,252,2,258.25
15895.0,1,94,179.17,2011-07-13 10:27:00,149,1,179.17
15897.0,2,223,208.59,2011-05-29 13:50:00,193,2,208.59
15898.0,25,2160,4996.45,2011-12-08 15:23:00,0,25,4996.45
15899.0,1,39,56.25,2010-12-06 10:36:00,368,1,56.25
15900.0,4,656,886.5699999999999,2011-11-16 12:19:00,23,4,886.5699999999999
15901.0,7,695,687.72,2011-11-23 12:43:00,16,7,687.72
15902.0,1,124,145.01,2010-11-24 16:57:00,379,1,145.01
15903.0,12,3926,8939.84,2011-11-30 08:08:00,9,12,8939.84
15904.0,1,84,164.68,2011-12-01 14:50:00,7,1,164.68
15905.0,1,82,114.69,2010-06-14 16:00:00,542,1,114.69
15906.0,10,749,2530.19,2011-11-20 12:24:00,19,10,2530.19
15907.0,3,478,882.72,2011-12-06 12:21:00,3,3,882.72
15908.0,2,173,758.62,2010-08-06 11:56:00,490,2,758.62
15909.0,1,98,191.94,2011-06-19 10:38:00,173,1,191.94
15910.0,15,2158,2661.17,2011-12-09 10:51:00,0,15,2661.17
15911.0,8,810,1700.24,2010-03-26 12:06:00,623,8,1700.24
15912.0,9,759,1074.7,2011-06-14 14:29:00,177,9,1074.7
15913.0,1,3,6.300000000000001,2010-06-23 16:31:00,533,1,6.300000000000001
15914.0,2,149,205.99,2010-11-26 16:10:00,377,2,205.99
15915.0,1,414,364.45,2010-11-03 11:13:00,401,1,364.45
15916.0,13,1618,3145.2400000000002,2011-11-23 13:46:00,15,13,3145.2400000000002
15917.0,5,248,530.17,2011-04-06 10:40:00,247,5,530.17
15918.0,3,240,582.88,2011-06-02 11:42:00,190,3,582.88
15919.0,2,385,525.69,2011-11-20 11:28:00,19,2,525.69
15920.0,9,238,569.14,2011-07-08 15:31:00,153,9,569.14
15921.0,4,335,775.26,2011-06-20 11:03:00,172,4,775.26
15922.0,1,138,369.5,2010-12-01 13:51:00,372,1,369.5
15923.0,1,122,127.08,2010-12-02 12:16:00,372,1,127.08
15924.0,1,103,102.82,2009-12-08 15:00:00,730,1,102.82
15925.0,1,93,207.15,2011-05-29 15:35:00,193,1,207.15
15926.0,1,155,134.44,2010-06-15 15:23:00,541,1,134.44
15927.0,1,66,106.54,2010-03-02 13:25:00,646,1,106.54
15928.0,1,164,293.53,2010-02-21 15:16:00,655,1,293.53
15929.0,1,120,594.0,2010-03-05 14:56:00,643,1,594.0
15930.0,1,139,426.63,2011-10-03 14:52:00,66,1,426.63
15931.0,1,118,239.9,2010-10-07 16:46:00,427,1,239.9
15932.0,8,2325,2495.87,2011-12-05 17:13:00,3,8,2495.87
15933.0,3,885,1107.46,2011-11-18 13:14:00,20,3,1107.46
15934.0,2,2166,2190.66,2010-10-18 10:13:00,417,2,2190.66
15935.0,2,115,416.86,2011-04-14 13:27:00,238,2,416.86
15936.0,2,211,282.79,2010-11-25 16:39:00,378,2,282.79
15937.0,1,73,145.35,2011-10-06 15:48:00,63,1,145.35
15938.0,9,449,734.81,2011-08-19 12:56:00,111,9,734.81
15939.0,16,6260,9060.39,2011-09-11 11:30:00,89,16,9060.39
15940.0,1,4,35.8,2011-02-01 16:18:00,310,1,35.8
15941.0,1,60,405.0,2010-03-12 14:45:00,636,1,405.0
15942.0,1,232,337.44,2011-07-29 09:01:00,133,1,337.44
15943.0,2,183,271.28999999999996,2010-02-28 12:49:00,649,2,271.28999999999996
15944.0,4,859,2164.24,2011-03-08 10:33:00,276,4,2164.24
15945.0,4,345,646.27,2010-12-09 13:14:00,364,4,646.27
15946.0,3,1614,2304.18,2010-07-25 12:18:00,502,3,2304.18
15947.0,1,898,1708.24,2011-09-18 10:46:00,82,1,1708.24
15948.0,3,852,1509.0900000000001,2011-12-01 15:32:00,7,3,1509.0900000000001
15949.0,2,284,364.72,2011-11-23 09:09:00,16,2,364.72
15950.0,10,3354,7120.91,2011-11-08 11:09:00,31,10,7120.91
15951.0,3,420,1013.17,2011-12-01 08:34:00,8,3,1013.17
15952.0,4,391,781.91,2011-11-06 11:18:00,33,4,781.91
15953.0,18,1741,3440.3399999999997,2011-11-24 15:32:00,14,18,3440.3399999999997
15954.0,1,119,190.75,2010-04-29 13:35:00,588,1,190.75
15955.0,22,3967,8085.9800000000005,2011-11-15 14:15:00,23,22,8085.9800000000005
15956.0,2,278,617.6,2010-06-06 13:06:00,550,2,617.6
15957.0,3,453,921.25,2011-11-08 12:14:00,31,3,921.25
15958.0,4,154,462.12,2011-09-26 13:41:00,73,4,462.12
15959.0,3,269,542.89,2010-01-26 16:38:00,681,3,542.89
15960.0,4,258,410.95,2010-11-30 15:57:00,373,4,410.95
15961.0,1,154,451.28999999999996,2010-11-25 15:59:00,378,1,451.28999999999996
15962.0,1,228,289.48,2010-09-16 13:48:00,448,1,289.48
15963.0,2,298,470.76,2011-11-20 11:33:00,19,2,470.76
15964.0,1,93,269.21000000000004,2010-02-14 15:30:00,662,1,269.21000000000004
15965.0,13,1313,2771.94,2011-11-22 16:44:00,16,13,2771.94
15966.0,1,275,426.53000000000003,2010-09-15 10:44:00,450,1,426.53000000000003
15967.0,12,1183,2966.0,2011-11-16 15:41:00,22,12,2966.0
15968.0,1,247,404.55,2010-11-16 13:04:00,387,1,404.55
15969.0,5,223,1127.05,2011-12-07 11:06:00,2,5,1127.05
15970.0,2,498,1017.32,2011-02-09 12:08:00,303,2,1017.32
15971.0,18,2251,5902.83,2011-11-22 12:50:00,17,18,5902.83
15972.0,5,468,1769.33,2010-09-09 13:20:00,455,5,1769.33
15973.0,3,195,680.62,2010-12-08 11:42:00,366,3,680.62
15974.0,7,2262,3442.15,2011-10-31 13:13:00,38,7,3442.15
15975.0,1,243,371.01,2011-09-16 13:33:00,83,1,371.01
15976.0,6,1053,1694.41,2011-06-27 13:00:00,164,6,1694.41
15977.0,2,1016,1054.73,2011-11-22 13:29:00,16,2,1054.73
15978.0,3,2444,3279.42,2011-09-23 15:21:00,76,3,3279.42
15979.0,1,450,329.22,2010-04-16 11:35:00,602,1,329.22
15980.0,7,4822,6543.68,2011-09-12 09:41:00,88,7,6543.68
15981.0,21,4827,9362.77,2011-11-15 08:00:00,24,21,9362.77
15982.0,1,131,324.51,2010-04-13 15:47:00,604,1,324.51
15983.0,8,1872,3110.37,2011-11-17 17:34:00,21,8,3110.37
15984.0,30,5730,8393.02,2011-12-07 12:16:00,2,30,8393.02
15985.0,7,2750,2715.28,2011-08-08 16:31:00,122,7,2715.28
15986.0,2,368,354.42,2011-11-09 15:17:00,29,2,354.42
15987.0,8,1599,1535.99,2011-11-27 15:38:00,11,8,1535.99
15988.0,3,476,738.89,2011-11-20 13:23:00,18,3,738.89
15989.0,2,169,368.31,2010-11-29 12:03:00,375,2,368.31
15990.0,7,1086,1997.75,2011-10-26 15:58:00,43,7,1997.75
15991.0,1,41,150.55,2010-06-23 15:50:00,533,1,150.55
15992.0,3,514,896.6,2011-12-06 11:00:00,3,3,896.6
15993.0,7,2037,2777.67,2011-12-01 10:45:00,8,7,2777.67
15994.0,3,462,1175.68,2011-10-16 12:28:00,54,3,1175.68
15995.0,1,352,694.54,2010-10-21 13:57:00,413,1,694.54
15996.0,7,643,1386.4,2011-09-12 15:14:00,87,7,1386.4
15998.0,16,5350,8274.14,2011-11-03 12:45:00,36,16,8274.14
15999.0,1,24,20.4,2009-12-04 12:31:00,735,1,20.4
16000.0,3,5110,12393.7,2011-12-07 12:17:00,2,3,12393.7
16001.0,1,337,583.39,2010-11-23 17:10:00,380,1,583.39
16002.0,1,70,169.21,2010-03-24 13:08:00,624,1,169.21
16003.0,10,2210,5613.83,2011-11-10 09:57:00,29,10,5613.83
16004.0,5,1076,2146.39,2010-08-22 11:48:00,474,5,2146.39
16005.0,10,1269,2365.4900000000002,2011-11-27 13:47:00,11,10,2365.4900000000002
16006.0,2,205,332.82,2011-05-12 13:12:00,210,2,332.82
16007.0,7,2631,3053.06,2011-10-23 11:05:00,47,7,3053.06
16008.0,15,3237,5339.13,2011-11-16 10:32:00,23,15,5339.13
16009.0,4,366,972.11,2011-11-17 16:51:00,21,4,972.11
16010.0,11,919,1694.86,2011-04-08 10:14:00,245,11,1694.86
16011.0,29,3323,5601.01,2011-12-01 16:31:00,7,29,5601.01
16012.0,5,1760,2978.59,2011-11-04 13:25:00,34,5,2978.59
16013.0,84,25520,56078.44,2011-12-06 10:36:00,3,84,56078.44
16014.0,5,462,1100.28,2011-11-02 12:04:00,37,5,1100.28
16015.0,3,907,704.55,2011-12-06 10:58:00,3,3,704.55
16016.0,11,881,2083.4,2011-12-06 14:35:00,2,11,2083.4
16017.0,5,635,1545.58,2011-10-23 12:56:00,46,5,1545.58
16018.0,4,503,698.13,2011-10-31 14:13:00,38,4,698.13
16019.0,27,6959,17329.16,2011-10-24 11:51:00,46,27,17329.16
16020.0,3,487,851.01,2011-11-23 11:18:00,16,3,851.01
16021.0,2,276,487.03,2010-11-09 14:48:00,394,2,487.03
16022.0,1,255,602.63,2011-03-24 13:16:00,259,1,602.63
16023.0,3,358,719.81,2011-10-24 16:34:00,45,3,719.81
16024.0,3,504,483.99,2011-11-27 13:26:00,11,3,483.99
16025.0,1,338,439.65999999999997,2011-11-10 11:45:00,29,1,439.65999999999997
16026.0,1,243,236.09,2011-10-27 13:53:00,42,1,236.09
16027.0,15,2099,2048.36,2011-09-09 10:47:00,91,15,2048.36
16028.0,1,18,82.2,2010-04-23 11:45:00,595,1,82.2
16029.0,107,54450,117763.62,2011-11-01 10:27:00,38,107,117763.62
16030.0,1,283,331.24,2011-02-03 11:28:00,309,1,331.24
16031.0,2,421,547.9,2011-09-08 13:07:00,91,2,547.9
16032.0,6,1467,1965.72,2010-09-09 18:00:00,455,6,1965.72
16033.0,27,4200,10608.81,2011-12-04 12:44:00,5,27,10608.81
16034.0,6,585,911.3199999999999,2011-05-27 16:17:00,195,6,911.3199999999999
16035.0,1,33,217.73,2010-05-28 15:09:00,559,1,217.73
16036.0,4,1369,2556.84,2011-09-13 14:53:00,86,4,2556.84
16037.0,5,766,1509.34,2011-03-15 09:13:00,269,5,1509.34
16038.0,3,244,471.78000000000003,2011-12-02 12:40:00,7,3,471.78000000000003
16039.0,2,409,456.4,2010-10-12 10:44:00,423,2,456.4
16040.0,7,1185,2416.9,2011-10-05 13:47:00,64,7,2416.9
16041.0,3,1584,3166.4,2011-11-09 12:25:00,30,3,3166.4
16042.0,8,1430,2245.32,2011-11-17 17:50:00,21,8,2245.32
16043.0,8,1011,1856.5900000000001,2011-11-02 12:50:00,37,8,1856.5900000000001
16044.0,1,170,340.84000000000003,2010-09-30 18:12:00,434,1,340.84000000000003
16045.0,8,2108,3434.9300000000003,2011-08-12 12:41:00,119,8,3434.9300000000003
16046.0,1,248,235.78,2010-05-26 13:18:00,561,1,235.78
16047.0,1,1,107.14,2010-01-26 16:34:00,681,1,107.14
16048.0,4,425,818.7900000000001,2010-12-01 15:28:00,372,4,818.7900000000001
16049.0,6,1132,1852.15,2011-10-30 13:19:00,39,6,1852.15
16050.0,3,388,300.7,2011-06-19 11:44:00,173,3,300.7
16051.0,1,80,188.44,2010-01-27 09:38:00,681,1,188.44
16052.0,1,282,362.06,2011-10-16 15:13:00,53,1,362.06
16053.0,6,3067,3634.84,2011-11-07 11:21:00,32,6,3634.84
16054.0,4,791,2111.88,2011-07-17 13:08:00,144,4,2111.88
16055.0,1,22,134.8,2011-05-03 09:26:00,220,1,134.8
16056.0,1,345,650.75,2011-10-25 15:19:00,44,1,650.75
16057.0,10,1691,3854.85,2011-11-23 15:23:00,15,10,3854.85
16058.0,1,18,62.7,2010-10-29 16:48:00,405,1,62.7
16059.0,12,1431,3053.57,2011-10-05 09:56:00,65,12,3053.57
16060.0,3,243,541.95,2010-11-04 12:10:00,400,3,541.95
16061.0,1,19,89.65,2010-10-04 15:29:00,430,1,89.65
16062.0,8,2035,2863.45,2011-11-30 12:15:00,9,8,2863.45
16063.0,1,262,335.32,2011-03-24 14:56:00,259,1,335.32
16064.0,1,55,109.31,2009-12-14 16:11:00,724,1,109.31
16065.0,8,1207,1992.13,2010-12-09 13:03:00,364,8,1992.13
16066.0,5,935,1521.04,2011-11-23 11:54:00,16,5,1521.04
16067.0,3,1236,3269.11,2010-05-26 12:33:00,562,3,3269.11
16068.0,1,48,115.73,2010-04-25 11:52:00,593,1,115.73
16069.0,1,138,457.7,2010-10-18 10:32:00,417,1,457.7
16070.0,2,457,852.15,2011-11-17 15:50:00,21,2,852.15
16071.0,4,697,1076.8,2011-10-26 11:14:00,44,4,1076.8
16072.0,4,1580,4180.09,2011-02-24 14:32:00,287,4,4180.09
16073.0,1,48,122.39999999999999,2011-02-15 15:41:00,296,1,122.39999999999999
16074.0,1,38,252.5,2010-11-14 13:19:00,389,1,252.5
16075.0,2,271,736.9300000000001,2010-07-25 11:31:00,502,2,736.9300000000001
16076.0,10,1435,2234.73,2011-12-06 14:59:00,2,10,2234.73
16077.0,1,840,2300.4,2010-03-24 10:42:00,625,1,2300.4
16078.0,2,200,362.99,2011-03-01 09:47:00,283,2,362.99
16079.0,3,864,1352.0,2011-11-23 12:48:00,16,3,1352.0
16080.0,4,298,602.5600000000001,2011-09-19 10:42:00,81,4,602.5600000000001
16081.0,8,2177,4278.96,2011-10-14 13:06:00,55,8,4278.96
16082.0,1,39,106.75,2010-02-07 15:16:00,669,1,106.75
16083.0,4,1514,2351.42,2011-08-31 10:47:00,100,4,2351.42
16084.0,1,216,436.18,2011-02-13 16:05:00,298,1,436.18
16085.0,12,1382,2341.03,2011-11-16 13:24:00,22,12,2341.03
16086.0,10,1450,2687.73,2011-10-11 13:09:00,58,10,2687.73
16087.0,5,664,1739.92,2010-11-15 16:44:00,388,5,1739.92
16088.0,2,373,1437.43,2010-05-13 10:16:00,575,2,1437.43
16089.0,2,119,263.49,2010-11-18 13:51:00,385,2,263.49
16090.0,1,58,180.56,2010-03-25 13:05:00,623,1,180.56
16091.0,2,154,315.06,2011-07-08 08:45:00,154,2,315.06
16092.0,6,1188,1587.94,2011-08-17 10:46:00,114,6,1587.94
16093.0,1,20,17.0,2011-08-25 11:09:00,106,1,17.0
16094.0,11,2020,3695.56,2011-11-28 12:45:00,11,11,3695.56
16095.0,1,265,447.05,2010-09-09 16:54:00,455,1,447.05
16096.0,4,700,1584.97,2011-03-20 13:38:00,263,4,1584.97
16097.0,1,87,185.04999999999998,2011-04-13 13:47:00,239,1,185.04999999999998
16098.0,14,2008,4010.7,2011-09-13 09:59:00,87,14,4010.7
16099.0,7,960,1573.2,2011-10-20 13:13:00,49,7,1573.2
16100.0,1,438,582.64,2010-09-03 11:39:00,462,1,582.64
16101.0,4,1844,3229.16,2011-09-30 10:18:00,70,4,3229.16
16102.0,3,942,1842.14,2011-10-28 13:19:00,41,3,1842.14
16103.0,22,2639,6191.71,2011-12-02 14:16:00,6,22,6191.71
16104.0,9,1047,2774.46,2011-10-09 10:23:00,61,9,2774.46
16105.0,5,2125,2386.19,2011-04-05 10:13:00,248,5,2386.19
16106.0,1,74,108.38,2011-10-05 10:37:00,65,1,108.38
16107.0,7,1176,3204.1600000000003,2011-11-22 09:40:00,17,7,3204.1600000000003
16108.0,4,1473,2235.92,2011-09-16 11:48:00,84,4,2235.92
16109.0,3,1092,939.48,2011-05-05 09:17:00,218,3,939.48
16110.0,4,880,1781.59,2011-10-25 14:35:00,44,4,1781.59
16111.0,1,233,549.33,2010-10-07 19:51:00,427,1,549.33
16112.0,4,574,195.73999999999998,2011-07-19 14:28:00,142,4,195.73999999999998
16113.0,1,176,161.38,2011-06-09 16:16:00,182,1,161.38
16114.0,1,43,135.75000000000003,2011-06-22 10:13:00,170,1,135.75000000000003
16115.0,12,1589,2553.8,2011-11-30 11:32:00,9,12,2553.8
16116.0,1,248,612.78,2011-05-12 12:01:00,211,1,612.78
16117.0,3,321,654.4,2011-06-03 11:42:00,189,3,654.4
16118.0,1,2851,4376.25,2010-02-25 09:40:00,652,1,4376.25
16119.0,8,811,1720.81,2011-12-01 15:11:00,7,8,1720.81
16120.0,6,2161,2967.51,2011-10-11 14:22:00,58,6,2967.51
16121.0,5,879,1450.04,2011-10-13 12:59:00,56,5,1450.04
16122.0,6,1280,895.62,2011-09-27 15:34:00,72,6,895.62
16123.0,1,170,307.78,2011-10-19 09:18:00,51,1,307.78
16124.0,4,797,1772.49,2011-01-26 14:45:00,316,4,1772.49
16125.0,14,1819,4292.35,2010-12-07 15:48:00,366,14,4292.35
16126.0,15,6140,14644.6,2011-11-10 16:03:00,28,15,14644.6
16127.0,2,391,801.31,2011-10-31 13:58:00,38,2,801.31
16128.0,11,2445,3801.05,2011-11-22 11:14:00,17,11,3801.05
16129.0,3,1261,1396.05,2010-10-28 14:29:00,406,3,1396.05
16130.0,4,296,987.48,2010-10-13 15:14:00,421,4,987.48
16131.0,12,4768,9957.42,2011-10-19 11:53:00,51,12,9957.42
16132.0,2,280,664.1999999999999,2010-06-13 13:49:00,543,2,664.1999999999999
16133.0,56,13653,22992.260000000002,2011-12-06 11:24:00,3,56,22992.260000000002
16134.0,5,1637,2145.34,2011-11-18 10:05:00,21,5,2145.34
16135.0,2,395,819.45,2011-03-22 12:30:00,262,2,819.45
16136.0,4,674,946.8,2011-10-11 09:10:00,59,4,946.8
16137.0,1,210,422.7,2010-01-28 15:04:00,679,1,422.7
16138.0,3,774,910.35,2010-11-26 12:13:00,378,3,910.35
16139.0,5,602,1111.15,2011-11-21 08:37:00,18,5,1111.15
16140.0,3,1272,1433.46,2011-10-05 12:15:00,65,3,1433.46
16141.0,2,410,955.94,2011-09-12 13:11:00,87,2,955.94
16142.0,1,422,535.34,2011-04-04 10:16:00,249,1,535.34
16143.0,12,1866,4555.08,2011-12-06 14:13:00,2,12,4555.08
16144.0,1,16,175.2,2011-04-07 10:09:00,246,1,175.2
16145.0,19,5270,6805.4400000000005,2011-12-01 10:33:00,8,19,6805.4400000000005
16146.0,4,544,946.38,2011-07-05 14:20:00,156,4,946.38
16147.0,5,1395,2398.91,2011-07-29 09:57:00,133,5,2398.91
16148.0,2,250,386.62,2011-02-16 14:01:00,295,2,386.62
16149.0,3,598,422.22,2011-12-05 11:29:00,4,3,422.22
16150.0,10,1990,4002.17,2011-10-28 12:39:00,42,10,4002.17
16152.0,1,642,1829.04,2011-03-16 09:47:00,268,1,1829.04
16153.0,11,3693,5133.49,2011-10-21 10:50:00,49,11,5133.49
16155.0,5,495,796.9,2010-11-23 12:03:00,381,5,796.9
16156.0,20,3205,6188.18,2011-12-01 12:42:00,8,20,6188.18
16157.0,3,347,656.69,2011-11-24 11:41:00,15,3,656.69
16158.0,9,182,628.32,2010-07-05 13:55:00,521,9,628.32
16159.0,4,635,1232.79,2011-03-03 12:27:00,281,4,1232.79
16160.0,2,1162,1025.44,2011-10-05 14:19:00,64,2,1025.44
16161.0,43,6255,12580.06,2011-12-08 12:10:00,1,43,12580.06
16162.0,1,4,37.4,2011-04-01 15:03:00,251,1,37.4
16163.0,6,676,2407.98,2011-04-21 15:15:00,231,6,2407.98
16164.0,3,433,822.48,2011-11-22 15:04:00,16,3,822.48
16165.0,1,2,79.9,2010-07-22 14:17:00,504,1,79.9
16166.0,2,173,435.83,2010-10-07 15:44:00,427,2,435.83
16167.0,5,1494,1386.1200000000001,2010-10-21 15:33:00,413,5,1386.1200000000001
16168.0,66,4975,10360.67,2011-11-29 12:45:00,10,66,10360.67
16169.0,4,1325,1822.97,2011-12-01 15:28:00,7,4,1822.97
16170.0,20,6056,6869.0,2011-10-20 08:21:00,50,20,6869.0
16171.0,1,24,73.2,2011-10-11 14:51:00,58,1,73.2
16172.0,8,1419,1884.55,2011-09-05 13:22:00,94,8,1884.55
16173.0,6,575,1418.32,2011-11-24 10:53:00,15,6,1418.32
16174.0,7,1431,2246.75,2011-08-05 13:26:00,125,7,2246.75
16175.0,7,932,1836.44,2011-09-06 14:32:00,93,7,1836.44
16176.0,4,952,2052.69,2010-10-14 13:54:00,420,4,2052.69
16177.0,8,1021,2247.31,2011-10-20 12:57:00,49,8,2247.31
16178.0,2,304,612.6,2011-07-24 16:05:00,137,2,612.6
16179.0,1,99,215.83,2011-10-10 09:41:00,60,1,215.83
16180.0,13,9813,16249.87,2011-08-31 16:28:00,99,13,16249.87
16181.0,1,152,305.54,2011-09-27 13:38:00,72,1,305.54
16182.0,9,5887,9971.65,2011-09-28 13:23:00,71,9,9971.65
16183.0,4,351,1077.81,2011-10-03 14:59:00,66,4,1077.81
16184.0,6,561,1158.79,2011-10-06 17:43:00,63,6,1158.79
16185.0,3,321,644.72,2011-11-23 09:41:00,16,3,644.72
16186.0,26,6594,8718.43,2011-11-17 12:43:00,22,26,8718.43
16187.0,15,5048,6911.4400000000005,2011-11-08 09:50:00,31,15,6911.4400000000005
16188.0,5,838,1087.66,2011-10-26 12:19:00,44,5,1087.66
16189.0,2,134,215.48,2011-11-24 11:47:00,15,2,215.48
16190.0,8,1231,2723.55,2011-10-30 15:59:00,39,8,2723.55
16191.0,24,9348,15677.82,2011-12-07 11:26:00,2,24,15677.82
16192.0,1,208,351.3,2009-12-04 12:28:00,735,1,351.3
16193.0,2,379,630.43,2011-04-17 11:45:00,236,2,630.43
16194.0,1,140,308.59999999999997,2010-11-29 13:28:00,374,1,308.59999999999997
16195.0,1,123,323.25,2009-12-16 14:09:00,722,1,323.25
16196.0,1,26,93.3,2010-08-08 11:40:00,488,1,93.3
16197.0,9,1420,2016.71,2010-08-27 12:56:00,468,9,2016.71
16198.0,2,384,1030.0410000000002,2011-09-25 14:58:00,74,2,1030.0410000000002
16199.0,7,321,942.75,2010-11-12 12:55:00,391,7,942.75
16200.0,12,3068,5608.1,2011-12-05 14:40:00,3,12,5608.1
16201.0,5,1421,2112.12,2011-12-06 16:02:00,2,5,2112.12
16202.0,9,1307,2501.9900000000002,2010-12-14 10:43:00,360,9,2501.9900000000002
16203.0,6,537,943.84,2011-10-12 12:31:00,58,6,943.84
16204.0,3,671,918.71,2011-11-16 13:40:00,22,3,918.71
16205.0,7,1452,1820.1100000000001,2011-11-09 09:32:00,30,7,1820.1100000000001
16206.0,13,1379,2589.87,2011-10-16 10:41:00,54,13,2589.87
16207.0,1,140,394.38,2011-11-14 13:51:00,24,1,394.38
16208.0,10,1541,3440.45,2011-10-26 11:36:00,44,10,3440.45
16209.0,9,1895,4146.78,2011-09-12 11:58:00,88,9,4146.78
16210.0,35,12397,33750.97,2011-12-08 12:36:00,1,35,33750.97
16211.0,3,519,1090.59,2011-09-12 12:11:00,88,3,1090.59
16212.0,4,571,1293.71,2011-11-20 13:00:00,18,4,1293.71
16213.0,1,48,159.0,2011-09-22 10:03:00,78,1,159.0
16214.0,4,1308,2038.25,2011-06-22 11:30:00,170,4,2038.25
16215.0,1,104,242.35,2011-09-20 10:18:00,80,1,242.35
16216.0,1,254,914.9300000000001,2011-03-17 15:34:00,266,1,914.9300000000001
16217.0,2,91,304.25,2011-04-18 13:31:00,234,2,304.25
16218.0,13,2799,3968.67,2011-11-10 09:59:00,29,13,3968.67
16219.0,1,48,40.8,2010-07-27 11:44:00,500,1,40.8
16221.0,9,1449,2019.92,2011-11-03 11:43:00,36,9,2019.92
16222.0,2,463,1272.05,2011-01-25 13:38:00,317,2,1272.05
16223.0,2,643,1087.05,2010-11-30 11:50:00,374,2,1087.05
16224.0,5,1555,1616.54,2011-10-13 17:51:00,56,5,1616.54
16225.0,15,1281,2859.31,2011-10-26 08:30:00,44,15,2859.31
16226.0,5,521,672.1700000000001,2011-05-20 14:41:00,202,5,672.1700000000001
16227.0,3,436,1027.22,2011-04-28 13:33:00,224,3,1027.22
16228.0,3,555,885.71,2010-11-19 14:20:00,384,3,885.71
16229.0,6,1292,2867.86,2011-09-13 17:16:00,86,6,2867.86
16230.0,2,365,542.03,2011-06-03 10:06:00,189,2,542.03
16231.0,4,563,1074.47,2010-11-25 15:00:00,378,4,1074.47
16232.0,7,1849,2712.97,2011-10-27 12:16:00,43,7,2712.97
16233.0,9,677,1818.31,2011-09-29 17:27:00,70,9,1818.31
16234.0,3,170,333.18,2010-08-20 14:33:00,475,3,333.18
16235.0,9,788,2053.71,2011-10-30 10:56:00,40,9,2053.71
16236.0,1,184,432.2,2011-09-22 14:10:00,77,1,432.2
16237.0,1,57,136.65,2010-09-28 17:02:00,436,1,136.65
16238.0,1,85,63.66,2010-10-13 12:36:00,422,1,63.66
16239.0,6,692,1492.2,2011-10-14 08:29:00,56,6,1492.2
16240.0,2,1641,3718.8,2011-11-15 14:30:00,23,2,3718.8
16241.0,16,2258,3992.86,2011-11-30 11:08:00,9,16,3992.86
16242.0,14,3921,7404.65,2011-12-01 15:12:00,7,14,7404.65
16243.0,2,110,409.1,2011-11-06 12:32:00,33,2,409.1
16244.0,2,855,1522.75,2011-05-12 10:18:00,211,2,1522.75
16245.0,3,1014,1413.66,2011-11-16 10:14:00,23,3,1413.66
16246.0,2,336,821.35,2010-09-06 12:04:00,459,2,821.35
16247.0,1,182,114.56,2011-06-22 14:23:00,169,1,114.56
16248.0,1,78,152.94,2011-10-09 11:32:00,61,1,152.94
16249.0,5,950,1800.07,2011-10-18 10:07:00,52,5,1800.07
16250.0,3,268,565.24,2011-03-23 15:07:00,260,3,565.24
16251.0,1,44,128.31,2010-07-15 14:55:00,511,1,128.31
16252.0,1,158,295.09000000000003,2010-11-22 11:57:00,382,1,295.09000000000003
16253.0,7,6030,7272.2,2011-10-04 09:09:00,66,7,7272.2
16254.0,3,543,967.44,2010-11-26 13:22:00,377,3,967.44
16255.0,15,2876,4530.0,2011-11-23 12:40:00,16,15,4530.0
16256.0,3,1590,1629.37,2011-03-18 12:18:00,266,3,1629.37
16257.0,1,2,46.95,2011-06-16 10:11:00,176,1,46.95
16258.0,15,7200,11942.52,2011-10-25 13:30:00,44,15,11942.52
16259.0,3,143,340.94,2010-10-25 14:27:00,409,3,340.94
16260.0,1,311,1035.45,2011-10-20 09:40:00,50,1,1035.45
16261.0,6,454,1041.16,2011-11-22 17:23:00,16,6,1041.16
16262.0,1,446,755.15,2010-11-26 13:22:00,377,1,755.15
16263.0,1,197,348.16,2010-10-12 14:52:00,422,1,348.16
16264.0,2,616,823.53,2010-09-27 15:00:00,437,2,823.53
16265.0,12,3214,6935.17,2011-11-30 16:41:00,8,12,6935.17
16266.0,14,791,1757.95,2011-09-27 12:08:00,73,14,1757.95
16267.0,1,198,186.66,2010-04-27 14:10:00,590,1,186.66
16268.0,2,533,667.65,2011-09-29 18:30:00,70,2,667.65
16269.0,1,579,717.57,2010-09-28 11:50:00,437,1,717.57
16270.0,1,688,1141.24,2010-12-21 14:26:00,352,1,1141.24
16271.0,10,2359,3397.82,2011-12-07 12:45:00,2,10,3397.82
16272.0,1,224,411.7,2011-08-15 10:54:00,116,1,411.7
16273.0,2,40,318.34000000000003,2010-03-01 13:24:00,647,2,318.34000000000003
16274.0,1,153,351.75,2010-12-01 15:35:00,372,1,351.75
16275.0,3,1268,2151.11,2011-05-27 12:41:00,196,3,2151.11
16276.0,3,1467,2629.3900000000003,2011-06-16 09:34:00,176,3,2629.3900000000003
16277.0,1,33,188.69,2009-12-06 11:27:00,733,1,188.69
16278.0,3,342,1117.84,2011-08-31 17:12:00,99,3,1117.84
16279.0,9,3683,5698.28,2011-11-18 15:00:00,20,9,5698.28
16280.0,1,101,238.05,2009-12-14 15:49:00,724,1,238.05
16281.0,3,1570,3424.02,2011-09-28 14:57:00,71,3,3424.02
16282.0,3,790,1307.58,2011-01-04 11:42:00,339,3,1307.58
16283.0,8,2867,4350.32,2011-12-04 12:08:00,5,8,4350.32
16284.0,3,674,1018.48,2011-11-08 16:12:00,30,3,1018.48
16285.0,1,60,176.9,2010-03-03 16:03:00,645,1,176.9
16286.0,2,101,328.95,2010-08-19 14:48:00,476,2,328.95
16287.0,5,1426,1006.98,2011-06-23 09:08:00,169,5,1006.98
16288.0,1,19,129.85,2010-08-26 14:45:00,469,1,129.85
16289.0,1,97,136.31,2010-09-03 14:02:00,461,1,136.31
16290.0,4,957,1957.7,2010-09-01 11:52:00,464,4,1957.7
16291.0,1,1,117.72,2010-01-26 16:26:00,681,1,117.72
16292.0,5,688,1253.76,2011-08-10 12:24:00,121,5,1253.76
16293.0,15,1833,4279.2,2011-11-18 09:58:00,21,15,4279.2
16294.0,1,54,126.05000000000001,2010-08-20 12:01:00,476,1,126.05000000000001
16295.0,4,841,1328.55,2011-11-30 08:17:00,9,4,1328.55
16296.0,4,645,1313.67,2010-03-23 13:11:00,625,4,1313.67
16297.0,1,206,301.9,2011-03-16 08:29:00,268,1,301.9
16298.0,7,308,1085.7,2011-11-17 11:59:00,22,7,1085.7
16299.0,1,107,193.65,2010-08-19 17:46:00,476,1,193.65
16300.0,3,643,1367.32,2010-10-05 13:14:00,429,3,1367.32
16301.0,1,41,107.33,2009-12-03 10:20:00,736,1,107.33
16302.0,1,158,233.22,2011-08-05 09:44:00,126,1,233.22
16303.0,7,3859,7928.27,2011-11-14 10:49:00,25,7,7928.27
16304.0,1,228,381.66,2010-01-14 08:30:00,694,1,381.66
16305.0,1,256,361.21999999999997,2011-07-24 12:18:00,138,1,361.21999999999997
16306.0,7,712,1124.72,2011-05-10 12:12:00,213,7,1124.72
16307.0,3,1123,1194.92,2010-10-06 14:31:00,428,3,1194.92
16308.0,7,16000,5120.0,2011-11-02 11:24:00,37,7,5120.0
16309.0,2,467,706.57,2011-08-25 15:35:00,105,2,706.57
16310.0,2,270,460.08,2010-10-21 14:47:00,413,2,460.08
16311.0,2,394,616.26,2011-11-22 08:54:00,17,2,616.26
16312.0,1,53,171.15,2010-10-03 14:15:00,431,1,171.15
16313.0,2,165,274.15000000000003,2011-12-06 13:02:00,2,2,274.15000000000003
16314.0,3,636,1491.4,2010-11-15 12:06:00,389,3,1491.4
16315.0,2,143,402.71,2011-01-13 11:57:00,330,2,402.71
16316.0,13,3057,5744.91,2011-10-06 13:48:00,63,13,5744.91
16317.0,5,1236,2192.51,2011-08-12 12:46:00,119,5,2192.51
16318.0,1,199,328.15,2011-11-04 13:05:00,34,1,328.15
16319.0,1,72,404.40000000000003,2011-05-06 11:27:00,217,1,404.40000000000003
16320.0,6,3319,5628.99,2011-06-20 15:25:00,171,6,5628.99
16321.0,7,259,604.5500000000001,2011-09-28 14:55:00,71,7,604.5500000000001
16322.0,2,231,326.75,2011-12-08 15:41:00,0,2,326.75
16323.0,2,146,353.66,2011-05-27 14:48:00,195,2,353.66
16324.0,3,270,408.59000000000003,2011-08-03 12:58:00,127,3,408.59000000000003
16325.0,12,2464,3597.5,2011-10-24 08:48:00,46,12,3597.5
16326.0,24,1083,4721.25,2011-12-04 10:11:00,5,24,4721.25
16327.0,16,8124,10159.64,2011-11-25 13:23:00,13,16,10159.64
16328.0,1,141,310.83,2010-05-25 14:02:00,562,1,310.83
16329.0,4,797,1664.92,2010-10-08 12:44:00,427,4,1664.92
16330.0,7,326,625.38,2011-11-22 12:24:00,17,7,625.38
16331.0,6,756,2037.7,2010-10-03 13:47:00,431,6,2037.7
16332.0,11,1128,2000.01,2011-11-11 14:22:00,27,11,2000.01
16333.0,22,32184,26626.8,2011-12-02 12:19:00,7,22,26626.8
16334.0,1,206,263.73,2010-08-04 16:38:00,491,1,263.73
16335.0,7,1004,2753.52,2010-06-06 11:35:00,551,7,2753.52
16336.0,4,1473,3517.69,2010-10-15 12:32:00,420,4,3517.69
16337.0,1,87,151.05,2011-11-03 10:03:00,36,1,151.05
16338.0,1,94,214.79999999999998,2011-07-05 13:56:00,156,1,214.79999999999998
16339.0,1,21,94.05,2011-02-28 13:41:00,283,1,94.05
16340.0,3,1319,1496.24,2011-08-24 14:53:00,106,3,1496.24
16341.0,7,3022,3850.79,2011-11-15 09:12:00,24,7,3850.79
16342.0,4,157,322.41,2011-09-25 14:36:00,74,4,322.41
16343.0,3,345,614.12,2011-11-23 17:45:00,15,3,614.12
16344.0,4,706,842.42,2011-07-04 15:50:00,157,4,842.42
16345.0,2,611,1178.79,2011-10-26 16:03:00,43,2,1178.79
16346.0,1,289,224.51,2010-11-19 15:55:00,384,1,224.51
16347.0,11,1715,3442.96,2011-11-28 13:14:00,10,11,3442.96
16348.0,8,1164,1744.42,2011-11-07 15:44:00,31,8,1744.42
16349.0,1,9,53.5,2011-02-22 12:40:00,290,1,53.5
16350.0,9,1077,2253.89,2011-11-18 15:53:00,20,9,2253.89
16351.0,13,2165,3330.0299999999997,2011-01-11 10:26:00,332,13,3330.0299999999997
16352.0,2,300,494.44,2011-11-22 10:32:00,17,2,494.44
16353.0,38,3483,9795.460000000001,2011-12-06 12:23:00,3,38,9795.460000000001
16354.0,5,592,1119.46,2011-10-07 14:28:00,62,5,1119.46
16355.0,1,179,416.35,2010-11-29 14:21:00,374,1,416.35
16356.0,6,190,415.87,2011-05-26 11:51:00,197,6,415.87
16357.0,4,389,868.37,2011-11-06 16:04:00,32,4,868.37
16358.0,5,2065,2919.65,2011-12-08 15:09:00,0,5,2919.65
16359.0,16,1764,2697.75,2011-12-02 17:04:00,6,16,2697.75
16360.0,6,2110,3450.41,2011-12-05 12:16:00,4,6,3450.41
16361.0,4,418,891.21,2011-11-30 12:32:00,9,4,891.21
16362.0,6,467,922.16,2011-11-07 13:01:00,31,6,922.16
16363.0,1,52,109.36000000000001,2011-10-17 14:14:00,52,1,109.36000000000001
16364.0,2,279,705.79,2011-11-28 11:27:00,11,2,705.79
16365.0,15,1034,3167.34,2011-11-22 11:24:00,17,15,3167.34
16366.0,4,882,1548.1299999999999,2011-11-21 08:19:00,18,4,1548.1299999999999
16367.0,3,1103,1350.48,2011-11-02 13:13:00,36,3,1350.48
16368.0,3,307,621.44,2011-12-07 13:12:00,1,3,621.44
16369.0,7,1589,2656.56,2011-11-21 16:25:00,17,7,2656.56
16370.0,4,640,1301.91,2011-09-18 15:55:00,81,4,1301.91
16371.0,1,108,157.2,2010-09-17 12:09:00,448,1,157.2
16372.0,5,722,1290.31,2011-11-06 13:08:00,32,5,1290.31
16373.0,2,119,309.49,2010-11-22 15:50:00,381,2,309.49
16374.0,5,771,1723.4,2011-10-04 15:21:00,65,5,1723.4
16375.0,2,74,104.0,2010-08-26 14:25:00,469,2,104.0
16376.0,2,691,974.96,2011-12-01 11:38:00,8,2,974.96
16377.0,2,2928,1308.48,2011-03-17 15:41:00,266,2,1308.48
16378.0,3,267,362.95,2011-04-06 15:07:00,246,3,362.95
16379.0,4,1410,2157.4,2011-12-05 15:38:00,3,4,2157.4
16380.0,1,1428,1743.1499999999999,2011-10-09 15:40:00,60,1,1743.1499999999999
16381.0,2,108,247.85,2010-11-09 09:56:00,395,2,247.85
16382.0,2,167,353.1,2010-10-27 16:23:00,407,2,353.1
16383.0,7,1596,2896.69,2011-09-26 12:45:00,74,7,2896.69
16384.0,4,861,1358.95,2011-09-11 11:19:00,89,4,1358.95
16385.0,5,476,881.35,2011-10-10 13:12:00,59,5,881.35
16386.0,3,700,1068.16,2011-11-11 12:28:00,28,3,1068.16
16387.0,5,448,882.46,2011-01-21 11:34:00,322,5,882.46
16388.0,1,83,186.05,2010-02-24 10:20:00,653,1,186.05
16389.0,4,1242,1382.07,2011-10-17 14:41:00,52,4,1382.07
16390.0,3,122,467.5,2010-06-21 10:11:00,536,3,467.5
16391.0,4,715,1052.26,2010-11-04 12:27:00,400,4,1052.26
16392.0,3,604,756.7,2011-03-15 12:11:00,269,3,756.7
16393.0,23,3001,5297.77,2011-12-07 12:51:00,1,23,5297.77
16394.0,5,2604,1555.34,2011-10-14 09:48:00,56,5,1555.34
16395.0,14,2901,3518.41,2011-10-10 12:50:00,60,14,3518.41
16396.0,1,80,137.8,2010-08-20 14:17:00,475,1,137.8
16397.0,1,43,123.13,2010-03-21 15:36:00,627,1,123.13
16398.0,2,758,1705.8,2011-07-08 15:16:00,153,2,1705.8
16399.0,3,452,630.22,2011-11-20 16:12:00,18,3,630.22
16400.0,9,2066,3059.85,2011-09-06 12:27:00,94,9,3059.85
16401.0,23,6035,6849.15,2011-12-08 18:15:00,0,23,6849.15
16402.0,2,146,293.45,2011-03-20 12:25:00,264,2,293.45
16403.0,1,114,177.5,2011-01-31 13:39:00,311,1,177.5
16404.0,1,157,443.05,2011-09-30 14:55:00,69,1,443.05
16405.0,2,187,167.25,2011-02-10 15:24:00,301,2,167.25
16406.0,3,257,528.36,2011-11-21 11:57:00,18,3,528.36
16407.0,14,1448,2761.65,2011-11-27 11:05:00,12,14,2761.65
16408.0,1,227,231.93,2010-04-27 14:08:00,590,1,231.93
16409.0,12,3664,5652.74,2011-11-03 16:45:00,35,12,5652.74
16410.0,1,348,130.32,2009-12-05 14:51:00,733,1,130.32
16411.0,4,461,756.39,2011-11-20 13:23:00,18,4,756.39
16412.0,5,288,593.19,2011-10-17 12:35:00,53,5,593.19
16413.0,2,283,522.03,2011-10-14 12:08:00,56,2,522.03
16414.0,5,201,551.21,2011-11-18 09:42:00,21,5,551.21
16415.0,3,508,696.76,2011-10-26 13:35:00,43,3,696.76
16416.0,9,2198,2957.88,2011-11-13 12:50:00,26,9,2957.88
16417.0,1,6,35.7,2010-08-04 09:08:00,492,1,35.7
16418.0,5,564,1028.74,2011-10-26 12:39:00,44,5,1028.74
16419.0,8,701,1463.7,2011-08-19 12:33:00,112,8,1463.7
16420.0,1,120,75.0,2010-11-08 15:15:00,395,1,75.0
16421.0,3,123,526.27,2010-11-28 13:31:00,375,3,526.27
16422.0,109,64225,61920.87,2011-11-22 14:00:00,16,109,61920.87
16423.0,1,230,346.12,2011-11-15 09:21:00,24,1,346.12
16424.0,2,212,443.06,2011-06-01 13:40:00,190,2,443.06
16425.0,1,199,302.7,2011-02-10 14:30:00,301,1,302.7
16426.0,10,1215,1863.76,2011-12-07 14:01:00,1,10,1863.76
16427.0,2,156,241.06,2011-03-21 17:10:00,262,2,241.06
16428.0,3,575,638.49,2010-10-22 12:22:00,413,3,638.49
16429.0,1,9,284.55,2011-08-25 13:54:00,105,1,284.55
16430.0,7,307,1117.94,2011-10-13 14:47:00,56,7,1117.94
16431.0,3,442,623.28,2011-05-10 14:09:00,212,3,623.28
16432.0,1,276,287.4,2011-10-06 13:59:00,63,1,287.4
16433.0,2,214,384.52,2011-11-11 14:09:00,27,2,384.52
16434.0,12,1310,2673.69,2011-11-10 14:28:00,28,12,2673.69
16435.0,3,608,1003.0699999999999,2010-07-15 18:22:00,511,3,1003.0699999999999
16436.0,3,227,319.14,2010-02-09 13:19:00,667,3,319.14
16437.0,2,197,301.25,2010-11-23 16:59:00,380,2,301.25
16438.0,5,463,798.35,2011-12-04 10:51:00,5,5,798.35
16439.0,1,74,310.70000000000005,2009-12-17 14:22:00,721,1,310.70000000000005
16440.0,6,2108,3856.9700000000003,2011-12-02 12:02:00,7,6,3856.9700000000003
16441.0,5,478,1019.13,2011-10-03 17:48:00,66,5,1019.13
16442.0,5,580,891.98,2011-12-08 11:43:00,1,5,891.98
16443.0,1,96,162.24,2010-07-07 11:57:00,520,1,162.24
16444.0,17,1945,3625.88,2011-10-24 13:50:00,45,17,3625.88
16445.0,4,287,583.16,2011-11-06 12:32:00,33,4,583.16
16446.0,2,80997,168472.5,2011-12-09 09:15:00,0,2,168472.5
16447.0,3,315,727.1,2011-07-27 12:45:00,135,3,727.1
16448.0,2,176,361.12,2011-05-25 16:28:00,197,2,361.12
16449.0,2,367,707.69,2011-05-26 10:25:00,197,2,707.69
16450.0,3,681,1505.73,2011-07-13 11:47:00,149,3,1505.73
16451.0,3,524,1013.15,2011-09-13 09:17:00,87,3,1013.15
16452.0,2,199,332.17,2010-03-19 12:39:00,630,2,332.17
16453.0,2,139,251.71,2010-06-27 12:46:00,530,2,251.71
16454.0,4,9,30.950000000000003,2011-10-26 11:40:00,44,4,30.950000000000003
16455.0,11,2851,3995.57,2011-10-07 12:17:00,63,11,3995.57
16456.0,13,3296,6000.94,2011-09-01 13:50:00,98,13,6000.94
16457.0,1,140,208.36,2011-05-05 13:19:00,217,1,208.36
16458.0,30,3395,5690.89,2011-12-07 09:34:00,2,30,5690.89
16459.0,1,59,71.78999999999999,2009-12-10 12:42:00,729,1,71.78999999999999
16460.0,3,876,811.23,2011-11-11 13:46:00,27,3,811.23
16461.0,3,933,1545.83,2011-06-15 12:07:00,177,3,1545.83
16462.0,3,16,136.0,2011-09-27 10:24:00,73,3,136.0
16463.0,4,1163,1422.4,2011-11-18 14:01:00,20,4,1422.4
16464.0,3,952,1298.66,2011-11-20 12:11:00,19,3,1298.66
16465.0,2,504,746.24,2010-10-15 09:27:00,420,2,746.24
16466.0,15,1777,3767.09,2011-11-06 11:35:00,33,15,3767.09
16467.0,7,7384,2869.16,2010-07-19 11:49:00,508,7,2869.16
16468.0,3,371,787.52,2011-09-26 14:13:00,73,3,787.52
16469.0,5,332,803.9,2011-11-16 12:25:00,23,5,803.9
16470.0,11,1335,2416.85,2011-10-19 12:11:00,51,11,2416.85
16471.0,4,670,1189.98,2011-03-10 09:41:00,274,4,1189.98
16472.0,2,252,789.6,2010-10-01 13:56:00,433,2,789.6
16473.0,4,296,470.83,2011-06-28 09:10:00,164,4,470.83
16474.0,7,909,1810.65,2011-12-02 13:02:00,6,7,1810.65
16475.0,4,319,544.3,2011-09-12 14:37:00,87,4,544.3
16476.0,1,187,350.35,2010-10-04 10:29:00,431,1,350.35
16477.0,11,2507,4094.37,2011-10-07 09:44:00,63,11,4094.37
16478.0,3,224,331.0,2011-11-14 15:51:00,24,3,331.0
16479.0,2,102,300.83,2011-11-29 13:40:00,9,2,300.83
16480.0,1,455,769.29,2011-09-25 11:40:00,75,1,769.29
16481.0,1,201,453.38,2010-01-26 13:09:00,681,1,453.38
16482.0,1,346,220.62,2011-11-24 12:33:00,15,1,220.62
16483.0,1,44,139.35,2011-05-31 13:08:00,191,1,139.35
16484.0,2,200,404.3,2011-06-19 12:06:00,173,2,404.3
16485.0,5,1153,2287.19,2011-09-23 15:50:00,76,5,2287.19
16486.0,1,24,134.36,2010-06-20 12:16:00,537,1,134.36
16487.0,2,163,209.4,2010-05-11 13:38:00,576,2,209.4
16488.0,3,728,498.8,2011-11-06 13:42:00,32,3,498.8
16489.0,2,38,303.7,2010-11-24 14:40:00,379,2,303.7
16490.0,1,113,205.41000000000003,2010-09-29 16:30:00,435,1,205.41000000000003
16491.0,2,1060,1533.16,2011-10-24 10:18:00,46,2,1533.16
16492.0,1,235,385.56,2010-06-17 08:20:00,540,1,385.56
16493.0,7,1988,2132.09,2011-09-21 11:10:00,79,7,2132.09
16494.0,1,675,826.53,2011-02-16 12:49:00,296,1,826.53
16495.0,3,328,648.26,2011-12-06 13:20:00,2,3,648.26
16496.0,6,1764,2330.77,2011-12-01 10:31:00,8,6,2330.77
16497.0,23,3050,6695.28,2011-10-21 10:55:00,49,23,6695.28
16498.0,2,45,100.97,2011-07-01 15:07:00,160,2,100.97
16499.0,8,1364,2578.34,2010-12-14 13:31:00,359,8,2578.34
16500.0,9,386,843.9100000000001,2011-12-05 12:04:00,4,9,843.9100000000001
16501.0,1,628,1191.23,2010-11-21 14:10:00,382,1,1191.23
16502.0,2,220,258.55,2010-03-29 13:44:00,619,2,258.55
16503.0,11,1535,3614.34,2011-08-25 11:46:00,106,11,3614.34
16504.0,1,510,465.88,2011-11-14 15:18:00,24,1,465.88
16505.0,1,576,777.6,2011-11-08 12:14:00,31,1,777.6
16506.0,2,42,90.30000000000001,2011-11-20 12:17:00,19,2,90.30000000000001
16507.0,1,111,142.71,2010-05-16 12:56:00,571,1,142.71
16508.0,1,103,240.95,2010-03-19 13:41:00,629,1,240.95
16509.0,1,64,363.7,2011-02-16 09:25:00,296,1,363.7
16510.0,6,930,1777.5,2010-12-02 13:39:00,371,6,1777.5
16511.0,6,769,1760.49,2011-11-18 10:41:00,21,6,1760.49
16513.0,4,407,874.59,2011-12-05 10:18:00,4,4,874.59
16515.0,10,1573,3179.06,2011-10-18 13:10:00,51,10,3179.06
16516.0,1,58,101.69999999999999,2011-11-09 14:59:00,29,1,101.69999999999999
16517.0,1,96,162.7,2011-03-07 13:50:00,276,1,162.7
16518.0,4,524,959.37,2011-10-09 15:04:00,60,4,959.37
16519.0,4,150,439.06,2011-11-14 15:41:00,24,4,439.06
16520.0,6,1045,2148.38,2011-06-06 13:24:00,185,6,2148.38
16521.0,3,1014,1140.11,2010-10-20 13:09:00,414,3,1140.11
16522.0,2,212,433.36,2010-09-30 10:54:00,435,2,433.36
16523.0,28,4979,11916.33,2011-12-08 09:06:00,1,28,11916.33
16524.0,2,259,306.19,2010-09-19 13:37:00,445,2,306.19
16525.0,48,14430,24151.3,2011-12-07 15:07:00,1,48,24151.3
16526.0,2,279,717.21,2011-06-21 12:02:00,171,2,717.21
16527.0,2,708,1232.94,2011-09-19 16:21:00,80,2,1232.94
16528.0,1,171,244.41,2011-12-06 12:45:00,3,1,244.41
16529.0,4,739,1986.8,2011-06-02 17:23:00,189,4,1986.8
16530.0,1,17,48.349999999999994,2010-02-09 15:30:00,667,1,48.349999999999994
16531.0,11,1863,2298.33,2011-11-17 16:29:00,21,11,2298.33
16532.0,5,2544,8756.64,2011-11-22 11:08:00,17,5,8756.64
16533.0,3,611,1082.81,2011-11-20 13:08:00,18,3,1082.81
16534.0,1,168,635.9,2010-03-07 15:47:00,641,1,635.9
16535.0,3,664,972.04,2011-12-04 15:18:00,4,3,972.04
16536.0,1,250,548.12,2011-08-21 15:54:00,109,1,548.12
16537.0,1,59,23.35,2010-03-08 13:41:00,640,1,23.35
16538.0,3,254,395.07,2010-06-16 16:59:00,540,3,395.07
16539.0,10,1014,3289.66,2011-12-07 08:41:00,2,10,3289.66
16540.0,1,105,205.75,2010-10-21 17:22:00,413,1,205.75
16541.0,1,173,424.03,2009-12-04 13:22:00,734,1,424.03
16542.0,2,142,257.32,2011-10-17 10:47:00,53,2,257.32
16543.0,1,317,292.21,2010-04-27 11:38:00,591,1,292.21
16544.0,4,150,376.70000000000005,2010-07-08 11:11:00,519,4,376.70000000000005
16545.0,2,322,689.82,2011-06-28 10:37:00,164,2,689.82
16546.0,5,4211,5307.07,2011-02-22 11:20:00,290,5,5307.07
16547.0,1,108,104.25999999999999,2010-06-11 13:02:00,545,1,104.25999999999999
16548.0,1,6,30.15,2010-04-19 16:15:00,598,1,30.15
16549.0,34,7087,12781.8,2011-11-29 15:06:00,9,34,12781.8
16550.0,18,5405,8813.58,2011-08-23 11:12:00,108,18,8813.58
16551.0,7,2076,2237.12,2011-09-05 09:38:00,95,7,2237.12
16552.0,2,219,379.73,2011-04-11 10:04:00,242,2,379.73
16553.0,33,16427,16584.01,2011-06-29 15:42:00,162,33,16584.01
16554.0,8,1346,2841.72,2011-10-28 14:51:00,41,8,2841.72
16555.0,6,1816,1915.68,2011-11-04 14:31:00,34,6,1915.68
16556.0,17,4353,8012.58,2011-10-04 11:36:00,66,17,8012.58
16557.0,2,111,281.85,2011-11-15 14:04:00,23,2,281.85
16558.0,38,7813,13304.11,2011-12-09 10:20:00,0,38,13304.11
16559.0,1,61,175.0,2010-11-07 13:52:00,396,1,175.0
16560.0,8,1603,3048.38,2011-11-13 10:35:00,26,8,3048.38
16561.0,2,244,511.12,2011-12-04 11:50:00,5,2,511.12
16562.0,1,264,223.85999999999999,2010-08-20 11:45:00,476,1,223.85999999999999
16563.0,6,2584,4412.56,2011-10-17 11:51:00,53,6,4412.56
16564.0,1,40,87.8,2010-05-19 14:41:00,568,1,87.8
16565.0,4,211,773.05,2010-12-10 15:21:00,363,4,773.05
16566.0,5,362,614.66,2011-11-24 16:34:00,14,5,614.66
16567.0,2,996,865.6,2011-05-29 13:57:00,193,2,865.6
16568.0,2,366,1020.9000000000001,2010-10-08 10:54:00,427,2,1020.9000000000001
16569.0,5,988,1455.23,2011-12-06 15:32:00,2,5,1455.23
16570.0,20,4292,7434.31,2011-11-24 17:02:00,14,20,7434.31
16571.0,10,3703,4248.74,2011-11-13 11:46:00,26,10,4248.74
16572.0,3,532,1009.6,2011-08-04 16:34:00,126,3,1009.6
16573.0,2,360,663.61,2011-09-16 09:13:00,84,2,663.61
16574.0,3,1002,1301.78,2011-09-29 13:39:00,70,3,1301.78
16576.0,2,323,540.87,2010-10-15 13:37:00,419,2,540.87
16577.0,1,142,380.0,2010-02-11 09:45:00,666,1,380.0
16578.0,1,108,156.6,2010-03-23 15:11:00,625,1,156.6
16579.0,1,119,295.05,2010-10-10 11:58:00,425,1,295.05
16581.0,1,134,105.84,2011-06-10 10:05:00,182,1,105.84
16582.0,1,164,313.62,2011-08-18 17:02:00,112,1,313.62
16583.0,2,153,297.95,2010-12-01 12:03:00,373,2,297.95
16584.0,5,1913,3156.17,2011-09-20 13:45:00,79,5,3156.17
16585.0,2,151,341.59,2010-04-25 10:34:00,593,2,341.59
16586.0,3,348,1462.78,2011-04-05 09:32:00,248,3,1462.78
16587.0,1,71,225.15,2011-04-21 15:51:00,231,1,225.15
16588.0,4,882,1361.28,2010-11-18 17:56:00,385,4,1361.28
16589.0,4,536,612.36,2011-09-29 14:50:00,70,4,612.36
16590.0,2,240,605.9,2010-11-04 09:06:00,400,2,605.9
16591.0,1,41,213.5,2011-10-02 10:43:00,68,1,213.5
16592.0,28,5504,7807.91,2011-12-05 13:49:00,3,28,7807.91
16593.0,8,377,1071.1399999999999,2011-10-20 12:41:00,50,8,1071.1399999999999
16594.0,1,64,181.09,2011-09-25 14:08:00,74,1,181.09
16595.0,5,1331,1757.75,2011-10-09 13:15:00,60,5,1757.75
16596.0,4,180,458.98,2011-11-24 10:02:00,15,4,458.98
16597.0,1,184,90.04,2011-12-05 15:44:00,3,1,90.04
16598.0,1,73,145.04999999999998,2011-02-27 11:42:00,285,1,145.04999999999998
16599.0,1,159,172.8,2010-11-19 12:45:00,385,1,172.8
16600.0,13,2420,2153.41,2011-12-05 16:00:00,3,13,2153.41
16601.0,3,391,677.0,2011-10-30 11:09:00,40,3,677.0
16602.0,2,429,763.33,2011-11-03 15:54:00,35,2,763.33
16603.0,2,480,482.47,2011-09-26 10:06:00,74,2,482.47
16604.0,2,175,432.45,2010-05-26 09:10:00,562,2,432.45
16605.0,1,144,60.48,2009-12-15 19:03:00,723,1,60.48
16606.0,2,148,357.66,2010-10-31 13:57:00,403,2,357.66
16607.0,25,4436,5706.87,2011-11-22 10:24:00,17,25,5706.87
16608.0,2,612,1286.6200000000001,2010-09-12 11:44:00,453,2,1286.6200000000001
16609.0,7,2420,5493.46,2011-11-24 13:32:00,14,7,5493.46
16610.0,1,66,75.66,2011-05-04 13:13:00,218,1,75.66
16611.0,6,874,1785.13,2011-06-06 15:46:00,185,6,1785.13
16612.0,9,1419,3245.43,2011-11-07 07:38:00,32,9,3245.43
16613.0,1,293,618.59,2011-09-30 15:52:00,69,1,618.59
16614.0,3,349,1179.79,2011-06-10 11:36:00,182,3,1179.79
16615.0,1,211,291.5,2010-03-23 15:13:00,625,1,291.5
16616.0,2,370,500.42,2011-11-24 16:31:00,14,2,500.42
16617.0,1,91,151.85,2011-04-18 10:35:00,235,1,151.85
16618.0,5,1363,2647.59,2011-11-08 13:52:00,30,5,2647.59
16619.0,4,1055,1938.33,2011-03-21 08:18:00,263,4,1938.33
16620.0,6,1146,1758.93,2011-12-06 12:19:00,3,6,1758.93
16621.0,4,302,813.48,2011-10-19 11:38:00,51,4,813.48
16622.0,1,44,225.4,2010-06-14 10:44:00,543,1,225.4
16623.0,4,442,1015.24,2011-04-08 10:09:00,245,4,1015.24
16624.0,2,488,810.5699999999999,2011-09-20 12:39:00,80,2,810.5699999999999
16625.0,5,1057,1654.03,2011-03-10 12:50:00,274,5,1654.03
16626.0,17,2690,4413.1,2011-12-09 11:56:00,0,17,4413.1
16627.0,1,162,322.8,2011-09-21 14:38:00,78,1,322.8
16628.0,7,1260,2318.1,2011-11-10 12:45:00,29,7,2318.1
16629.0,2,489,408.63,2011-09-27 10:34:00,73,2,408.63
16630.0,1,72,106.80000000000001,2010-10-28 14:30:00,406,1,106.80000000000001
16631.0,7,775,1892.52,2010-08-15 11:20:00,481,7,1892.52
16632.0,2,256,406.4,2010-08-11 11:39:00,485,2,406.4
16633.0,6,1138,2883.1,2011-11-22 13:41:00,16,6,2883.1
16634.0,6,1257,1649.81,2011-05-01 12:09:00,222,6,1649.81
16635.0,1,277,473.0,2010-10-29 09:41:00,406,1,473.0
16636.0,4,2186,3802.04,2010-09-27 13:13:00,437,4,3802.04
16637.0,4,927,1154.47,2011-11-07 13:17:00,31,4,1154.47
16638.0,15,1627,2380.13,2011-11-17 11:09:00,22,15,2380.13
16639.0,4,751,1747.98,2011-11-08 13:20:00,30,4,1747.98
16640.0,1,146,179.4,2010-11-07 10:48:00,397,1,179.4
16641.0,2,454,554.5,2011-08-26 12:49:00,105,2,554.5
16642.0,3,775,1077.45,2011-12-05 11:31:00,4,3,1077.45
16643.0,2,553,923.11,2011-04-08 08:24:00,245,2,923.11
16644.0,2,826,833.78,2011-06-15 12:39:00,177,2,833.78
16645.0,1,117,160.39,2009-12-04 09:49:00,735,1,160.39
16646.0,1,1072,678.8,2010-09-16 13:28:00,448,1,678.8
16647.0,4,396,541.9,2011-06-23 11:47:00,169,4,541.9
16648.0,3,503,672.8,2011-10-28 08:58:00,42,3,672.8
16649.0,1,82,306.58000000000004,2010-07-07 15:41:00,519,1,306.58000000000004
16650.0,7,1511,1916.11,2011-09-29 09:51:00,71,7,1916.11
16651.0,1,60,136.2,2010-05-02 11:46:00,586,1,136.2
16652.0,16,7477,17550.39,2011-10-12 09:38:00,58,16,17550.39
16653.0,2,733,1212.66,2011-11-23 14:51:00,15,2,1212.66
16654.0,8,640,1484.07,2011-07-21 15:23:00,140,8,1484.07
16655.0,13,3938,6423.26,2011-11-22 11:25:00,17,13,6423.26
16656.0,30,15433,16833.170000000002,2011-11-17 14:43:00,21,30,16833.170000000002
16657.0,4,1130,874.43,2011-11-30 11:48:00,9,4,874.43
16658.0,6,277,690.83,2010-12-06 13:47:00,367,6,690.83
16659.0,1,72,39.12,2011-06-03 15:03:00,188,1,39.12
16660.0,7,991,1879.55,2011-11-23 14:53:00,15,7,1879.55
16661.0,4,364,932.76,2010-06-17 15:24:00,539,4,932.76
16662.0,1,35,151.05,2010-11-10 16:56:00,393,1,151.05
16663.0,1,100,165.0,2009-12-10 13:12:00,728,1,165.0
16664.0,1,24,109.2,2010-05-19 17:11:00,568,1,109.2
16665.0,1,59,135.39999999999998,2010-12-12 14:03:00,361,1,135.39999999999998
16666.0,2,354,217.71,2011-11-20 14:01:00,18,2,217.71
16667.0,2,236,567.1800000000001,2011-10-02 15:26:00,67,2,567.1800000000001
16668.0,13,773,862.42,2011-11-24 17:43:00,14,13,862.42
16669.0,3,881,1348.88,2011-11-16 12:26:00,23,3,1348.88
16670.0,20,4534,8030.150000000001,2011-11-23 09:34:00,16,20,8030.150000000001
16671.0,3,875,1692.27,2011-11-11 13:40:00,27,3,1692.27
16672.0,20,2832,8134.9400000000005,2011-12-07 16:29:00,1,20,8134.9400000000005
16673.0,1,95,171.13,2010-01-29 14:22:00,678,1,171.13
16674.0,2,181,304.24,2011-10-16 11:31:00,54,2,304.24
16675.0,2,296,608.86,2010-09-24 12:15:00,441,2,608.86
16676.0,6,927,2361.9,2011-11-06 12:01:00,33,6,2361.9
16677.0,2,457,880.62,2010-10-24 14:53:00,410,2,880.62
16678.0,12,2397,3109.99,2011-12-07 12:17:00,2,12,3109.99
16679.0,3,247,663.31,2010-12-08 13:51:00,365,3,663.31
16680.0,3,377,821.45,2011-10-27 17:35:00,42,3,821.45
16681.0,7,1492,1921.84,2011-09-28 11:11:00,72,7,1921.84
16682.0,5,1040,1028.0,2011-12-05 12:13:00,4,5,1028.0
16683.0,1,190,320.25,2010-06-24 10:36:00,533,1,320.25
16684.0,55,104810,147142.77,2011-12-05 14:06:00,3,55,147142.77
16685.0,2,396,324.24,2011-10-09 13:58:00,60,2,324.24
16686.0,16,3419,4881.07,2011-10-23 13:49:00,46,16,4881.07
16687.0,1,141,157.63,2010-11-14 11:46:00,390,1,157.63
16688.0,4,804,1260.86,2011-12-08 15:24:00,0,4,1260.86
16689.0,2,330,422.59999999999997,2011-09-25 11:39:00,75,2,422.59999999999997
16690.0,4,209,353.03,2011-09-28 15:02:00,71,4,353.03
16691.0,2,92,178.83,2010-10-17 15:03:00,417,2,178.83
16692.0,4,878,1914.6999999999998,2011-03-28 14:46:00,255,4,1914.6999999999998
16693.0,5,658,1179.48,2011-10-02 11:10:00,68,5,1179.48
16694.0,1,26,98.30000000000001,2009-12-16 15:45:00,722,1,98.30000000000001
16695.0,2,184,191.9,2010-05-27 12:36:00,561,2,191.9
16696.0,4,146,657.9000000000001,2011-07-27 14:23:00,134,4,657.9000000000001
16697.0,1,27,112.75,2011-04-12 17:12:00,240,1,112.75
16698.0,2,840,1998.0,2011-04-27 10:52:00,226,2,1998.0
16699.0,7,640,994.6,2010-11-24 14:38:00,379,7,994.6
16700.0,25,6644,8830.77,2011-12-01 11:00:00,8,25,8830.77
16701.0,26,11046,9916.73,2011-12-01 11:10:00,8,26,9916.73
16702.0,4,692,1110.83,2010-10-20 14:10:00,414,4,1110.83
16704.0,2,433,664.16,2010-03-31 14:02:00,617,2,664.16
16705.0,42,22302,43515.051,2011-12-09 12:08:00,0,42,43515.051
16706.0,3,249,531.35,2011-11-02 13:50:00,36,3,531.35
16707.0,4,396,533.41,2010-11-04 14:39:00,399,4,533.41
16708.0,1,285,656.63,2011-10-25 12:20:00,45,1,656.63
16709.0,14,3261,9056.01,2011-09-16 10:56:00,84,14,9056.01
16710.0,22,4174,5921.35,2011-11-20 14:50:00,18,22,5921.35
16711.0,9,1212,2868.48,2011-12-06 16:32:00,2,9,2868.48
16712.0,13,2074,4232.87,2011-11-30 13:48:00,8,13,4232.87
16713.0,32,8482,14115.56,2011-11-21 12:36:00,18,32,14115.56
16714.0,4,828,1497.33,2011-05-05 11:09:00,218,4,1497.33
16715.0,2,1174,625.52,2011-09-22 18:15:00,77,2,625.52
16716.0,3,912,2149.6800000000003,2011-03-18 10:03:00,266,3,2149.6800000000003
16717.0,14,3145,6663.68,2011-11-16 12:16:00,23,14,6663.68
16718.0,5,1924,3006.08,2010-12-05 13:03:00,368,5,3006.08
16719.0,14,2356,3513.62,2011-11-25 09:27:00,14,14,3513.62
16720.0,3,460,758.74,2011-11-13 16:22:00,25,3,758.74
16721.0,1,172,292.47,2011-03-22 16:08:00,261,1,292.47
16722.0,22,7986,8189.56,2011-11-22 13:28:00,16,22,8189.56
16723.0,4,958,1231.36,2011-09-09 13:01:00,90,4,1231.36
16724.0,1,69,147.35,2010-10-31 11:40:00,404,1,147.35
16725.0,14,700,1688.26,2011-02-10 16:52:00,301,14,1688.26
16726.0,7,1323,2063.88,2011-11-13 14:53:00,25,7,2063.88
16727.0,4,1066,1377.77,2010-12-10 13:48:00,363,4,1377.77
16728.0,4,671,1048.28,2011-10-24 14:36:00,45,4,1048.28
16729.0,21,5722,7205.33,2011-11-01 14:29:00,37,21,7205.33
16730.0,3,994,743.11,2011-10-18 14:11:00,51,3,743.11
16731.0,1,124,170.3,2010-03-01 15:05:00,647,1,170.3
16732.0,4,2414,4387.64,2011-11-08 09:54:00,31,4,4387.64
16733.0,1,112,259.68,2010-06-28 10:12:00,529,1,259.68
16734.0,3,345,646.76,2011-10-18 13:44:00,51,3,646.76
16735.0,14,4240,6217.41,2011-09-22 11:49:00,78,14,6217.41
16736.0,5,1050,2956.56,2010-07-22 10:09:00,505,5,2956.56
16737.0,2,576,835.1999999999999,2011-10-17 13:03:00,52,2,835.1999999999999
16738.0,1,3,3.75,2011-02-15 09:46:00,297,1,3.75
16739.0,2,391,786.43,2011-06-16 09:17:00,176,2,786.43
16740.0,1,110,226.91,2010-11-09 13:34:00,394,1,226.91
16741.0,1,81,173.06,2010-03-24 15:15:00,624,1,173.06
16742.0,14,2558,2799.87,2011-10-24 12:02:00,46,14,2799.87
16743.0,14,3707,4212.15,2011-11-10 13:13:00,28,14,4212.15
16744.0,7,798,1291.91,2011-11-28 13:06:00,10,7,1291.91
16745.0,17,6719,7180.7,2011-09-14 11:58:00,86,17,7180.7
16746.0,42,11900,18046.75,2011-12-05 12:33:00,4,42,18046.75
16747.0,2,583,836.06,2011-11-02 11:37:00,37,2,836.06
16748.0,14,2127,3637.33,2011-11-22 10:17:00,17,14,3637.33
16749.0,2,1910,4157.88,2010-04-27 13:06:00,590,2,4157.88
16750.0,5,214,623.93,2011-10-26 12:48:00,44,5,623.93
16751.0,1,1031,1764.72,2011-11-09 10:48:00,30,1,1764.72
16752.0,1,54,207.5,2010-12-02 12:18:00,372,1,207.5
16753.0,1,189,223.92000000000002,2011-10-12 13:14:00,57,1,223.92000000000002
16754.0,29,63551,65500.07,2010-12-02 17:38:00,371,29,65500.07
16755.0,7,1985,2864.68,2011-08-17 13:21:00,113,7,2864.68
16756.0,7,707,1312.3700000000001,2011-05-09 09:33:00,214,7,1312.3700000000001
16757.0,2,180,270.48,2011-01-25 11:59:00,318,2,270.48
16758.0,1,203,369.34000000000003,2011-10-05 14:47:00,64,1,369.34000000000003
16759.0,3,609,789.79,2011-12-02 12:42:00,7,3,789.79
16760.0,1,168,228.0,2010-10-05 15:55:00,429,1,228.0
16761.0,1,341,316.62,2011-09-04 11:15:00,96,1,316.62
16762.0,3,480,1207.24,2011-11-20 11:43:00,19,3,1207.24
16763.0,2,492,964.6999999999999,2011-05-25 11:52:00,198,2,964.6999999999999
16764.0,13,1253,2790.9500000000003,2011-12-06 11:41:00,3,13,2790.9500000000003
16765.0,2,311,454.75,2011-02-18 15:41:00,293,2,454.75
16766.0,2,536,1145.6,2011-03-11 15:22:00,272,2,1145.6
16767.0,15,7102,8056.76,2011-11-09 09:42:00,30,15,8056.76
16768.0,9,774,1698.57,2011-10-23 10:38:00,47,9,1698.57
16769.0,4,295,1117.05,2011-03-24 13:41:00,259,4,1117.05
16770.0,9,1052,1778.93,2011-10-13 12:21:00,57,9,1778.93
16771.0,10,2308,3949.6,2011-11-06 13:28:00,32,10,3949.6
16772.0,3,687,3698.0499999999997,2010-10-12 13:19:00,422,3,3698.0499999999997
16773.0,3,252,421.24,2011-10-13 14:37:00,56,3,421.24
16774.0,8,774,1567.48,2011-10-03 12:41:00,67,8,1567.48
16775.0,16,957,2820.84,2011-11-29 15:22:00,9,16,2820.84
16776.0,2,435,592.51,2011-10-10 13:04:00,59,2,592.51
16777.0,5,470,1292.18,2011-09-20 13:41:00,79,5,1292.18
16778.0,2,194,245.94,2011-09-26 13:48:00,73,2,245.94
16779.0,53,19411,32809.03,2011-12-07 14:54:00,1,53,32809.03
16780.0,3,352,596.4,2011-08-31 16:09:00,99,3,596.4
16781.0,2,192,623.0,2010-12-02 14:26:00,371,2,623.0
16782.0,38,4027,9636.12,2011-11-29 13:20:00,9,38,9636.12
16783.0,1,163,391.95,2010-09-29 11:53:00,436,1,391.95
16784.0,5,494,892.33,2011-11-20 12:20:00,19,5,892.33
16785.0,1,313,533.78,2010-10-26 10:36:00,409,1,533.78
16786.0,1,72,51.839999999999996,2010-11-11 08:25:00,393,1,51.839999999999996
16787.0,4,472,1017.53,2010-11-07 11:01:00,397,4,1017.53
16788.0,5,965,1928.93,2011-08-08 14:53:00,122,5,1928.93
16789.0,1,32,80.8,2011-12-01 15:12:00,7,1,80.8
16790.0,6,898,1545.6200000000001,2011-12-06 11:53:00,3,6,1545.6200000000001
16791.0,15,1854,3957.63,2011-11-10 19:12:00,28,15,3957.63
16792.0,5,324,623.46,2011-03-02 14:41:00,281,5,623.46
16793.0,1,146,243.84,2011-10-13 15:08:00,56,1,243.84
16794.0,15,1576,2052.7,2011-12-08 17:54:00,0,15,2052.7
16795.0,3,1214,2062.41,2010-12-09 14:08:00,364,3,2062.41
16796.0,1,186,305.62,2011-09-11 14:01:00,88,1,305.62
16797.0,5,898,1802.02,2010-11-11 19:14:00,392,5,1802.02
16798.0,3,205,841.16,2010-06-03 19:01:00,553,3,841.16
16799.0,2,162,452.78000000000003,2010-10-03 14:28:00,431,2,452.78000000000003
16800.0,1,524,1162.65,2011-11-28 14:06:00,10,1,1162.65
16801.0,4,493,1594.23,2011-06-29 15:33:00,162,4,1594.23
16802.0,2,369,582.61,2010-01-29 13:44:00,678,2,582.61
16803.0,1,245,332.3,2011-10-05 14:28:00,64,1,332.3
16804.0,3,246,536.99,2011-11-16 16:43:00,22,3,536.99
16805.0,5,1120,1091.34,2011-06-19 11:23:00,173,5,1091.34
16806.0,4,356,762.16,2011-08-28 15:27:00,102,4,762.16
16807.0,6,1433,2123.88,2011-07-20 12:00:00,142,6,2123.88
16808.0,2,196,288.42,2011-09-01 19:34:00,98,2,288.42
16809.0,9,1093,1727.43,2011-11-16 15:45:00,22,9,1727.43
16810.0,2,372,842.0400000000001,2011-05-31 15:32:00,191,2,842.0400000000001
16811.0,2,477,547.07,2011-12-05 11:39:00,4,2,547.07
16812.0,4,1116,2392.0,2010-12-14 12:35:00,360,4,2392.0
16813.0,10,1501,1652.18,2011-12-01 14:03:00,7,10,1652.18
16814.0,36,4844,11924.85,2011-11-25 13:27:00,13,36,11924.85
16815.0,2,237,406.02,2010-09-12 10:59:00,453,2,406.02
16816.0,4,274,417.06,2011-08-28 14:16:00,102,4,417.06
16817.0,13,1401,2560.7,2011-12-07 11:03:00,2,13,2560.7
16818.0,11,2164,3349.57,2011-11-29 10:41:00,10,11,3349.57
16819.0,2,253,182.59,2010-08-31 17:37:00,464,2,182.59
16820.0,1,307,497.61,2011-09-05 12:06:00,95,1,497.61
16821.0,1,13,113.35,2010-11-23 10:04:00,381,1,113.35
16822.0,1,171,181.39,2010-01-22 14:22:00,685,1,181.39
16823.0,7,1166,2243.09,2011-04-26 15:00:00,226,7,2243.09
16824.0,3,390,686.24,2011-11-24 12:38:00,15,3,686.24
16825.0,5,1297,1826.89,2011-11-01 11:51:00,38,5,1826.89
16826.0,1,158,341.7,2011-10-19 14:05:00,50,1,341.7
16827.0,5,125,392.13,2010-11-11 14:04:00,392,5,392.13
16828.0,2,59,128.5,2011-09-07 15:10:00,92,2,128.5
16829.0,2,215,513.32,2011-07-06 10:48:00,156,2,513.32
16830.0,4,699,1207.5,2011-11-01 11:35:00,38,4,1207.5
16831.0,1,48,91.8,2010-05-24 09:08:00,564,1,91.8
16832.0,5,179,417.61,2011-06-08 15:36:00,183,5,417.61
16833.0,6,878,2409.04,2011-12-08 14:39:00,0,6,2409.04
16834.0,2,760,898.96,2011-04-26 09:37:00,227,2,898.96
16835.0,6,496,1456.66,2011-08-03 13:50:00,127,6,1456.66
16836.0,4,539,782.37,2011-10-31 10:05:00,39,4,782.37
16837.0,11,1563,3170.98,2011-11-08 14:27:00,30,11,3170.98
16838.0,4,509,1159.61,2011-05-26 13:13:00,196,4,1159.61
16839.0,44,11295,21758.25,2011-12-01 09:03:00,8,44,21758.25
16840.0,2,117,139.85,2010-04-15 15:48:00,602,2,139.85
16841.0,12,3478,4006.06,2011-11-03 11:51:00,36,12,4006.06
16842.0,3,693,1264.19,2011-08-31 10:42:00,100,3,1264.19
16843.0,35,18502,19571.43,2011-10-28 09:06:00,42,35,19571.43
16844.0,2,281,614.34,2010-05-26 10:29:00,562,2,614.34
16845.0,1,167,253.88,2010-03-31 13:09:00,617,1,253.88
16846.0,3,517,842.41,2011-10-20 13:55:00,49,3,842.41
16847.0,2,255,614.89,2011-10-27 13:29:00,42,2,614.89
16848.0,4,780,1411.62,2011-10-18 08:42:00,52,4,1411.62
16849.0,1,33,124.57,2011-06-06 09:16:00,186,1,124.57
16850.0,1,249,332.41,2011-01-10 11:09:00,333,1,332.41
16851.0,3,271,342.45,2011-12-05 13:32:00,3,3,342.45
16852.0,2,56,144.91000000000003,2011-11-29 13:22:00,9,2,144.91000000000003
16854.0,2,997,1408.96,2010-10-18 16:31:00,416,2,1408.96
16855.0,2,164,328.4,2011-11-16 12:03:00,23,2,328.4
16856.0,3,171,358.49,2011-11-25 08:59:00,14,3,358.49
16857.0,1,168,352.8,2010-09-23 10:49:00,442,1,352.8
16858.0,10,1423,4292.59,2010-12-06 09:52:00,368,10,4292.59
16859.0,7,1899,1932.41,2011-07-18 12:19:00,144,7,1932.41
16860.0,3,625,1610.62,2010-09-13 10:05:00,452,3,1610.62
16861.0,5,616,946.59,2011-10-11 09:05:00,59,5,946.59
16862.0,4,513,662.33,2010-06-10 13:05:00,546,4,662.33
16863.0,3,640,834.27,2011-11-08 15:26:00,30,3,834.27
16864.0,2,283,409.25,2010-10-01 16:16:00,433,2,409.25
16865.0,1,157,130.95,2010-11-03 11:34:00,401,1,130.95
16866.0,3,60,207.73999999999998,2011-07-22 10:06:00,140,3,207.73999999999998
16867.0,1,58,76.74000000000001,2010-01-19 09:11:00,689,1,76.74000000000001
16868.0,3,112,384.56,2010-11-10 13:17:00,393,3,384.56
16869.0,4,583,817.12,2011-11-17 12:02:00,22,4,817.12
16870.0,1,278,450.15999999999997,2010-08-27 13:53:00,468,1,450.15999999999997
16871.0,6,1253,2812.34,2011-11-17 19:27:00,21,6,2812.34
16872.0,6,1079,1213.13,2011-09-23 16:05:00,76,6,1213.13
16873.0,12,8601,14617.39,2011-12-05 12:05:00,4,12,14617.39
16874.0,1,78,209.89000000000001,2010-11-25 13:08:00,378,1,209.89000000000001
16875.0,11,2099,4234.53,2011-10-03 13:39:00,66,11,4234.53
16876.0,1,181,136.01,2010-11-01 11:59:00,403,1,136.01
16877.0,6,458,846.62,2011-11-27 13:47:00,11,6,846.62
16878.0,1,12,13.3,2011-09-16 17:39:00,83,1,13.3
16880.0,8,904,1813.21,2011-11-09 11:33:00,30,8,1813.21
16881.0,1,600,432.0,2011-10-04 10:33:00,66,1,432.0
16882.0,3,424,705.12,2011-10-04 10:42:00,66,3,705.12
16883.0,19,1016,2246.06,2011-06-05 12:51:00,186,19,2246.06
16884.0,4,520,1070.97,2011-11-02 11:52:00,37,4,1070.97
16885.0,4,358,684.6,2011-11-24 13:40:00,14,4,684.6
16886.0,1,48,134.0,2010-09-09 15:08:00,455,1,134.0
16887.0,3,423,658.17,2011-11-04 14:07:00,34,3,658.17
16888.0,3,145,434.2,2010-11-04 12:39:00,400,3,434.2
16889.0,6,1611,2526.65,2011-05-29 11:05:00,194,6,2526.65
16890.0,3,243,285.41,2010-08-20 11:23:00,476,3,285.41
16891.0,11,652,1727.94,2011-12-08 11:15:00,1,11,1727.94
16892.0,7,367,754.75,2011-12-08 13:18:00,0,7,754.75
16893.0,2,117,249.89000000000001,2010-12-08 12:06:00,366,2,249.89000000000001
16894.0,3,503,1306.96,2010-07-25 15:43:00,501,3,1306.96
16895.0,5,421,1102.9,2011-10-06 12:15:00,64,5,1102.9
16896.0,1,18,103.95,2010-06-02 15:40:00,554,1,103.95
16897.0,2,73,289.78,2011-02-13 15:02:00,298,2,289.78
16898.0,5,695,885.21,2011-11-13 15:44:00,25,5,885.21
16899.0,8,811,1695.77,2011-12-02 12:03:00,7,8,1695.77
16900.0,3,833,887.11,2011-11-23 10:32:00,16,3,887.11
16901.0,1,42,204.26,2009-12-10 16:30:00,728,1,204.26
16902.0,1,629,1706.88,2011-08-15 14:17:00,115,1,1706.88
16903.0,3,717,1041.75,2011-11-10 15:32:00,28,3,1041.75
16904.0,21,2607,4675.36,2011-12-05 13:10:00,3,21,4675.36
16905.0,17,1913,4706.77,2011-12-04 14:01:00,4,17,4706.77
16906.0,7,590,1410.92,2011-09-19 11:49:00,81,7,1410.92
16907.0,9,451,1470.89,2011-11-10 18:04:00,28,9,1470.89
16908.0,1,61,252.59,2009-12-17 13:35:00,721,1,252.59
16909.0,1,436,379.14,2011-09-28 16:45:00,71,1,379.14
16910.0,8,884,1508.96,2011-12-05 12:51:00,3,8,1508.96
16911.0,2,161,255.25,2010-03-14 12:18:00,635,2,255.25
16912.0,15,1689,4460.51,2011-11-11 12:18:00,28,15,4460.51
16913.0,3,229,423.90999999999997,2011-02-22 12:56:00,289,3,423.90999999999997
16914.0,1,112,183.76,2011-11-03 15:27:00,35,1,183.76
16915.0,11,190,1543.18,2011-11-30 16:39:00,8,11,1543.18
16916.0,4,649,902.02,2011-11-16 12:08:00,23,4,902.02
16917.0,2,792,1851.88,2011-03-08 11:55:00,276,2,1851.88
16918.0,16,2066,3206.54,2011-10-21 12:50:00,49,16,3206.54
16919.0,24,2333,4909.66,2011-07-06 13:35:00,155,24,4909.66
16920.0,1,81,355.45,2010-10-24 14:07:00,410,1,355.45
16921.0,3,275,409.21,2011-10-09 16:22:00,60,3,409.21
16922.0,1,281,611.08,2010-05-16 11:24:00,572,1,611.08
16923.0,32,6190,13157.130000000001,2011-11-27 13:00:00,11,32,13157.130000000001
16924.0,3,467,829.89,2011-11-18 12:53:00,20,3,829.89
16925.0,1,123,125.65,2010-06-17 15:03:00,539,1,125.65
16926.0,5,197,1169.6100000000001,2010-12-03 13:42:00,370,5,1169.6100000000001
16927.0,3,993,543.05,2011-08-16 11:10:00,115,3,543.05
16928.0,29,2587,3897.5299999999997,2011-09-20 15:10:00,79,29,3897.5299999999997
16929.0,7,929,1295.39,2011-12-06 08:37:00,3,7,1295.39
16930.0,3,339,378.89,2011-11-13 16:13:00,25,3,378.89
16931.0,23,3357,5032.22,2011-12-04 13:15:00,4,23,5032.22
16932.0,3,217,412.55,2011-10-17 14:12:00,52,3,412.55
16933.0,9,1533,3099.3,2011-12-08 12:54:00,0,9,3099.3
16934.0,6,936,2083.14,2011-10-16 12:40:00,54,6,2083.14
16935.0,3,273,530.86,2010-11-23 09:16:00,381,3,530.86
16936.0,2,339,548.29,2011-11-14 11:04:00,25,2,548.29
16937.0,1,123,196.25,2010-07-28 17:56:00,498,1,196.25
16938.0,9,5041,6995.360000000001,2011-12-01 10:20:00,8,9,6995.360000000001
16939.0,3,229,433.85,2010-08-08 12:24:00,488,3,433.85
16940.0,8,4503,6427.66,2011-10-18 13:15:00,51,8,6427.66
16941.0,1,12,33.0,2010-04-07 11:13:00,611,1,33.0
16942.0,9,805,1904.99,2011-11-27 12:40:00,12,9,1904.99
16943.0,5,147,1299.49,2011-05-12 11:57:00,211,5,1299.49
16944.0,1,27,101.36,2010-04-09 11:03:00,609,1,101.36
16945.0,33,5889,8548.16,2011-11-18 11:39:00,21,33,8548.16
16946.0,5,509,1222.04,2010-11-21 14:06:00,382,5,1222.04
16947.0,5,655,955.21,2011-04-18 09:38:00,235,5,955.21
16948.0,7,2091,868.77,2011-07-24 12:46:00,138,7,868.77
16949.0,6,791,1286.27,2011-12-06 11:07:00,3,6,1286.27
16950.0,10,2432,3541.77,2011-10-14 09:06:00,56,10,3541.77
16951.0,3,1318,1277.75,2011-07-28 12:05:00,134,3,1277.75
16952.0,5,343,795.83,2011-08-22 13:03:00,108,5,795.83
16953.0,1,10,20.8,2011-11-09 15:54:00,29,1,20.8
16954.0,20,4086,6081.88,2011-12-09 09:46:00,0,20,6081.88
16955.0,6,723,1120.31,2011-06-08 10:36:00,184,6,1120.31
16956.0,1,114,308.74,2011-11-22 08:56:00,17,1,308.74
16957.0,2,172,416.64,2011-04-14 13:56:00,238,2,416.64
16958.0,1,514,778.49,2010-09-30 14:25:00,434,1,778.49
16959.0,1,49,117.35000000000001,2011-09-13 15:03:00,86,1,117.35000000000001
16960.0,8,1492,1990.88,2011-11-01 11:35:00,38,8,1990.88
16961.0,3,482,794.56,2011-08-15 13:46:00,115,3,794.56
16962.0,1,158,251.04,2010-10-26 11:36:00,409,1,251.04
16963.0,1,35,110.55000000000001,2011-06-05 13:48:00,186,1,110.55000000000001
16964.0,2,49,207.85,2009-12-06 12:53:00,732,2,207.85
16965.0,1,291,201.19,2011-04-27 12:08:00,226,1,201.19
16966.0,7,1981,2154.97,2011-12-01 13:40:00,7,7,2154.97
16967.0,1,333,319.02,2011-06-03 14:24:00,188,1,319.02
16968.0,2,326,439.43,2011-12-05 15:02:00,3,2,439.43
16969.0,3,816,650.41,2011-10-31 13:12:00,38,3,650.41
16970.0,1,12,71.4,2010-03-23 13:50:00,625,1,71.4
16971.0,1,72,357.21,2011-11-01 15:06:00,37,1,357.21
16972.0,2,183,749.0,2010-11-22 10:59:00,382,2,749.0
16973.0,1,60,127.0,2010-11-18 13:56:00,385,1,127.0
16974.0,2,70,365.5,2010-07-05 10:18:00,522,2,365.5
16975.0,3,586,926.12,2010-10-12 17:53:00,422,3,926.12
16976.0,1,88,251.51999999999998,2011-03-17 16:33:00,266,1,251.51999999999998
16977.0,4,142,496.0,2010-11-09 13:17:00,394,4,496.0
16978.0,3,285,768.88,2011-09-23 12:50:00,77,3,768.88
16979.0,9,1451,2859.74,2011-12-06 12:21:00,3,9,2859.74
16980.0,3,990,1422.8300000000002,2011-03-29 16:36:00,254,3,1422.8300000000002
16982.0,1,182,384.06,2011-10-10 12:28:00,60,1,384.06
16983.0,11,2315,3490.5299999999997,2011-11-27 12:10:00,12,11,3490.5299999999997
16984.0,9,5127,10350.53,2011-09-12 13:43:00,87,9,10350.53
16985.0,23,3103,10923.16,2011-11-22 13:33:00,16,23,10923.16
16986.0,11,2539,4888.75,2011-11-10 11:55:00,29,11,4888.75
16987.0,11,671,2521.4,2011-12-06 17:26:00,2,11,2521.4
16988.0,2,158,382.67,2011-12-04 16:02:00,4,2,382.67
16989.0,6,1233,1133.25,2011-12-02 16:39:00,6,6,1133.25
16990.0,2,200,344.0,2011-05-05 08:30:00,218,2,344.0
16991.0,1,793,1041.21,2010-10-14 14:08:00,420,1,1041.21
16992.0,13,2061,5476.5,2011-11-29 11:50:00,10,13,5476.5
16993.0,2,285,1950.9499999999998,2010-09-02 12:16:00,463,2,1950.9499999999998
16996.0,9,919,2123.61,2011-11-09 16:43:00,29,9,2123.61
16997.0,3,360,702.0,2011-02-24 17:28:00,287,3,702.0
16998.0,5,104,402.0,2011-07-13 09:44:00,149,5,402.0
16999.0,2,294,484.82,2011-11-16 13:53:00,22,2,484.82
17000.0,2,305,406.3,2010-11-08 13:35:00,395,2,406.3
17001.0,19,3782,6640.8,2011-12-09 09:38:00,0,19,6640.8
17002.0,7,1265,2571.55,2011-09-15 12:40:00,85,7,2571.55
17003.0,4,494,828.21,2010-11-02 13:15:00,401,4,828.21
17004.0,4,1233,2324.36,2011-10-24 14:25:00,45,4,2324.36
17005.0,2,691,622.36,2010-08-26 10:57:00,470,2,622.36
17006.0,8,572,1635.27,2011-12-05 12:09:00,4,8,1635.27
17007.0,7,717,1120.1,2011-10-20 10:47:00,50,7,1120.1
17008.0,1,24,81.36,2010-10-06 15:19:00,428,1,81.36
17009.0,1,336,242.06,2010-06-06 16:01:00,550,1,242.06
17010.0,1,118,195.36,2011-11-21 14:49:00,17,1,195.36
17011.0,3,792,671.7,2011-11-09 13:30:00,29,3,671.7
17012.0,1,251,360.61,2009-12-14 17:34:00,724,1,360.61
17014.0,3,243,583.4300000000001,2011-12-01 14:09:00,7,3,583.4300000000001
17015.0,3,1978,1838.6100000000001,2011-11-11 10:45:00,28,3,1838.6100000000001
17016.0,1,309,552.4,2010-05-12 12:32:00,576,1,552.4
17017.0,29,9397,12576.99,2011-12-07 09:32:00,2,29,12576.99
17018.0,6,456,2287.7,2011-10-30 11:42:00,40,6,2287.7
17019.0,11,2396,3602.29,2011-11-28 13:06:00,10,11,3602.29
17020.0,2,860,935.62,2010-06-15 13:06:00,541,2,935.62
17021.0,6,992,1182.22,2010-09-23 20:01:00,441,6,1182.22
17022.0,2,180,260.0,2011-11-08 17:09:00,30,2,260.0
17023.0,3,530,800.18,2010-10-18 15:37:00,416,3,800.18
17024.0,3,69,95.85,2011-10-25 13:47:00,44,3,95.85
17025.0,5,885,1349.67,2011-10-10 09:06:00,60,5,1349.67
17026.0,3,107,175.82999999999998,2011-06-07 14:28:00,184,3,175.82999999999998
17027.0,9,645,1310.63,2011-09-22 12:24:00,78,9,1310.63
17028.0,3,856,1593.83,2010-05-07 15:33:00,580,3,1593.83
17029.0,7,1265,2137.3,2011-08-21 11:06:00,110,7,2137.3
17030.0,1,146,146.87,2011-10-07 08:49:00,63,1,146.87
17031.0,6,1595,2773.85,2011-11-28 10:23:00,11,6,2773.85
17032.0,8,1667,2984.32,2010-06-10 12:16:00,547,8,2984.32
17033.0,4,871,1332.79,2011-09-14 14:34:00,85,4,1332.79
17034.0,5,694,1276.42,2011-11-23 15:14:00,15,5,1276.42
17035.0,4,327,613.59,2011-04-08 11:23:00,245,4,613.59
17036.0,1,76,176.9,2010-11-21 14:26:00,382,1,176.9
17037.0,1,656,1267.32,2011-09-13 12:49:00,87,1,1267.32
17038.0,2,535,743.17,2011-11-09 13:50:00,29,2,743.17
17039.0,1,689,1954.99,2010-04-14 12:56:00,603,1,1954.99
17040.0,2,189,463.25,2011-07-25 10:19:00,137,2,463.25
17041.0,6,1303,1655.2,2011-11-13 11:21:00,26,6,1655.2
17042.0,5,990,1036.58,2011-12-07 12:26:00,2,5,1036.58
17043.0,8,1616,2593.65,2011-11-07 15:33:00,31,8,2593.65
17044.0,12,5722,11962.3,2011-11-14 14:28:00,24,12,11962.3
17045.0,5,294,827.6800000000001,2011-08-18 17:09:00,112,5,827.6800000000001
17046.0,5,1636,1906.07,2011-07-05 14:24:00,156,5,1906.07
17047.0,6,1184,2289.23,2011-09-15 13:27:00,84,6,2289.23
17048.0,7,1068,2071.68,2011-08-14 11:49:00,117,7,2071.68
17049.0,19,4273,9942.53,2011-12-07 10:48:00,2,19,9942.53
17050.0,11,2432,4648.59,2011-09-04 13:48:00,95,11,4648.59
17051.0,4,507,706.49,2011-05-29 14:13:00,193,4,706.49
17052.0,1,251,399.09,2011-11-11 14:50:00,27,1,399.09
17053.0,1,122,498.48,2011-08-01 10:23:00,130,1,498.48
17054.0,5,804,1356.33,2011-11-11 12:56:00,27,5,1356.33
17055.0,1,83,232.85,2010-09-20 12:21:00,445,1,232.85
17056.0,1,26,128.60000000000002,2009-12-01 12:55:00,737,1,128.60000000000002
17057.0,1,129,294.74,2010-04-22 19:21:00,595,1,294.74
17058.0,3,592,1179.89,2011-09-19 10:13:00,81,3,1179.89
17059.0,9,3107,4864.57,2011-11-10 12:27:00,29,9,4864.57
17060.0,1,216,234.24,2011-03-18 13:27:00,265,1,234.24
17061.0,11,1526,5232.2300000000005,2011-09-27 11:24:00,73,11,5232.2300000000005
17062.0,6,644,889.75,2011-01-30 11:01:00,313,6,889.75
17063.0,13,1899,3638.53,2011-11-18 16:19:00,20,13,3638.53
17064.0,3,316,855.45,2011-10-12 10:18:00,58,3,855.45
17065.0,2,82,194.7,2010-03-12 11:41:00,637,2,194.7
17066.0,1,93,228.34,2009-12-13 13:24:00,725,1,228.34
17067.0,3,322,454.54,2009-12-15 08:39:00,724,3,454.54
17068.0,47,4351,8987.68,2011-11-27 13:14:00,11,47,8987.68
17069.0,14,3230,5517.2300000000005,2011-11-11 17:13:00,27,14,5517.2300000000005
17070.0,2,232,437.42,2011-08-17 17:01:00,113,2,437.42
17071.0,13,1934,3793.71,2011-11-11 16:31:00,27,13,3793.71
17072.0,1,212,273.35,2010-03-24 16:33:00,624,1,273.35
17073.0,4,759,1446.09,2011-11-22 11:47:00,17,4,1446.09
17074.0,1,19,203.05,2010-05-26 12:04:00,562,1,203.05
17075.0,10,785,2236.63,2011-11-22 11:58:00,17,10,2236.63
17076.0,6,514,1242.75,2011-11-03 17:53:00,35,6,1242.75
17077.0,1,36,306.0,2010-05-10 16:36:00,577,1,306.0
17078.0,2,788,378.2,2011-11-03 19:17:00,35,2,378.2
17079.0,1,24,118.80000000000001,2011-09-22 15:34:00,77,1,118.80000000000001
17080.0,7,569,957.53,2011-11-17 12:59:00,21,7,957.53
17081.0,6,381,949.39,2011-11-14 12:56:00,24,6,949.39
17082.0,6,2526,4732.03,2011-11-06 15:17:00,32,6,4732.03
17083.0,9,1955,4049.79,2011-08-22 15:43:00,108,9,4049.79
17084.0,3,3178,5001.21,2011-11-04 14:54:00,34,3,5001.21
17085.0,28,3583,7847.67,2011-08-08 14:15:00,122,28,7847.67
17086.0,6,1859,2050.08,2011-12-02 13:54:00,6,6,2050.08
17087.0,1,113,221.53,2009-12-02 10:41:00,737,1,221.53
17088.0,4,868,1991.01,2011-11-11 14:23:00,27,4,1991.01
17089.0,1,35,128.45,2010-11-18 15:33:00,385,1,128.45
17090.0,13,1344,3080.1800000000003,2011-12-05 13:44:00,3,13,3080.1800000000003
17091.0,19,3732,7495.75,2011-12-07 10:43:00,2,19,7495.75
17092.0,11,3768,5511.41,2011-10-20 19:51:00,49,11,5511.41
17093.0,1,114,235.88,2010-04-26 10:22:00,592,1,235.88
17094.0,2,212,402.20000000000005,2011-01-21 13:09:00,321,2,402.20000000000005
17095.0,7,1695,2572.25,2011-11-17 12:21:00,22,7,2572.25
17096.0,11,1559,3697.93,2011-11-24 15:01:00,14,11,3697.93
17097.0,9,582,1143.36,2011-12-07 17:05:00,1,9,1143.36
17098.0,3,125,591.0699999999999,2010-11-23 12:13:00,381,3,591.0699999999999
17099.0,1,317,582.17,2010-06-24 16:25:00,532,1,582.17
17100.0,2,800,971.74,2011-11-21 16:36:00,17,2,971.74
17101.0,7,1175,2507.05,2011-11-29 13:57:00,9,7,2507.05
17102.0,1,2,25.5,2011-03-23 10:08:00,261,1,25.5
17103.0,1,471,424.3,2009-12-17 14:08:00,721,1,424.3
17104.0,1,149,474.03,2010-10-12 12:21:00,423,1,474.03
17105.0,2,693,665.78,2011-07-03 15:53:00,158,2,665.78
17106.0,1,153,481.58,2010-11-15 14:11:00,388,1,481.58
17107.0,10,7530,16052.72,2011-11-06 14:14:00,32,10,16052.72
17108.0,1,31,174.95,2010-02-14 12:22:00,663,1,174.95
17109.0,8,788,1291.71,2011-11-10 16:59:00,28,8,1291.71
17110.0,3,136,499.9,2011-06-27 12:58:00,164,3,499.9
17111.0,2,581,459.58,2011-10-23 15:59:00,46,2,459.58
17112.0,1,130,197.57,2010-07-25 11:14:00,502,1,197.57
17113.0,6,913,2305.59,2010-05-14 13:59:00,573,6,2305.59
17114.0,8,215,801.12,2011-12-04 12:17:00,5,8,801.12
17115.0,7,885,2761.4900000000002,2011-12-01 14:30:00,7,7,2761.4900000000002
17116.0,1,392,389.78,2010-03-01 16:29:00,647,1,389.78
17117.0,1,68,116.19999999999999,2011-02-24 13:54:00,287,1,116.19999999999999
17118.0,1,154,157.02,2011-01-26 12:19:00,317,1,157.02
17119.0,2,334,606.91,2011-12-06 14:40:00,2,2,606.91
17120.0,1,120,307.46,2011-04-20 15:21:00,232,1,307.46
17121.0,1,106,314.74,2010-11-02 11:47:00,402,1,314.74
17122.0,4,368,570.5,2011-08-12 14:33:00,118,4,570.5
17123.0,3,676,977.17,2011-07-01 10:47:00,161,3,977.17
17124.0,1,129,294.24,2011-06-07 14:02:00,184,1,294.24
17125.0,1,281,230.5,2011-10-20 14:41:00,49,1,230.5
17126.0,9,1426,2016.43,2011-07-10 13:52:00,151,9,2016.43
17127.0,5,340,1155.0300000000002,2010-10-07 09:54:00,428,5,1155.0300000000002
17128.0,1,76,157.09,2011-01-09 12:02:00,334,1,157.09
17129.0,1,5,31.85,2010-07-07 13:46:00,519,1,31.85
17131.0,5,983,2463.17,2011-12-04 12:52:00,4,5,2463.17
17132.0,2,963,1220.9099999999999,2010-09-13 16:31:00,451,2,1220.9099999999999
17133.0,12,10107,14622.33,2011-11-24 12:27:00,15,12,14622.33
17134.0,3,144,625.3,2011-08-25 09:53:00,106,3,625.3
17135.0,10,1686,1722.18,2011-11-23 16:48:00,15,10,1722.18
17136.0,1,256,231.68,2010-02-15 13:13:00,661,1,231.68
17137.0,6,680,1099.81,2010-10-19 14:51:00,415,6,1099.81
17138.0,7,2024,4417.27,2011-03-09 11:54:00,275,7,4417.27
17139.0,25,9853,19566.76,2011-11-24 10:12:00,15,25,19566.76
17140.0,1,296,454.12,2011-04-06 13:33:00,246,1,454.12
17141.0,4,423,727.58,2010-10-17 14:54:00,417,4,727.58
17142.0,4,322,1275.25,2011-04-14 18:22:00,238,4,1275.25
17143.0,2,314,880.97,2010-10-18 15:27:00,416,2,880.97
17144.0,2,483,984.57,2011-12-08 17:57:00,0,2,984.57
17145.0,4,2591,3120.91,2010-07-15 09:02:00,512,4,3120.91
17146.0,13,2188,5852.64,2011-08-26 12:44:00,105,13,5852.64
17147.0,9,1308,3199.95,2011-11-17 12:32:00,22,9,3199.95
17148.0,1,82,124.88,2011-10-19 09:59:00,51,1,124.88
17149.0,1,18,143.10000000000002,2010-09-14 14:56:00,450,1,143.10000000000002
17150.0,6,397,1357.95,2010-11-28 11:27:00,376,6,1357.95
17151.0,1,42,231.90000000000003,2009-12-04 14:56:00,734,1,231.90000000000003
17152.0,4,577,2016.5,2011-05-29 12:19:00,194,4,2016.5
17153.0,1,104,213.78,2011-11-15 13:42:00,23,1,213.78
17154.0,1,490,329.34,2011-09-25 13:42:00,74,1,329.34
17155.0,7,987,892.46,2011-11-22 12:38:00,17,7,892.46
17156.0,1,391,591.87,2010-08-05 11:30:00,491,1,591.87
17157.0,19,2092,5151.9,2011-12-02 09:10:00,7,19,5151.9
17158.0,5,1147,1980.0,2011-11-07 15:15:00,31,5,1980.0
17159.0,5,1348,2099.59,2011-11-18 10:52:00,21,5,2099.59
17160.0,17,8390,10209.16,2011-11-08 14:05:00,30,17,10209.16
17161.0,1,537,856.01,2010-09-21 16:44:00,443,1,856.01
17162.0,10,1001,1715.46,2011-11-11 11:34:00,28,10,1715.46
17163.0,4,531,699.78,2011-11-18 08:57:00,21,4,699.78
17164.0,7,1501,2467.35,2011-11-07 09:14:00,32,7,2467.35
17165.0,6,788,1794.32,2011-02-28 16:39:00,283,6,1794.32
17166.0,2,78,206.34,2011-11-01 09:46:00,38,2,206.34
17167.0,3,429,867.11,2010-11-25 10:05:00,379,3,867.11
17168.0,1,220,400.2,2010-07-29 12:33:00,498,1,400.2
17169.0,3,671,1156.73,2011-10-13 10:25:00,57,3,1156.73
17170.0,2,152,178.68,2010-11-30 15:55:00,373,2,178.68
17171.0,2,225,384.59,2011-02-23 16:37:00,288,2,384.59
17172.0,3,1215,956.5699999999999,2011-09-22 09:36:00,78,3,956.5699999999999
17173.0,8,1122,3766.6,2011-12-04 14:40:00,4,8,3766.6
17174.0,1,41,59.9,2011-05-06 11:47:00,217,1,59.9
17175.0,4,866,1443.69,2011-10-26 15:31:00,43,4,1443.69
17176.0,3,576,902.3199999999999,2011-05-22 12:41:00,201,3,902.3199999999999
17177.0,1,40,119.5,2010-07-22 14:53:00,504,1,119.5
17178.0,1,100,432.96,2009-12-08 16:20:00,730,1,432.96
17179.0,6,625,1507.26,2011-06-14 16:48:00,177,6,1507.26
17180.0,11,1809,2236.77,2011-10-14 15:46:00,55,11,2236.77
17181.0,3,268,309.85,2011-10-13 14:48:00,56,3,309.85
17182.0,2,54,321.3,2010-10-13 10:09:00,422,2,321.3
17183.0,6,1296,3347.31,2011-12-02 10:07:00,7,6,3347.31
17184.0,2,73,198.41000000000003,2010-05-19 14:24:00,568,2,198.41000000000003
17185.0,3,119,229.46,2010-04-27 12:15:00,591,3,229.46
17186.0,2,200,144.0,2011-10-24 10:20:00,46,2,144.0
17187.0,2,426,467.71,2011-04-27 12:39:00,226,2,467.71
17188.0,13,2569,4592.93,2011-11-28 13:53:00,10,13,4592.93
17189.0,5,601,953.63,2011-08-25 19:39:00,105,5,953.63
17190.0,7,2218,1726.57,2011-10-12 11:33:00,58,7,1726.57
17191.0,15,2208,4310.34,2011-11-11 16:58:00,27,15,4310.34
17192.0,1,45,75.28,2010-06-21 16:07:00,535,1,75.28
17193.0,9,1668,2310.04,2011-11-04 12:47:00,35,9,2310.04
17194.0,3,420,812.5,2011-03-11 12:05:00,273,3,812.5
17195.0,1,486,562.98,2010-02-22 13:05:00,654,1,562.98
17196.0,1,154,327.75,2010-10-08 11:31:00,427,1,327.75
17197.0,1,191,1013.01,2011-11-10 10:32:00,29,1,1013.01
17198.0,3,357,692.22,2011-11-16 10:39:00,23,3,692.22
17199.0,1,232,135.04000000000002,2010-05-06 13:53:00,581,1,135.04000000000002
17200.0,4,367,356.71,2010-11-17 13:04:00,386,4,356.71
17201.0,4,1004,1143.1,2011-10-17 11:55:00,53,4,1143.1
17202.0,1,55,160.65,2010-10-15 11:25:00,420,1,160.65
17203.0,10,4597,5564.09,2011-11-04 12:27:00,35,10,5564.09
17204.0,9,2651,5504.6900000000005,2011-06-17 14:46:00,174,9,5504.6900000000005
17205.0,3,2214,999.35,2011-10-17 12:46:00,53,3,999.35
17206.0,1,76,204.24,2011-10-17 13:25:00,52,1,204.24
17207.0,1,233,292.62,2010-02-25 19:08:00,651,1,292.62
17208.0,1,101,111.15,2010-11-09 12:50:00,395,1,111.15
17209.0,3,723,595.7,2010-02-28 16:01:00,648,3,595.7
17210.0,1,242,251.72,2010-11-12 12:15:00,392,1,251.72
17211.0,13,2141,3773.35,2011-11-13 12:03:00,26,13,3773.35
17212.0,3,727,794.41,2011-03-31 19:42:00,252,3,794.41
17213.0,13,2087,4869.400000000001,2011-10-30 14:53:00,39,13,4869.400000000001
17214.0,6,272,1059.1200000000001,2011-10-10 13:17:00,59,6,1059.1200000000001
17215.0,1,104,186.15,2010-09-01 13:39:00,463,1,186.15
17216.0,1,21,63.6,2010-06-03 13:03:00,553,1,63.6
17217.0,2,93,210.1,2011-04-19 17:19:00,233,2,210.1
17218.0,18,2066,3891.39,2011-12-05 13:52:00,3,18,3891.39
17219.0,2,188,259.13,2011-11-08 11:25:00,31,2,259.13
17220.0,21,2663,4457.31,2011-11-15 13:47:00,23,21,4457.31
17221.0,5,713,976.62,2011-12-02 13:35:00,6,5,976.62
17222.0,6,857,1579.51,2011-10-05 13:58:00,64,6,1579.51
17223.0,3,155,558.04,2011-02-02 15:57:00,309,3,558.04
17224.0,1,65,100.86,2010-07-26 13:30:00,500,1,100.86
17225.0,1,36,131.15,2010-05-07 11:38:00,581,1,131.15
17226.0,3,853,895.47,2011-02-04 11:52:00,308,3,895.47
17227.0,12,1681,1878.93,2011-11-21 10:51:00,18,12,1878.93
17228.0,13,2354,2820.03,2011-11-24 10:24:00,15,13,2820.03
17229.0,2,185,318.76,2011-09-04 13:56:00,95,2,318.76
17230.0,18,3753,9388.49,2011-03-20 16:12:00,263,18,9388.49
17231.0,25,3681,7064.8,2011-11-27 15:18:00,11,25,7064.8
17232.0,2,202,417.77,2011-12-07 12:21:00,2,2,417.77
17233.0,3,298,560.86,2011-11-04 14:06:00,34,3,560.86
17234.0,1,55,149.89000000000001,2011-06-10 11:20:00,182,1,149.89000000000001
17235.0,8,845,1562.98,2011-11-14 15:51:00,24,8,1562.98
17236.0,12,804,1929.26,2011-11-27 12:00:00,12,12,1929.26
17237.0,4,414,994.13,2011-11-28 15:02:00,10,4,994.13
17238.0,32,3555,7331.67,2011-12-07 11:35:00,2,32,7331.67
17239.0,4,515,1189.45,2011-01-31 09:41:00,312,4,1189.45
17240.0,1,108,130.6,2010-04-22 15:44:00,595,1,130.6
17241.0,12,859,2736.64,2010-11-19 13:01:00,384,12,2736.64
17242.0,5,1459,2889.28,2011-08-23 14:55:00,107,5,2889.28
17243.0,69,7932,20203.58,2011-12-08 13:26:00,0,69,20203.58
17244.0,5,1419,1826.04,2011-10-17 15:19:00,52,5,1826.04
17245.0,2,307,371.63,2011-05-19 10:43:00,204,2,371.63
17246.0,2,36,38.92,2010-06-11 12:36:00,546,2,38.92
17247.0,1,105,280.09000000000003,2011-11-24 15:21:00,14,1,280.09000000000003
17248.0,2,276,500.54,2011-08-11 13:34:00,119,2,500.54
17249.0,1,79,68.03,2010-10-07 11:33:00,428,1,68.03
17250.0,2,167,381.97,2011-12-06 12:15:00,3,2,381.97
17251.0,3,377,798.98,2010-12-12 11:06:00,362,3,798.98
17252.0,2,192,348.91,2011-08-15 09:45:00,116,2,348.91
17253.0,1,43,178.26,2011-11-21 12:59:00,17,1,178.26
17254.0,3,397,469.48,2011-12-05 12:46:00,4,3,469.48
17255.0,4,583,781.7,2011-10-30 12:18:00,40,4,781.7
17256.0,5,299,498.93,2011-08-24 13:30:00,106,5,498.93
17257.0,2,187,189.78,2010-09-29 12:51:00,435,2,189.78
17258.0,2,188,417.3,2010-11-08 12:37:00,396,2,417.3
17259.0,6,844,1452.39,2011-07-14 15:01:00,147,6,1452.39
17260.0,1,23,120.95,2010-10-24 13:21:00,410,1,120.95
17261.0,1,95,221.59,2010-07-18 11:49:00,509,1,221.59
17262.0,11,635,2488.76,2011-10-18 12:56:00,51,11,2488.76
17263.0,1,36,63.440000000000005,2011-05-15 14:32:00,207,1,63.440000000000005
17264.0,1,217,268.28,2010-10-11 12:52:00,423,1,268.28
17265.0,2,389,550.01,2011-07-24 10:49:00,138,2,550.01
17266.0,5,243,501.71999999999997,2011-12-07 14:12:00,1,5,501.71999999999997
17267.0,2,158,317.2,2011-08-04 17:22:00,126,2,317.2
17268.0,11,1395,1733.8899999999999,2011-08-24 10:06:00,107,11,1733.8899999999999
17269.0,1,314,491.81,2010-11-19 11:12:00,385,1,491.81
17270.0,2,420,601.4499999999999,2010-08-27 14:09:00,468,2,601.4499999999999
17271.0,1,113,204.3,2009-12-03 13:49:00,735,1,204.3
17272.0,4,1778,2148.63,2011-10-28 16:37:00,41,4,2148.63
17273.0,1,133,141.12,2010-10-11 15:57:00,423,1,141.12
17274.0,2,271,573.22,2011-11-04 13:16:00,34,2,573.22
17275.0,1,71,114.1,2010-11-21 13:26:00,382,1,114.1
17276.0,1,187,502.49,2010-11-02 16:20:00,401,1,502.49
17277.0,2,430,1065.3500000000001,2011-04-26 12:47:00,227,2,1065.3500000000001
17278.0,2,195,271.24,2011-04-12 13:10:00,240,2,271.24
17279.0,1,48,187.82999999999998,2011-10-13 11:58:00,57,1,187.82999999999998
17280.0,1,74,118.85999999999999,2010-09-27 16:46:00,437,1,118.85999999999999
17281.0,6,295,797.8499999999999,2010-11-30 18:05:00,373,6,797.8499999999999
17282.0,5,2332,2308.54,2011-08-01 14:29:00,129,5,2308.54
17283.0,1,179,188.46,2010-11-26 11:53:00,378,1,188.46
17284.0,8,2069,2788.06,2011-10-10 14:38:00,59,8,2788.06
17285.0,2,134,407.94,2010-03-21 13:38:00,627,2,407.94
17286.0,3,368,389.18,2011-11-18 12:47:00,21,3,389.18
17287.0,21,1955,3826.86,2011-11-13 13:27:00,25,21,3826.86
17288.0,11,1699,2468.43,2011-11-30 16:09:00,8,11,2468.43
17289.0,9,1237,2041.8,2011-11-08 12:01:00,31,9,2041.8
17290.0,8,1139,1487.96,2011-12-06 12:38:00,3,8,1487.96
17291.0,1,72,550.8000000000001,2011-02-04 13:04:00,307,1,550.8000000000001
17292.0,2,131,271.75,2010-08-24 17:14:00,471,2,271.75
17293.0,17,2228,3750.63,2011-12-01 14:37:00,7,17,3750.63
17294.0,2,297,467.78999999999996,2010-02-08 16:12:00,668,2,467.78999999999996
17295.0,3,293,547.0,2011-11-11 10:49:00,28,3,547.0
17296.0,1,216,338.13,2009-12-09 14:01:00,729,1,338.13
17297.0,1,65,128.18,2011-11-22 14:43:00,16,1,128.18
17298.0,5,852,954.26,2011-08-30 16:43:00,100,5,954.26
17299.0,6,919,993.23,2011-11-28 12:01:00,11,6,993.23
17300.0,2,467,393.64,2010-11-14 10:56:00,390,2,393.64
17301.0,2,216,294.39,2011-11-18 13:43:00,20,2,294.39
17302.0,5,575,1135.63,2011-11-25 09:36:00,14,5,1135.63
17303.0,1,144,250.04,2010-12-13 13:32:00,360,1,250.04
17304.0,1,73,111.5,2010-06-23 16:23:00,533,1,111.5
17305.0,1,1006,2135.46,2010-03-01 12:47:00,648,1,2135.46
17306.0,21,13747,9782.35,2011-11-29 12:14:00,10,21,9782.35
17307.0,11,3667,3999.8900000000003,2010-11-09 13:40:00,394,11,3999.8900000000003
17308.0,2,5148,4511.76,2010-11-11 13:19:00,392,2,4511.76
17309.0,3,181,320.39,2011-09-05 15:20:00,94,3,320.39
17310.0,2,402,1025.1,2010-11-17 16:00:00,386,2,1025.1
17311.0,6,2755,3566.56,2011-09-22 14:11:00,77,6,3566.56
17312.0,3,372,644.3,2011-07-24 11:52:00,138,3,644.3
17313.0,1,1402,2328.84,2011-11-08 15:45:00,30,1,2328.84
17314.0,17,3663,4904.43,2011-11-15 09:41:00,24,17,4904.43
17315.0,43,5088,9599.58,2011-12-08 12:15:00,1,43,9599.58
17316.0,1,44,124.45,2010-10-15 14:35:00,419,1,124.45
17317.0,3,1146,2600.34,2011-10-24 17:19:00,45,3,2600.34
17318.0,1,59,157.32999999999998,2009-12-14 13:11:00,724,1,157.32999999999998
17319.0,1,14,29.1,2010-02-08 15:47:00,668,1,29.1
17320.0,6,1182,2444.85,2011-08-31 13:31:00,99,6,2444.85
17321.0,6,790,1665.21,2011-12-01 13:41:00,7,6,1665.21
17322.0,5,631,922.59,2010-11-28 14:41:00,375,5,922.59
17323.0,12,1426,1551.04,2011-11-24 17:29:00,14,12,1551.04
17324.0,12,1485,2171.07,2011-11-22 10:34:00,17,12,2171.07
17325.0,3,465,609.5699999999999,2011-03-04 13:09:00,279,3,609.5699999999999
17326.0,2,136,312.35,2010-10-27 15:38:00,407,2,312.35
17327.0,2,59,152.35,2010-10-26 09:54:00,409,2,152.35
17328.0,1,86,104.7,2010-02-04 17:11:00,672,1,104.7
17329.0,5,430,998.53,2011-11-25 14:24:00,13,5,998.53
17330.0,4,122,423.8,2011-11-17 08:56:00,22,4,423.8
17331.0,1,16,175.2,2011-08-08 11:55:00,123,1,175.2
17332.0,5,794,838.27,2010-06-29 16:10:00,527,5,838.27
17333.0,1,375,494.25,2011-09-15 10:11:00,85,1,494.25
17334.0,3,566,635.15,2011-02-10 14:59:00,301,3,635.15
17335.0,2,210,497.04,2010-11-21 10:17:00,383,2,497.04
17336.0,1,48,81.12,2010-08-24 15:37:00,471,1,81.12
17337.0,4,1247,1981.06,2011-07-11 14:55:00,150,4,1981.06
17338.0,17,5780,11889.33,2011-11-22 14:23:00,16,17,11889.33
17339.0,3,172,302.36,2011-09-06 13:29:00,93,3,302.36
17340.0,18,9497,19617.95,2011-11-10 10:45:00,29,18,19617.95
17341.0,5,831,1272.21,2011-07-06 12:33:00,156,5,1272.21
17342.0,4,521,1227.54,2010-11-25 11:07:00,379,4,1227.54
17343.0,6,454,1259.94,2010-12-19 15:07:00,354,6,1259.94
17344.0,2,200,457.36,2011-10-24 12:56:00,45,2,457.36
17345.0,10,2008,1586.6299999999999,2011-11-24 15:03:00,14,10,1586.6299999999999
17346.0,26,3439,4998.61,2011-12-06 12:18:00,3,26,4998.61
17347.0,1,216,228.96,2011-09-14 13:12:00,85,1,228.96
17348.0,9,2766,2442.29,2011-11-25 11:25:00,14,9,2442.29
17349.0,5,772,772.41,2011-06-13 14:29:00,178,5,772.41
17350.0,7,1178,1893.701,2011-12-01 15:47:00,7,7,1893.701
17351.0,12,383,1988.23,2011-11-03 18:45:00,35,12,1988.23
17352.0,1,15,36.25,2010-01-12 16:13:00,695,1,36.25
17353.0,4,2168,3242.0,2011-08-02 17:19:00,128,4,3242.0
17354.0,4,2531,3133.96,2011-10-20 10:34:00,50,4,3133.96
17355.0,1,249,273.31,2010-11-18 13:18:00,385,1,273.31
17356.0,5,925,946.47,2011-02-01 11:07:00,311,5,946.47
17357.0,2,152,384.39,2011-11-15 16:30:00,23,2,384.39
17358.0,5,430,861.01,2011-02-09 16:57:00,302,5,861.01
17359.0,2,237,284.46,2011-11-28 14:37:00,10,2,284.46
17360.0,6,624,1200.51,2011-11-22 13:11:00,16,6,1200.51
17361.0,5,380,871.79,2011-10-21 15:43:00,48,5,871.79
17362.0,7,549,1024.04,2011-04-14 14:43:00,238,7,1024.04
17363.0,3,499,920.46,2010-11-09 17:11:00,394,3,920.46
17364.0,28,7464,11972.92,2011-12-09 09:00:00,0,28,11972.92
17365.0,15,8015,8184.49,2011-11-27 12:13:00,12,15,8184.49
17366.0,2,504,1077.24,2010-10-03 16:04:00,431,2,1077.24
17367.0,1,149,167.55,2011-04-15 14:21:00,237,1,167.55
17368.0,14,2319,2758.29,2011-11-16 15:26:00,22,14,2758.29
17369.0,1,1152,979.1999999999999,2010-09-10 09:49:00,455,1,979.1999999999999
17370.0,4,540,446.18,2011-09-28 10:14:00,72,4,446.18
17371.0,6,281,655.37,2011-11-22 13:30:00,16,6,655.37
17372.0,28,1863,4347.31,2011-10-30 11:37:00,40,28,4347.31
17373.0,7,738,1167.5,2011-10-30 15:28:00,39,7,1167.5
17374.0,3,155,727.11,2011-05-05 09:05:00,218,3,727.11
17375.0,4,480,660.55,2011-05-24 15:45:00,198,4,660.55
17376.0,4,244,453.64,2011-09-30 12:36:00,70,4,453.64
17377.0,78,7335,17644.27,2011-11-16 11:17:00,23,78,17644.27
17378.0,1,1,10.95,2010-11-30 18:46:00,373,1,10.95
17379.0,1,623,389.71999999999997,2011-11-28 13:56:00,10,1,389.71999999999997
17380.0,3,252,645.0,2010-10-01 16:42:00,433,3,645.0
17381.0,38,42879,36398.65,2011-12-01 11:59:00,8,38,36398.65
17382.0,8,457,902.28,2011-10-05 13:05:00,64,8,902.28
17383.0,2,160,304.09,2011-12-05 17:36:00,3,2,304.09
17384.0,3,121,507.55,2011-11-20 15:48:00,18,3,507.55
17385.0,1,197,256.11,2011-11-25 11:02:00,14,1,256.11
17386.0,7,1955,2812.77,2011-12-02 11:28:00,7,7,2812.77
17387.0,2,522,746.81,2011-11-20 11:00:00,19,2,746.81
17388.0,11,2555,2675.37,2011-09-23 10:31:00,77,11,2675.37
17389.0,61,17880,57215.33,2011-12-09 09:38:00,0,61,57215.33
17390.0,1,49,149.3,2010-10-15 11:29:00,420,1,149.3
17391.0,2,480,508.8,2011-06-29 09:58:00,163,2,508.8
17392.0,3,450,585.92,2011-02-06 12:48:00,306,3,585.92
17393.0,2,238,381.15,2010-10-25 11:10:00,410,2,381.15
17394.0,1,241,203.86999999999998,2011-05-04 13:22:00,218,1,203.86999999999998
17395.0,1,66,97.5,2010-07-19 15:34:00,507,1,97.5
17396.0,14,2313,8409.6,2011-10-31 14:12:00,38,14,8409.6
17397.0,3,691,1198.28,2011-11-17 14:08:00,21,3,1198.28
17398.0,3,310,653.38,2011-08-17 09:48:00,114,3,653.38
17400.0,8,2185,4623.28,2011-08-05 15:38:00,125,8,4623.28
17401.0,1,34,114.85,2010-06-16 16:54:00,540,1,114.85
17402.0,23,1450,4635.5599999999995,2011-12-05 10:15:00,4,23,4635.5599999999995
17403.0,2,188,382.87,2011-11-03 15:18:00,35,2,382.87
17404.0,23,50679,47781.12,2011-12-05 16:26:00,3,23,47781.12
17405.0,3,726,1031.41,2011-12-08 17:12:00,0,3,1031.41
17406.0,13,1847,4186.95,2011-01-10 15:07:00,332,13,4186.95
17407.0,1,426,552.9,2010-10-24 11:57:00,411,1,552.9
17408.0,3,163,316.09000000000003,2011-06-29 12:53:00,162,3,316.09000000000003
17409.0,10,4089,7793.51,2011-06-08 10:36:00,184,10,7793.51
17410.0,5,616,1214.72,2011-11-23 15:46:00,15,5,1214.72
17411.0,5,608,1425.38,2011-11-27 14:25:00,11,5,1425.38
17412.0,16,2554,4220.22,2011-12-07 11:36:00,2,16,4220.22
17413.0,2,302,560.14,2010-10-31 12:33:00,404,2,560.14
17414.0,6,6256,2249.52,2011-10-27 12:13:00,43,6,2249.52
17415.0,1,114,507.84,2011-09-21 12:50:00,79,1,507.84
17416.0,22,8769,17298.45,2011-11-10 12:47:00,29,22,17298.45
17417.0,1,76,164.18,2010-06-09 10:00:00,548,1,164.18
17418.0,3,521,670.0600000000001,2011-10-28 13:00:00,41,3,670.0600000000001
17419.0,18,2884,6126.25,2011-11-28 13:47:00,10,18,6126.25
17420.0,6,446,953.58,2011-10-20 14:52:00,49,6,953.58
17421.0,3,807,1059.41,2010-11-18 16:57:00,385,3,1059.41
17422.0,11,3538,3594.76,2011-11-23 13:27:00,15,11,3594.76
17423.0,3,790,1118.95,2011-10-24 13:36:00,45,3,1118.95
17425.0,2,407,759.17,2011-11-20 15:30:00,18,2,759.17
17426.0,13,5187,8077.77,2011-12-01 18:07:00,7,13,8077.77
17427.0,1,34,100.8,2011-09-29 11:29:00,71,1,100.8
17428.0,45,17356,31466.760000000002,2011-12-09 09:45:00,0,45,31466.760000000002
17429.0,5,1286,1357.46,2011-08-03 13:22:00,127,5,1357.46
17430.0,4,455,622.57,2011-11-07 09:24:00,32,4,622.57
17431.0,1,292,403.3,2011-01-30 14:36:00,312,1,403.3
17432.0,9,1008,1728.99,2011-11-21 17:33:00,17,9,1728.99
17433.0,2,305,569.96,2011-09-12 14:24:00,87,2,569.96
17434.0,7,1693,2373.82,2011-12-07 13:16:00,1,7,2373.82
17435.0,1,195,331.35,2010-10-24 13:55:00,410,1,331.35
17436.0,5,178,534.06,2011-12-08 12:30:00,1,5,534.06
17437.0,1,283,369.68,2010-06-28 11:11:00,529,1,369.68
17438.0,5,553,1422.77,2011-03-31 10:26:00,253,5,1422.77
17439.0,1,370,325.74,2010-02-22 12:48:00,655,1,325.74
17440.0,4,282,323.58,2011-07-06 11:54:00,156,4,323.58
17441.0,1,245,293.35,2009-12-07 13:32:00,731,1,293.35
17442.0,15,3134,4620.3,2011-11-03 09:17:00,36,15,4620.3
17443.0,1,504,534.24,2011-05-04 10:47:00,219,1,534.24
17444.0,3,2119,2940.04,2011-07-15 12:05:00,147,3,2940.04
17446.0,2,198,120.9,2011-06-16 10:42:00,176,2,120.9
17447.0,2,443,541.53,2011-10-30 14:18:00,39,2,541.53
17448.0,46,11534,14523.67,2010-07-30 14:07:00,496,46,14523.67
17449.0,13,2483,4868.15,2011-12-07 16:56:00,1,13,4868.15
17450.0,51,83914,244784.25,2011-12-01 13:29:00,7,51,244784.25
17451.0,7,1203,1721.4,2011-12-08 15:02:00,0,7,1721.4
17453.0,2,219,486.71999999999997,2011-11-22 09:42:00,17,2,486.71999999999997
17454.0,10,727,1547.94,2011-05-31 13:58:00,191,10,1547.94
17455.0,1,66,131.7,2011-05-20 12:31:00,203,1,131.7
17456.0,2,508,975.5600000000001,2010-12-09 15:23:00,364,2,975.5600000000001
17457.0,14,2695,5984.8099999999995,2011-08-05 12:48:00,126,14,5984.8099999999995
17458.0,2,282,529.58,2011-11-24 13:01:00,14,2,529.58
17459.0,2,537,657.3,2011-10-27 13:25:00,42,2,657.3
17460.0,16,954,2157.9700000000003,2011-09-06 15:04:00,93,16,2157.9700000000003
17461.0,3,770,735.82,2011-11-17 10:21:00,22,3,735.82
17462.0,2,227,675.69,2011-10-10 13:56:00,59,2,675.69
17463.0,7,1480,2535.26,2011-11-23 13:40:00,15,7,2535.26
17464.0,3,608,907.14,2011-07-04 13:19:00,157,3,907.14
17465.0,7,1477,2542.79,2010-10-10 11:56:00,425,7,2542.79
17466.0,2,306,763.28,2011-11-29 13:15:00,9,2,763.28
17467.0,1,20,102.6,2010-11-09 12:58:00,394,1,102.6
17468.0,3,184,194.8,2011-11-29 15:33:00,9,3,194.8
17469.0,17,2304,5051.25,2011-11-23 13:15:00,15,17,5051.25
17470.0,11,2731,2626.47,2011-10-26 12:42:00,44,11,2626.47
17471.0,1,153,321.65000000000003,2010-08-22 11:53:00,474,1,321.65000000000003
17472.0,4,551,922.35,2011-06-01 14:57:00,190,4,922.35
17473.0,2,270,607.0,2010-10-27 11:45:00,408,2,607.0
17474.0,1,200,1047.0,2010-04-19 10:43:00,599,1,1047.0
17475.0,1,178,194.37,2011-09-21 14:55:00,78,1,194.37
17476.0,2,224,489.86,2010-11-09 10:21:00,395,2,489.86
17477.0,2,225,1144.3,2010-04-06 10:06:00,612,2,1144.3
17478.0,2,516,1272.8,2010-10-27 15:01:00,407,2,1272.8
17479.0,1,266,389.26000000000005,2010-03-17 09:26:00,632,1,389.26000000000005
17480.0,2,581,882.23,2011-09-23 11:39:00,77,2,882.23
17481.0,4,1061,1255.59,2011-12-06 12:28:00,3,4,1255.59
17482.0,2,240,775.64,2010-08-09 15:33:00,486,2,775.64
17483.0,4,265,591.73,2011-10-05 13:10:00,64,4,591.73
17484.0,2,339,209.57,2010-05-12 15:41:00,575,2,209.57
17486.0,1,191,396.87,2011-03-23 14:00:00,260,1,396.87
17487.0,1,37,160.55,2009-12-11 15:06:00,727,1,160.55
17488.0,1,136,336.5,2010-03-08 14:07:00,640,1,336.5
17489.0,2,428,376.64,2011-10-12 08:56:00,58,2,376.64
17490.0,9,1531,2750.5,2011-12-09 09:08:00,0,9,2750.5
17491.0,17,3362,5653.67,2011-12-08 16:18:00,0,17,5653.67
17492.0,3,450,1122.42,2011-04-05 15:21:00,247,3,1122.42
17493.0,1,62,100.91000000000001,2010-11-19 16:57:00,384,1,100.91000000000001
17494.0,1,26,54.699999999999996,2010-07-26 10:06:00,501,1,54.699999999999996
17495.0,3,367,806.72,2011-12-02 12:08:00,7,3,806.72
17496.0,4,675,1412.89,2010-12-16 08:39:00,358,4,1412.89
17497.0,2,59,287.25,2010-11-14 14:17:00,389,2,287.25
17498.0,1,394,272.22,2011-09-25 12:25:00,75,1,272.22
17499.0,2,1086,1341.39,2011-02-23 09:14:00,289,2,1341.39
17500.0,3,17,1138.0,2011-11-22 14:25:00,16,3,1138.0
17501.0,2,160,288.6,2011-05-03 09:47:00,220,2,288.6
17502.0,4,376,689.1,2011-11-30 13:13:00,8,4,689.1
17503.0,2,486,558.96,2011-12-07 09:18:00,2,2,558.96
17504.0,18,5420,9490.17,2011-05-17 12:59:00,205,18,9490.17
17505.0,5,1242,2435.48,2011-07-01 12:50:00,161,5,2435.48
17506.0,1,139,302.2,2011-09-25 11:39:00,75,1,302.2
17507.0,2,359,605.58,2011-03-23 11:48:00,261,2,605.58
17508.0,8,2891,4579.23,2011-03-04 08:10:00,280,8,4579.23
17509.0,8,3512,6083.64,2011-10-13 10:26:00,57,8,6083.64
17510.0,2,422,514.56,2011-11-15 10:00:00,24,2,514.56
17511.0,60,117174,172132.87,2011-12-07 10:12:00,2,60,172132.87
17512.0,18,5434,5467.820000000001,2011-11-11 12:11:00,28,18,5467.820000000001
17513.0,3,440,1158.8,2011-09-28 16:42:00,71,3,1158.8
17514.0,2,284,522.0,2011-08-03 15:45:00,127,2,522.0
17515.0,9,527,1602.51,2011-11-08 14:04:00,30,9,1602.51
17516.0,6,522,947.5,2011-11-24 16:51:00,14,6,947.5
17517.0,1,102,153.94,2011-02-04 11:48:00,308,1,153.94
17518.0,2,267,329.42,2010-10-10 12:40:00,425,2,329.42
17519.0,15,3230,4774.17,2011-11-22 16:43:00,16,15,4774.17
17520.0,1,365,546.81,2011-10-17 12:04:00,53,1,546.81
17521.0,5,806,1278.06,2011-11-10 11:22:00,29,5,1278.06
17522.0,5,1034,1070.71,2011-12-08 12:31:00,1,5,1070.71
17523.0,4,872,652.74,2011-11-28 13:20:00,10,4,652.74
17524.0,3,362,539.14,2010-12-13 14:32:00,360,3,539.14
17525.0,3,338,1161.9,2010-12-15 12:05:00,359,3,1161.9
17526.0,12,1442,3939.24,2011-12-05 11:05:00,4,12,3939.24
17527.0,4,488,939.37,2011-10-17 12:32:00,53,4,939.37
17528.0,8,2138,3628.5,2011-12-08 13:27:00,0,8,3628.5
17529.0,2,790,1240.25,2010-04-08 17:51:00,609,2,1240.25
17530.0,12,1741,2791.69,2011-12-08 18:42:00,0,12,2791.69
17531.0,3,472,1266.82,2011-06-02 19:17:00,189,3,1266.82
17532.0,1,30,65.34,2010-11-19 08:13:00,385,1,65.34
17533.0,1,24,34.8,2010-10-01 09:14:00,434,1,34.8
17534.0,5,860,1668.83,2011-10-17 12:47:00,53,5,1668.83
17535.0,1,136,164.4,2011-03-04 15:20:00,279,1,164.4
17536.0,3,201,364.83,2011-06-15 13:23:00,176,3,364.83
17537.0,2,699,887.67,2011-11-10 10:56:00,29,2,887.67
17538.0,1,134,98.42,2011-11-14 12:12:00,25,1,98.42
17539.0,4,708,1176.84,2010-04-01 12:07:00,617,4,1176.84
17540.0,6,588,1590.6000000000001,2011-11-15 11:56:00,24,6,1590.6000000000001
17541.0,1,44,119.86,2010-07-18 11:36:00,509,1,119.86
17542.0,3,323,340.85,2011-03-15 11:45:00,269,3,340.85
17543.0,1,62,120.05,2010-06-08 12:41:00,549,1,120.05
17544.0,3,410,944.82,2010-11-14 15:08:00,389,3,944.82
17545.0,6,682,1409.8600000000001,2011-10-27 14:04:00,42,6,1409.8600000000001
17547.0,2,223,727.85,2010-11-29 09:41:00,375,2,727.85
17548.0,4,494,731.26,2011-04-20 12:01:00,233,4,731.26
17549.0,2,210,148.86,2011-11-16 09:59:00,23,2,148.86
17550.0,9,968,2506.64,2011-05-26 14:09:00,196,9,2506.64
17551.0,1,142,290.34,2010-12-15 14:12:00,358,1,290.34
17552.0,12,1951,2786.77,2011-10-10 17:00:00,59,12,2786.77
17553.0,4,2288,3757.6,2011-08-02 10:00:00,129,4,3757.6
17554.0,5,1763,1952.45,2011-12-08 14:15:00,0,5,1952.45
17555.0,5,739,1045.74,2011-11-20 12:22:00,19,5,1045.74
17556.0,2,184,300.67,2011-05-18 10:48:00,205,2,300.67
17557.0,4,310,575.46,2011-11-25 12:57:00,13,4,575.46
17558.0,1,54,259.17,2010-11-11 14:36:00,392,1,259.17
17559.0,1,270,167.62,2010-07-15 12:02:00,512,1,167.62
17560.0,8,1588,1895.8,2011-09-06 09:18:00,94,8,1895.8
17561.0,4,381,703.02,2011-11-20 12:53:00,18,4,703.02
17562.0,7,817,1122.38,2011-11-25 14:21:00,13,7,1122.38
17563.0,2,256,392.38,2010-05-10 14:54:00,577,2,392.38
17564.0,3,146,454.01,2011-11-15 13:27:00,23,3,454.01
17565.0,1,67,131.83,2010-05-02 11:54:00,586,1,131.83
17566.0,2,497,869.77,2011-12-01 19:54:00,7,2,869.77
17567.0,9,2908,4838.08,2011-12-02 15:48:00,6,9,4838.08
17568.0,1,275,374.45,2010-03-16 16:45:00,632,1,374.45
17569.0,1,159,344.14,2011-01-11 14:15:00,331,1,344.14
17570.0,1,1,100.0,2010-11-23 11:56:00,381,1,100.0
17571.0,5,991,1630.91,2011-10-20 15:57:00,49,5,1630.91
17572.0,10,327,652.21,2011-09-29 17:53:00,70,10,652.21
17573.0,3,308,380.6,2011-11-10 13:01:00,28,3,380.6
17574.0,1,77,185.65,2011-04-11 09:47:00,242,1,185.65
17575.0,1,72,171.7,2010-02-10 13:48:00,666,1,171.7
17576.0,41,4583,8711.95,2011-12-01 17:56:00,7,41,8711.95
17577.0,2,179,348.75,2010-03-04 13:01:00,644,2,348.75
17578.0,7,529,1047.33,2011-05-05 18:38:00,217,7,1047.33
17579.0,4,375,753.28,2011-12-05 12:28:00,4,4,753.28
17580.0,5,223,541.02,2011-04-01 12:41:00,252,5,541.02
17581.0,43,9519,17951.17,2011-12-09 12:21:00,0,43,17951.17
17582.0,5,603,1446.95,2011-04-17 13:18:00,235,5,1446.95
17583.0,1,55,135.95,2010-05-28 14:24:00,559,1,135.95
17584.0,6,2464,5309.42,2011-12-02 17:12:00,6,6,5309.42
17585.0,7,2510,2064.71,2011-08-22 13:30:00,108,7,2064.71
17586.0,1,68,167.4,2010-03-30 13:12:00,618,1,167.4
17587.0,1,67,176.71,2010-03-21 14:16:00,627,1,176.71
17588.0,7,1379,2939.55,2011-08-31 13:37:00,99,7,2939.55
17589.0,18,8704,13837.94,2011-10-10 16:58:00,59,18,13837.94
17590.0,3,822,1468.02,2011-12-07 12:55:00,1,3,1468.02
17591.0,8,1028,2339.32,2011-09-27 13:42:00,72,8,2339.32
17592.0,1,38,148.3,2009-12-01 10:49:00,738,1,148.3
17593.0,11,5595,8092.32,2011-12-06 10:30:00,3,11,8092.32
17594.0,4,1368,2497.88,2011-09-15 16:34:00,84,4,2497.88
17595.0,2,228,386.69,2011-11-27 16:08:00,11,2,386.69
17596.0,13,7010,4491.46,2011-11-16 14:11:00,22,13,4491.46
17597.0,5,2215,3484.09,2011-05-10 11:54:00,213,5,3484.09
17598.0,1,126,409.98,2010-11-23 17:43:00,380,1,409.98
17599.0,1,11,52.05,2010-08-19 12:50:00,477,1,52.05
17600.0,1,144,161.67000000000002,2011-11-22 09:43:00,17,1,161.67000000000002
17601.0,2,295,413.08,2011-04-14 18:02:00,238,2,413.08
17602.0,14,5880,7354.43,2011-12-07 13:53:00,1,14,7354.43
17603.0,4,638,1788.38,2011-09-22 14:18:00,77,4,1788.38
17604.0,6,614,942.38,2011-05-06 13:43:00,216,6,942.38
17605.0,1,71,160.75,2010-04-28 14:45:00,589,1,160.75
17606.0,1,42,87.30000000000001,2009-12-02 13:32:00,736,1,87.30000000000001
17607.0,1,269,333.81,2010-11-28 13:11:00,375,1,333.81
17608.0,4,528,488.06,2011-11-06 13:06:00,32,4,488.06
17609.0,11,1321,1887.8999999999999,2011-10-30 12:28:00,40,11,1887.8999999999999
17610.0,5,893,1511.94,2010-06-17 16:34:00,539,5,1511.94
17611.0,28,5341,8337.53,2011-12-02 13:29:00,6,28,8337.53
17612.0,18,3521,5394.86,2011-10-17 14:59:00,52,18,5394.86
17613.0,14,2490,4544.55,2011-11-17 10:51:00,22,14,4544.55
17614.0,1,235,386.32,2011-10-13 16:01:00,56,1,386.32
17615.0,6,378,721.8,2011-08-01 14:06:00,129,6,721.8
17616.0,4,288,734.4,2011-06-19 10:11:00,173,4,734.4
17617.0,1,249,385.19,2010-05-30 12:48:00,558,1,385.19
17618.0,11,1798,4001.64,2011-12-04 11:50:00,5,11,4001.64
17619.0,1,124,214.37,2011-01-31 14:18:00,311,1,214.37
17620.0,1,60,81.44,2011-10-11 12:08:00,59,1,81.44
17621.0,6,1110,3175.12,2011-11-18 17:11:00,20,6,3175.12
17622.0,2,379,1130.21,2010-04-21 12:36:00,597,2,1130.21
17623.0,7,799,2365.77,2011-11-07 11:32:00,32,7,2365.77
17624.0,4,958,1568.63,2011-11-25 10:52:00,14,4,1568.63
17625.0,8,3505,5978.9,2011-11-21 13:36:00,17,8,5978.9
17626.0,1,202,254.0,2010-04-16 12:15:00,602,1,254.0
17627.0,1,676,296.36,2010-08-18 11:27:00,478,1,296.36
17628.0,1,79,75.75,2011-09-19 15:21:00,80,1,75.75
17629.0,10,1903,2455.52,2011-12-04 10:56:00,5,10,2455.52
17630.0,2,158,503.59999999999997,2011-06-23 11:58:00,169,2,503.59999999999997
17631.0,7,591,998.49,2011-12-08 09:47:00,1,7,998.49
17633.0,7,899,2057.39,2011-11-08 13:25:00,30,7,2057.39
17634.0,9,838,2358.59,2011-11-03 13:09:00,35,9,2358.59
17635.0,3,770,1265.58,2010-10-11 15:12:00,423,3,1265.58
17636.0,1,182,285.56,2011-11-20 14:40:00,18,1,285.56
17637.0,2,280,547.0600000000001,2011-11-08 12:51:00,30,2,547.0600000000001
17638.0,2,432,842.4,2010-03-02 14:32:00,646,2,842.4
17639.0,6,576,615.17,2011-03-08 15:22:00,275,6,615.17
17640.0,6,1692,3168.94,2011-09-14 09:13:00,86,6,3168.94
17642.0,5,1475,1824.49,2011-08-12 09:11:00,119,5,1824.49
17643.0,2,226,439.7,2010-12-01 14:38:00,372,2,439.7
17644.0,20,3469,6028.6,2011-12-08 13:43:00,0,20,6028.6
17646.0,12,1308,3898.79,2011-05-04 13:17:00,218,12,3898.79
17647.0,3,82,331.65999999999997,2011-10-05 15:38:00,64,3,331.65999999999997
17648.0,5,954,2216.37,2011-10-10 09:41:00,60,5,2216.37
17649.0,3,723,1578.89,2011-07-24 15:53:00,137,3,1578.89
17650.0,1,150,166.08,2011-11-18 14:52:00,20,1,166.08
17651.0,16,4086,5703.52,2011-11-28 10:29:00,11,16,5703.52
17652.0,12,2509,4867.72,2011-11-14 12:55:00,24,12,4867.72
17653.0,4,1409,1207.56,2011-11-03 12:46:00,36,4,1207.56
17654.0,1,41,117.55,2011-03-07 13:17:00,276,1,117.55
17655.0,9,1268,2976.38,2011-11-29 11:34:00,10,9,2976.38
17656.0,5,1399,1674.69,2011-09-27 13:04:00,72,5,1674.69
17657.0,1,60,126.0,2010-10-05 14:52:00,429,1,126.0
17658.0,2,616,595.42,2011-11-14 12:07:00,25,2,595.42
17659.0,14,1752,3586.9900000000002,2011-11-22 13:29:00,16,14,3586.9900000000002
17660.0,2,259,342.22,2011-07-21 13:37:00,140,2,342.22
17662.0,2,184,412.92,2010-02-16 09:38:00,661,2,412.92
17663.0,17,2297,5175.83,2011-11-14 08:56:00,25,17,5175.83
17664.0,4,1058,1166.23,2011-11-21 11:29:00,18,4,1166.23
17665.0,1,690,563.1,2010-08-03 13:12:00,492,1,563.1
17666.0,5,1552,2047.8,2011-12-06 09:06:00,3,5,2047.8
17667.0,9,2192,3950.7,2011-10-04 14:32:00,65,9,3950.7
17668.0,2,93,347.75,2011-12-08 13:25:00,0,2,347.75
17669.0,10,3505,6142.35,2011-10-28 08:53:00,42,10,6142.35
17670.0,1,110,205.7,2011-04-26 09:12:00,227,1,205.7
17671.0,5,987,2009.16,2011-11-24 12:21:00,15,5,2009.16
17672.0,7,2758,5778.63,2011-10-20 14:18:00,49,7,5778.63
17673.0,13,3284,4173.88,2011-12-08 12:50:00,1,13,4173.88
17674.0,2,672,551.04,2011-09-26 13:35:00,73,2,551.04
17675.0,70,16180,37642.48,2011-12-08 18:03:00,0,70,37642.48
17676.0,10,1764,2448.64,2011-12-05 15:16:00,3,10,2448.64
17677.0,54,20921,35058.46,2011-12-08 09:56:00,1,54,35058.46
17678.0,2,368,599.76,2011-03-21 11:52:00,263,2,599.76
17679.0,7,1755,3577.61,2011-10-18 07:43:00,52,7,3577.61
17680.0,3,155,497.45,2011-11-16 12:42:00,23,3,497.45
17681.0,5,450,731.2,2010-04-21 17:22:00,596,5,731.2
17682.0,11,2281,4065.28,2011-11-29 15:59:00,9,11,4065.28
17683.0,3,781,819.01,2010-11-19 10:11:00,385,3,819.01
17684.0,1,145,239.41,2011-10-27 11:10:00,43,1,239.41
17685.0,12,3474,5454.95,2011-11-23 11:36:00,16,12,5454.95
17686.0,9,3583,8296.81,2011-12-02 15:39:00,6,9,8296.81
17687.0,1,210,432.68,2010-10-15 12:30:00,420,1,432.68
17688.0,1,114,304.2,2010-11-11 10:41:00,393,1,304.2
17689.0,2,300,317.08,2010-11-16 13:22:00,387,2,317.08
17690.0,20,2939,6963.8,2011-11-09 15:17:00,29,20,6963.8
17691.0,4,315,637.5500000000001,2010-12-16 17:20:00,357,4,637.5500000000001
17692.0,12,2338,2975.8,2011-08-04 14:01:00,126,12,2975.8
17693.0,1,231,200.47,2011-07-25 15:48:00,136,1,200.47
17694.0,3,1493,1695.97,2011-07-21 12:00:00,141,3,1695.97
17695.0,5,1809,1746.04,2011-07-31 10:40:00,131,5,1746.04
17696.0,27,5891,7679.59,2011-11-01 13:43:00,37,27,7679.59
17697.0,1,93,338.95,2011-04-17 15:40:00,235,1,338.95
17698.0,1,93,154.95,2011-03-24 11:34:00,260,1,154.95
17699.0,2,208,442.0,2010-08-20 09:39:00,476,2,442.0
17700.0,14,3469,6679.97,2011-11-23 11:51:00,16,14,6679.97
17701.0,1,109,417.95,2011-04-01 12:25:00,252,1,417.95
17702.0,6,2153,3144.04,2011-11-09 16:03:00,29,6,3144.04
17703.0,4,897,1094.84,2011-11-04 15:51:00,34,4,1094.84
17704.0,2,343,885.19,2011-06-24 09:40:00,168,2,885.19
17705.0,11,1301,2083.9,2011-12-06 13:45:00,2,11,2083.9
17706.0,31,7824,20272.15,2011-12-05 13:34:00,3,31,20272.15
17707.0,8,546,609.3000000000001,2011-06-07 15:03:00,184,8,609.3000000000001
17708.0,4,387,884.1800000000001,2011-06-05 10:12:00,187,4,884.1800000000001
17709.0,5,295,671.01,2011-06-23 11:55:00,169,5,671.01
17710.0,1,158,293.5,2010-10-12 07:49:00,423,1,293.5
17711.0,2,246,385.1,2011-11-29 11:40:00,10,2,385.1
17712.0,1,215,522.91,2011-10-26 12:28:00,44,1,522.91
17713.0,4,989,1198.09,2010-11-22 16:50:00,381,4,1198.09
17714.0,5,608,1410.18,2011-01-23 10:32:00,320,5,1410.18
17715.0,2,576,489.59999999999997,2011-05-23 12:32:00,200,2,489.59999999999997
17716.0,24,8819,15956.97,2011-11-17 12:00:00,22,24,15956.97
17717.0,1,344,376.92,2010-10-14 12:54:00,420,1,376.92
17718.0,2,274,439.18,2011-04-21 13:39:00,231,2,439.18
17719.0,15,2466,5396.04,2011-11-02 10:36:00,37,15,5396.04
17720.0,10,1589,2666.91,2011-11-13 15:04:00,25,10,2666.91
17721.0,1,107,307.21000000000004,2010-02-18 15:18:00,658,1,307.21000000000004
17722.0,5,2412,3520.2200000000003,2011-09-04 15:22:00,95,5,3520.2200000000003
17723.0,7,912,3378.4000000000005,2011-08-04 18:37:00,126,7,3378.4000000000005
17724.0,3,300,1033.0,2011-09-29 15:26:00,70,3,1033.0
17725.0,11,2162,3439.08,2011-11-23 16:34:00,15,11,3439.08
17726.0,7,444,1092.06,2010-11-09 13:37:00,394,7,1092.06
17727.0,1,645,1060.25,2011-11-24 17:06:00,14,1,1060.25
17728.0,5,2146,4238.76,2011-12-06 08:52:00,3,5,4238.76
17729.0,1,247,438.65000000000003,2010-04-22 15:03:00,595,1,438.65000000000003
17730.0,20,5300,7773.8,2011-12-06 15:43:00,2,20,7773.8
17731.0,6,707,1708.99,2011-09-21 15:02:00,78,6,1708.99
17732.0,8,1058,2166.42,2010-12-02 09:29:00,372,8,2166.42
17733.0,2,463,692.19,2011-11-01 08:16:00,38,2,692.19
17734.0,6,741,1442.32,2011-10-17 12:33:00,53,6,1442.32
17735.0,26,10683,16790.33,2011-12-07 16:47:00,1,26,16790.33
17736.0,3,238,377.44,2011-11-30 15:36:00,8,3,377.44
17737.0,2,108,168.24,2011-11-30 15:16:00,8,2,168.24
17738.0,13,2776,4183.56,2011-11-20 15:05:00,18,13,4183.56
17739.0,18,2335,7730.59,2011-11-28 09:12:00,11,18,7730.59
17740.0,6,222,426.9,2010-11-15 16:33:00,388,6,426.9
17741.0,2,114,101.1,2010-10-29 11:59:00,406,2,101.1
17742.0,11,653,2098.48,2011-08-18 15:28:00,112,11,2098.48
17743.0,1,96,229.2,2010-09-17 14:54:00,447,1,229.2
17744.0,7,3826,2649.14,2011-12-06 12:11:00,3,7,2649.14
17745.0,2,164,600.34,2010-08-19 12:30:00,477,2,600.34
17746.0,4,688,904.1800000000001,2011-04-13 14:31:00,239,4,904.1800000000001
17747.0,1,12,71.4,2011-08-19 08:13:00,112,1,71.4
17748.0,1,111,358.15,2010-06-30 13:49:00,526,1,358.15
17749.0,3,446,1026.18,2011-06-14 15:45:00,177,3,1026.18
17750.0,9,3747,1710.45,2011-12-04 14:09:00,4,9,1710.45
17751.0,1,147,157.85999999999999,2010-10-14 13:57:00,420,1,157.85999999999999
17752.0,1,192,80.64,2010-12-15 16:19:00,358,1,80.64
17753.0,4,124,382.06,2010-09-01 15:49:00,463,4,382.06
17754.0,13,4366,4451.22,2011-12-09 11:20:00,0,13,4451.22
17756.0,3,399,728.75,2010-11-29 12:20:00,375,3,728.75
17757.0,56,5011,9074.05,2011-12-08 15:31:00,0,56,9074.05
17758.0,12,3199,4964.03,2011-11-20 14:45:00,18,12,4964.03
17759.0,5,965,1261.88,2011-11-22 16:02:00,16,5,1261.88
17760.0,6,531,746.39,2011-11-18 10:56:00,21,6,746.39
17761.0,1,398,712.78,2011-11-07 10:23:00,32,1,712.78
17762.0,1,129,129.75,2010-09-09 17:40:00,455,1,129.75
17763.0,4,41,86.15,2011-03-21 14:25:00,262,4,86.15
17764.0,5,674,1513.57,2011-10-20 11:03:00,50,5,1513.57
17765.0,4,195,524.0,2011-07-04 12:41:00,158,4,524.0
17766.0,2,155,299.61,2010-11-23 14:29:00,380,2,299.61
17767.0,2,198,413.05,2011-11-24 14:42:00,14,2,413.05
17768.0,7,2339,3292.73,2011-12-01 13:22:00,7,7,3292.73
17769.0,17,3157,7053.38,2011-11-27 11:18:00,12,17,7053.38
17770.0,5,365,1143.27,2011-05-25 12:34:00,198,5,1143.27
17771.0,4,373,387.41,2011-10-14 11:43:00,56,4,387.41
17772.0,3,113,360.75,2011-11-29 11:05:00,10,3,360.75
17773.0,2,254,575.37,2010-07-13 14:07:00,513,2,575.37
17774.0,9,1585,3273.83,2011-09-04 12:49:00,96,9,3273.83
17775.0,1,72,56.4,2011-03-30 10:50:00,254,1,56.4
17776.0,2,273,330.56,2010-11-18 12:14:00,386,2,330.56
17777.0,3,501,647.56,2011-11-15 12:02:00,24,3,647.56
17778.0,1,214,197.70000000000002,2010-02-16 12:44:00,661,1,197.70000000000002
17779.0,3,396,650.32,2011-11-18 14:15:00,20,3,650.32
17780.0,3,156,346.56,2010-02-10 13:43:00,666,3,346.56
17781.0,2,34,188.02,2011-07-03 16:00:00,158,2,188.02
17782.0,2,538,679.02,2010-11-22 11:15:00,382,2,679.02
17783.0,3,438,376.96,2011-09-28 16:07:00,71,3,376.96
17784.0,1,72,112.86,2010-06-07 16:08:00,549,1,112.86
17785.0,3,227,403.38,2011-10-17 13:43:00,52,3,403.38
17786.0,2,195,266.85,2011-09-15 12:51:00,84,2,266.85
17787.0,4,896,1817.54,2011-07-10 11:24:00,152,4,1817.54
17788.0,2,211,1117.9,2011-09-27 10:09:00,73,2,1117.9
17789.0,2,199,397.15,2011-03-03 13:14:00,280,2,397.15
17790.0,20,1387,2779.41,2011-11-13 11:30:00,26,20,2779.41
17791.0,1,46,106.1,2011-11-10 12:09:00,29,1,106.1
17792.0,2,149,368.35,2010-08-29 14:30:00,466,2,368.35
17793.0,1,226,300.34,2011-11-14 14:24:00,24,1,300.34
17794.0,2,46,147.3,2010-01-22 10:18:00,686,2,147.3
17795.0,2,305,342.83,2011-06-13 12:36:00,179,2,342.83
17796.0,7,347,1236.39,2011-10-30 15:38:00,39,7,1236.39
17797.0,8,1086,1971.87,2011-11-17 13:21:00,21,8,1971.87
17798.0,1,138,178.07,2010-05-07 11:42:00,581,1,178.07
17799.0,20,3674,6246.93,2011-11-17 15:16:00,21,20,6246.93
17800.0,9,732,1187.21,2011-11-02 12:57:00,36,9,1187.21
17801.0,3,820,770.03,2010-09-14 14:32:00,450,3,770.03
17802.0,10,2705,4946.22,2011-09-18 14:56:00,81,10,4946.22
17803.0,1,98,184.66,2010-11-12 13:53:00,391,1,184.66
17804.0,3,194,383.78000000000003,2010-11-28 14:01:00,375,3,383.78000000000003
17805.0,2,1126,927.03,2011-09-27 11:49:00,73,2,927.03
17806.0,1,727,546.04,2011-11-28 14:12:00,10,1,546.04
17807.0,3,262,437.87,2010-11-09 16:21:00,394,3,437.87
17808.0,4,143,262.64,2010-06-09 10:44:00,548,4,262.64
17809.0,20,2995,10085.89,2011-11-23 12:59:00,15,20,10085.89
17810.0,2,118,373.16,2010-02-09 10:47:00,668,2,373.16
17811.0,47,5278,9519.8,2011-12-05 13:46:00,3,47,9519.8
17812.0,7,444,911.99,2011-11-27 11:47:00,12,7,911.99
17813.0,5,752,1698.07,2011-11-25 16:13:00,13,5,1698.07
17814.0,2,1435,1609.37,2010-11-29 14:21:00,374,2,1609.37
17815.0,1,612,591.96,2010-11-11 14:39:00,392,1,591.96
17816.0,6,80,96.11,2011-11-03 11:34:00,36,6,96.11
17817.0,6,353,788.15,2011-12-05 14:39:00,3,6,788.15
17818.0,1,86,124.78,2009-12-02 11:34:00,737,1,124.78
17819.0,12,1610,6021.05,2011-09-29 10:52:00,71,12,6021.05
17820.0,1,111,180.60999999999999,2010-11-30 17:43:00,373,1,180.60999999999999
17821.0,1,162,334.62,2010-10-29 13:20:00,405,1,334.62
17822.0,5,1375,2162.93,2010-10-15 13:47:00,419,5,2162.93
17823.0,2,252,449.25,2010-10-14 16:24:00,420,2,449.25
17824.0,1,408,298.4,2011-10-19 14:14:00,50,1,298.4
17825.0,4,516,701.96,2010-04-20 12:01:00,598,4,701.96
17826.0,1,84,133.34,2010-11-30 13:23:00,373,1,133.34
17827.0,6,1582,2376.17,2011-12-04 15:00:00,4,6,2376.17
17828.0,4,667,1820.09,2011-11-17 08:41:00,22,4,1820.09
17829.0,5,3009,4756.74,2011-02-14 12:46:00,298,5,4756.74
17830.0,3,92,398.7,2011-12-08 12:28:00,1,3,398.7
17831.0,1,12,35.400000000000006,2011-11-06 15:09:00,32,1,35.400000000000006
17832.0,1,208,155.37,2011-10-21 11:43:00,49,1,155.37
17833.0,1,143,338.46000000000004,2009-12-16 13:40:00,722,1,338.46000000000004
17834.0,2,639,689.6700000000001,2010-10-21 12:09:00,414,2,689.6700000000001
17835.0,3,344,342.24,2011-12-07 11:48:00,2,3,342.24
17836.0,1,88,110.21000000000001,2011-10-23 16:13:00,46,1,110.21000000000001
17837.0,8,510,1541.23,2011-10-28 16:13:00,41,8,1541.23
17838.0,13,3491,5604.64,2011-11-13 11:20:00,26,13,5604.64
17839.0,1,257,318.15,2011-10-28 17:27:00,41,1,318.15
17840.0,1,128,175.9,2010-09-22 12:24:00,443,1,175.9
17841.0,211,36584,68545.25,2011-12-08 12:07:00,1,211,68545.25
17842.0,1,89,430.69,2010-04-16 14:23:00,601,1,430.69
17843.0,2,251,320.4,2011-02-09 15:33:00,302,2,320.4
17844.0,1,52,51.559999999999995,2011-08-25 11:27:00,106,1,51.559999999999995
17845.0,4,195,596.09,2010-06-02 15:20:00,554,4,596.09
17846.0,1,1,2033.1,2011-09-15 15:20:00,84,1,2033.1
17847.0,2,29,129.69,2010-07-12 10:00:00,515,2,129.69
17848.0,30,1404,3559.11,2011-09-19 16:49:00,80,30,3559.11
17849.0,8,224,1063.76,2011-05-05 13:46:00,217,8,1063.76
17850.0,155,21052,51208.87,2010-12-02 15:27:00,371,155,51208.87
17851.0,6,933,1552.35,2010-10-13 15:13:00,421,6,1552.35
17852.0,5,372,657.8100000000001,2011-11-28 12:36:00,11,5,657.8100000000001
17853.0,3,625,1596.29,2010-10-28 15:29:00,406,3,1596.29
17854.0,6,607,1068.5,2011-06-07 16:21:00,184,6,1068.5
17855.0,1,197,208.97,2010-12-02 09:44:00,372,1,208.97
17856.0,4,842,1418.03,2011-12-08 09:40:00,1,4,1418.03
17857.0,24,19906,27347.04,2011-12-05 13:13:00,3,24,27347.04
17858.0,30,5383,12518.65,2011-12-04 11:56:00,5,30,12518.65
17859.0,1,102,141.92000000000002,2011-02-08 10:32:00,304,1,141.92000000000002
17860.0,4,696,717.39,2010-12-06 12:41:00,368,4,717.39
17861.0,18,4541,5088.29,2011-12-06 16:21:00,2,18,5088.29
17862.0,4,440,1254.89,2011-01-20 12:23:00,323,4,1254.89
17863.0,12,4676,5360.48,2011-10-11 13:45:00,58,12,5360.48
17864.0,5,1015,876.57,2011-11-27 11:15:00,12,5,876.57
17865.0,46,12950,26312.190000000002,2011-11-09 12:08:00,30,46,26312.190000000002
17866.0,3,535,1134.95,2011-07-20 11:07:00,142,3,1134.95
17867.0,15,638,1582.0500000000002,2011-11-09 14:15:00,29,15,1582.0500000000002
17868.0,1,85,227.15,2010-11-18 18:55:00,385,1,227.15
17869.0,7,491,813.64,2011-08-24 16:16:00,106,7,813.64
17870.0,13,1699,2753.29,2011-12-07 15:07:00,1,13,2753.29
17871.0,5,665,1068.95,2011-05-19 11:32:00,204,5,1068.95
17872.0,1,176,235.87,2010-11-23 12:02:00,381,1,235.87
17873.0,18,4159,6265.33,2011-09-20 16:41:00,79,18,6265.33
17874.0,6,221,683.46,2011-06-07 12:54:00,184,6,683.46
17875.0,1,98,167.1,2010-01-20 15:30:00,687,1,167.1
17876.0,3,1958,3424.02,2010-11-05 10:52:00,399,3,3424.02
17877.0,1,98,237.61,2011-06-22 13:00:00,169,1,237.61
17878.0,3,1014,1378.93,2011-10-27 11:24:00,43,3,1378.93
17879.0,1,45,178.51999999999998,2011-06-19 12:36:00,173,1,178.51999999999998
17880.0,3,466,824.9200000000001,2010-12-10 10:21:00,364,3,824.9200000000001
17881.0,1,32,133.35000000000002,2011-02-08 17:16:00,303,1,133.35000000000002
17882.0,2,130,291.56,2010-11-25 14:40:00,378,2,291.56
17883.0,7,476,988.42,2011-12-06 17:49:00,2,7,988.42
17884.0,20,2749,2698.47,2011-12-06 11:33:00,3,20,2698.47
17885.0,1,110,156.34,2011-11-27 14:40:00,11,1,156.34
17886.0,6,711,1572.55,2011-11-08 10:09:00,31,6,1572.55
17887.0,1,30,111.35,2011-08-02 17:29:00,128,1,111.35
17888.0,25,1536,1807.44,2011-11-18 13:45:00,20,25,1807.44
17889.0,7,403,746.42,2011-05-11 16:26:00,211,7,746.42
17890.0,2,402,586.89,2011-01-21 11:19:00,322,2,586.89
17891.0,1,393,203.85999999999999,2011-06-30 20:08:00,161,1,203.85999999999999
17892.0,3,109,244.1,2011-10-14 16:49:00,55,3,244.1
17893.0,1,149,107.21,2011-04-28 13:50:00,224,1,107.21
17894.0,18,938,2304.58,2011-09-29 09:23:00,71,18,2304.58
17895.0,1,127,95.45,2011-10-26 17:00:00,43,1,95.45
17896.0,1,288,256.32,2011-11-16 13:59:00,22,1,256.32
17897.0,9,864,2099.89,2011-06-20 11:23:00,172,9,2099.89
17898.0,4,251,299.18,2011-09-15 14:56:00,84,4,299.18
17899.0,1,170,154.55,2011-07-03 14:58:00,158,1,154.55
17900.0,2,73,112.19999999999999,2011-06-02 14:38:00,189,2,112.19999999999999
17901.0,3,38,260.08,2011-11-10 17:29:00,28,3,260.08
17902.0,1,526,216.39999999999998,2010-06-11 12:25:00,546,1,216.39999999999998
17903.0,1,142,381.09000000000003,2010-11-10 15:39:00,393,1,381.09000000000003
17904.0,1,59,181.07,2011-11-18 12:57:00,20,1,181.07
17905.0,13,1299,2178.87,2011-09-29 17:33:00,70,13,2178.87
17906.0,1,26,72.9,2011-04-06 17:25:00,246,1,72.9
17907.0,1,1046,291.76,2010-03-09 12:33:00,640,1,291.76
17908.0,5,670,1142.47,2010-12-01 11:45:00,373,5,1142.47
17909.0,1,35,110.05,2009-12-02 13:10:00,736,1,110.05
17910.0,1,121,261.7,2009-12-13 16:04:00,725,1,261.7
17911.0,1,223,366.23,2011-11-30 14:52:00,8,1,366.23
17912.0,6,215,374.55,2011-02-02 14:25:00,309,6,374.55
17913.0,14,1725,3429.29,2011-10-12 10:45:00,58,14,3429.29
17914.0,1,457,329.36,2011-12-06 11:58:00,3,1,329.36
17915.0,1,184,225.78,2010-06-06 13:22:00,550,1,225.78
17916.0,2,90,43.87,2010-03-21 12:26:00,628,2,43.87
17917.0,3,184,335.03,2011-10-25 13:20:00,44,3,335.03
17918.0,3,352,396.39,2010-07-27 11:51:00,500,3,396.39
17919.0,2,1452,1840.32,2011-09-12 13:41:00,87,2,1840.32
17920.0,54,12265,23581.78,2011-12-05 14:29:00,3,54,23581.78
17921.0,10,991,2394.36,2011-10-06 18:56:00,63,10,2394.36
17922.0,1,49,170.4,2010-06-14 16:32:00,542,1,170.4
17923.0,3,140,497.0,2011-03-02 15:15:00,281,3,497.0
17924.0,8,1208,3257.7000000000003,2011-11-28 09:11:00,11,8,3257.7000000000003
17925.0,1,72,244.08,2010-12-02 10:10:00,372,1,244.08
17926.0,5,572,1035.49,2011-07-29 14:39:00,132,5,1035.49
17927.0,1,108,294.0,2009-12-18 11:03:00,721,1,294.0
17928.0,3,222,341.24,2011-10-25 13:52:00,44,3,341.24
17929.0,12,434,3082.1,2011-11-28 16:01:00,10,12,3082.1
17930.0,13,3795,4275.22,2011-11-04 10:23:00,35,13,4275.22
17931.0,14,1919,3402.24,2011-07-28 18:33:00,133,14,3402.24
17932.0,3,789,1331.57,2011-11-10 19:49:00,28,3,1331.57
17933.0,1,63,114.69,2010-03-17 15:11:00,631,1,114.69
17934.0,3,628,1049.15,2011-10-19 11:16:00,51,3,1049.15
17935.0,7,244,686.14,2011-07-24 13:18:00,137,7,686.14
17936.0,1,257,380.13,2011-12-04 13:32:00,4,1,380.13
17937.0,7,1754,4301.22,2011-12-01 11:45:00,8,7,4301.22
17938.0,1,53,144.29,2010-10-15 14:27:00,419,1,144.29
17939.0,1,40,99.14,2011-07-03 12:27:00,159,1,99.14
17940.0,16,85148,30306.79,2011-10-21 13:27:00,48,16,30306.79
17941.0,4,1108,1433.28,2011-08-01 08:30:00,130,4,1433.28
17942.0,1,38,77.50000000000001,2011-12-02 10:45:00,7,1,77.50000000000001
17944.0,1,84,74.99,2010-10-12 16:25:00,422,1,74.99
17945.0,3,244,360.35,2010-01-12 11:40:00,696,3,360.35
17946.0,2,75,149.57999999999998,2011-04-20 17:00:00,232,2,149.57999999999998
17947.0,1,168,176.68,2011-11-02 13:05:00,36,1,176.68
17948.0,1,144,358.56000000000006,2011-07-15 12:58:00,146,1,358.56000000000006
17949.0,118,60538,117314.08,2011-12-08 18:46:00,0,118,117314.08
17950.0,7,659,1166.29,2011-09-28 15:18:00,71,7,1166.29
17951.0,4,780,1340.5800000000002,2011-10-31 12:30:00,39,4,1340.5800000000002
17952.0,4,477,788.46,2010-11-26 13:54:00,377,4,788.46
17953.0,1,98,159.17000000000002,2010-06-17 15:08:00,539,1,159.17000000000002
17954.0,19,3180,3804.38,2011-12-04 14:15:00,4,19,3804.38
17955.0,6,681,949.9,2011-05-25 12:00:00,198,6,949.9
17956.0,1,1,12.75,2011-04-04 13:47:00,248,1,12.75
17957.0,1,287,111.68,2011-10-04 14:58:00,65,1,111.68
17958.0,2,284,973.88,2011-08-15 12:19:00,116,2,973.88
17959.0,1,49,140.75,2010-04-26 14:12:00,591,1,140.75
17960.0,3,60,135.08,2011-06-21 14:15:00,170,3,135.08
17961.0,100,1491,2866.74,2011-11-18 16:55:00,20,100,2866.74
17962.0,4,633,666.96,2011-07-20 14:16:00,141,4,666.96
17963.0,4,341,643.16,2010-08-25 15:58:00,470,4,643.16
17964.0,2,294,463.21,2011-11-08 10:44:00,31,2,463.21
17965.0,29,4383,7006.65,2011-11-02 09:31:00,37,29,7006.65
17966.0,10,3918,1963.92,2011-11-02 10:26:00,37,10,1963.92
17967.0,2,111,223.42,2010-12-03 11:19:00,371,2,223.42
17968.0,4,352,590.4399999999999,2010-12-01 12:23:00,373,4,590.4399999999999
17969.0,20,1014,2354.29,2011-06-26 13:00:00,165,20,2354.29
17970.0,1,513,562.79,2011-05-12 20:03:00,210,1,562.79
17971.0,1,62,161.94,2010-06-09 14:04:00,547,1,161.94
17972.0,1,36,135.19,2011-04-12 12:16:00,241,1,135.19
17973.0,1,176,337.04,2011-10-19 10:34:00,51,1,337.04
17974.0,6,1189,1739.09,2011-11-15 11:37:00,24,6,1739.09
17975.0,24,2179,6696.33,2011-11-24 13:27:00,14,24,6696.33
17976.0,1,93,321.79,2010-12-02 13:49:00,371,1,321.79
17977.0,2,1948,1511.45,2011-11-10 13:28:00,28,2,1511.45
17978.0,4,1297,1159.99,2010-12-09 14:05:00,364,4,1159.99
17979.0,4,383,732.41,2011-11-04 12:05:00,35,4,732.41
17980.0,4,771,1012.72,2011-06-27 12:01:00,165,4,1012.72
17981.0,1,260,239.12,2010-10-25 10:40:00,410,1,239.12
17982.0,1,117,138.18,2010-01-28 09:38:00,680,1,138.18
17983.0,1,108,171.71,2010-11-09 13:24:00,394,1,171.71
17984.0,5,939,1152.19,2011-07-17 15:59:00,144,5,1152.19
17985.0,1,171,631.35,2011-11-17 14:24:00,21,1,631.35
17986.0,1,10,20.8,2011-10-14 14:22:00,55,1,20.8
17987.0,5,981,965.4399999999999,2011-06-07 14:22:00,184,5,965.4399999999999
17988.0,14,186,489.54,2011-11-28 11:00:00,11,14,489.54
17989.0,1,300,207.32999999999998,2010-11-25 13:49:00,378,1,207.32999999999998
17990.0,6,777,1527.6100000000001,2011-04-17 11:44:00,236,6,1527.6100000000001
17991.0,3,93,300.3,2011-04-28 15:58:00,224,3,300.3
17992.0,1,130,252.88,2010-11-15 13:04:00,388,1,252.88
17993.0,1,108,225.99,2010-04-01 14:23:00,616,1,225.99
17994.0,11,2181,2270.0299999999997,2011-08-10 11:41:00,121,11,2270.0299999999997
17995.0,3,263,495.48,2011-03-03 12:30:00,281,3,495.48
17996.0,3,587,482.33,2010-11-25 11:00:00,379,3,482.33
17997.0,8,2273,1962.46,2011-09-26 16:13:00,73,8,1962.46
17998.0,3,561,639.24,2010-11-24 15:31:00,379,3,639.24
17999.0,3,286,528.46,2011-11-02 15:56:00,36,3,528.46
18000.0,1,109,124.25,2010-05-24 17:34:00,563,1,124.25
18001.0,6,874,924.14,2011-11-27 16:02:00,11,6,924.14
18002.0,4,71,244.37,2010-11-29 10:57:00,375,4,244.37
18003.0,1,297,353.51,2010-11-28 15:09:00,375,1,353.51
18004.0,1,75,157.92,2010-12-12 13:47:00,361,1,157.92
18005.0,2,86,226.47,2011-12-06 11:51:00,3,2,226.47
18006.0,4,395,969.51,2011-11-16 16:52:00,22,4,969.51
18007.0,1,246,215.22,2010-11-12 11:08:00,392,1,215.22
18008.0,23,7825,19759.079999999998,2011-09-30 15:17:00,69,23,19759.079999999998
18009.0,8,651,2144.23,2011-04-18 13:36:00,234,8,2144.23
18010.0,1,60,174.8,2011-03-28 12:27:00,256,1,174.8
18011.0,2,125,410.79,2010-12-01 17:35:00,372,2,410.79
18012.0,1,63,115.3,2009-12-16 13:16:00,722,1,115.3
18013.0,2,285,187.29,2011-07-07 14:11:00,154,2,187.29
18014.0,1,66,162.22,2011-11-11 15:28:00,27,1,162.22
18015.0,1,157,120.03,2011-12-05 14:49:00,3,1,120.03
18016.0,7,1207,1954.56,2011-11-07 13:25:00,31,7,1954.56
18017.0,4,400,688.0,2011-09-19 16:15:00,80,4,688.0
18018.0,4,186,297.99,2011-08-23 17:37:00,107,4,297.99
18019.0,1,7,38.45,2011-10-19 12:10:00,51,1,38.45
18020.0,1,67,190.48000000000002,2010-06-14 12:31:00,543,1,190.48000000000002
18021.0,2,168,216.41,2010-07-18 10:52:00,509,2,216.41
18022.0,5,1311,1507.25,2011-11-04 12:45:00,35,5,1507.25
18024.0,2,184,389.78,2011-07-10 12:40:00,152,2,389.78
18025.0,6,1053,1177.72,2010-11-25 12:37:00,379,6,1177.72
18026.0,2,530,2074.07,2010-07-27 10:37:00,500,2,2074.07
18027.0,1,78,115.31,2011-09-02 10:38:00,98,1,115.31
18028.0,1,133,192.05,2010-05-05 13:28:00,582,1,192.05
18029.0,1,253,433.77,2010-03-07 15:30:00,641,1,433.77
18030.0,2,67,230.64999999999998,2011-12-05 16:37:00,3,2,230.64999999999998
18031.0,1,298,451.3,2010-11-26 11:00:00,378,1,451.3
18032.0,1,42,73.5,2011-01-09 15:32:00,333,1,73.5
18033.0,1,252,93.82000000000001,2011-10-05 17:28:00,64,1,93.82000000000001
18034.0,3,951,754.2,2011-11-18 12:22:00,21,3,754.2
18035.0,5,1134,1260.23,2011-11-04 12:39:00,35,5,1260.23
18036.0,11,741,1545.49,2011-11-07 14:40:00,31,11,1545.49
18037.0,15,37,167.42,2011-07-08 13:39:00,153,15,167.42
18038.0,1,80,141.48,2010-06-01 15:59:00,555,1,141.48
18039.0,4,555,548.22,2010-11-30 13:07:00,373,4,548.22
18040.0,2,148,357.20000000000005,2011-11-20 14:20:00,18,2,357.20000000000005
18041.0,38,7316,8018.7699999999995,2011-11-28 11:39:00,11,38,8018.7699999999995
18042.0,2,69,281.15,2011-10-17 11:49:00,53,2,281.15
18043.0,3,265,529.29,2011-11-15 12:48:00,24,3,529.29
18044.0,18,1598,3505.61,2011-12-05 14:26:00,3,18,3505.61
18045.0,1,138,178.34,2011-10-25 13:07:00,44,1,178.34
18046.0,1,44,189.63,2010-02-28 11:36:00,649,1,189.63
18047.0,2,130,326.09,2010-11-23 13:11:00,380,2,326.09
18048.0,3,256,394.93,2011-05-20 14:58:00,202,3,394.93
18049.0,2,402,500.92,2010-09-28 14:26:00,436,2,500.92
18050.0,2,250,412.06,2010-12-15 14:25:00,358,2,412.06
18051.0,7,1661,2282.28,2010-03-15 13:58:00,633,7,2282.28
18052.0,1,17766,10877.18,2010-05-24 11:11:00,564,1,10877.18
18053.0,3,409,571.07,2011-09-30 09:05:00,70,3,571.07
18054.0,1,96,176.5,2010-11-12 08:18:00,392,1,176.5
18055.0,14,3534,10142.64,2011-12-02 14:25:00,6,14,10142.64
18056.0,2,334,554.6,2011-02-24 14:27:00,287,2,554.6
18057.0,3,970,1188.46,2010-11-11 16:55:00,392,3,1188.46
18058.0,3,394,774.06,2011-11-30 08:38:00,9,3,774.06
18059.0,3,258,306.46,2011-11-16 16:49:00,22,3,306.46
18060.0,2,902,1185.46,2010-10-27 16:41:00,407,2,1185.46
18061.0,28,3359,6083.81,2011-11-18 11:20:00,21,28,6083.81
18062.0,6,831,1632.67,2011-06-19 14:47:00,172,6,1632.67
18063.0,2,48,186.60000000000002,2010-11-14 10:46:00,390,2,186.60000000000002
18064.0,11,2685,4481.83,2011-07-29 16:39:00,132,11,4481.83
18065.0,29,2265,5866.63,2011-12-04 10:30:00,5,29,5866.63
18066.0,3,535,1440.4,2011-09-25 15:30:00,74,3,1440.4
18067.0,1,189,396.33,2011-10-30 15:58:00,39,1,396.33
18068.0,1,6,101.69999999999999,2011-02-23 14:50:00,288,1,101.69999999999999
18069.0,11,3168,4464.92,2011-11-13 16:03:00,25,11,4464.92
18070.0,1,86,314.1,2010-02-08 13:28:00,668,1,314.1
18071.0,6,678,1169.68,2011-03-27 11:59:00,257,6,1169.68
18072.0,1,288,247.44,2011-06-07 10:44:00,185,1,247.44
18073.0,12,3102,3859.82,2011-08-17 14:02:00,113,12,3859.82
18074.0,2,361,1019.44,2010-12-01 09:53:00,373,2,1019.44
18075.0,20,3281,5783.29,2011-11-16 15:21:00,22,20,5783.29
18076.0,1,164,151.49,2010-11-24 14:02:00,379,1,151.49
18077.0,18,3020,4078.79,2011-12-01 13:32:00,7,18,4078.79
18078.0,4,370,725.53,2011-05-06 14:32:00,216,4,725.53
18079.0,5,8730,4203.93,2011-10-25 15:27:00,44,5,4203.93
18080.0,2,642,1231.5,2011-11-21 08:02:00,18,2,1231.5
18081.0,3,195,343.45,2011-11-03 16:30:00,35,3,343.45
18082.0,1,608,680.84,2011-11-14 12:45:00,25,1,680.84
18083.0,1,268,463.53,2010-11-07 11:44:00,397,1,463.53
18084.0,3,755,795.2299999999999,2011-11-23 13:57:00,15,3,795.2299999999999
18085.0,4,507,1341.8500000000001,2011-01-13 15:17:00,329,4,1341.8500000000001
18086.0,1,106,101.34,2011-03-10 13:34:00,273,1,101.34
18087.0,17,7775,14761.519999999999,2011-09-02 15:12:00,97,17,14761.519999999999
18088.0,1,107,166.03,2011-10-09 13:41:00,60,1,166.03
18089.0,1,95,428.45,2010-09-19 11:57:00,446,1,428.45
18090.0,1,307,321.9,2010-10-14 12:32:00,421,1,321.9
18091.0,1,539,360.85,2010-04-25 13:18:00,592,1,360.85
18092.0,18,8298,14693.72,2011-12-07 13:14:00,1,18,14693.72
18093.0,8,3429,4452.71,2011-09-07 15:43:00,92,8,4452.71
18094.0,13,4164,6391.52,2011-09-19 09:28:00,81,13,6391.52
18095.0,5,1623,2303.09,2011-01-31 12:50:00,312,5,2303.09
18096.0,6,1409,1657.87,2011-11-28 12:44:00,11,6,1657.87
18097.0,11,2716,4627.92,2011-12-02 11:16:00,7,11,4627.92
18098.0,1,215,527.94,2010-11-08 16:31:00,395,1,527.94
18099.0,1,149,168.31,2011-08-04 15:52:00,126,1,168.31
18100.0,1,440,451.56,2010-06-07 14:19:00,549,1,451.56
18101.0,5,247,622.01,2011-11-28 13:37:00,10,5,622.01
18102.0,145,181645,580987.04,2011-12-09 11:50:00,0,145,580987.04
18103.0,1,23,105.8,2010-06-08 13:36:00,548,1,105.8
18104.0,1,362,754.64,2011-11-02 14:07:00,36,1,754.64
18105.0,1,46,113.48000000000002,2011-11-02 12:04:00,37,1,113.48000000000002
18106.0,6,506,1441.06,2011-01-14 12:23:00,329,6,1441.06
18107.0,1,65,165.88,2010-09-23 13:03:00,441,1,165.88
18108.0,3,261,848.8100000000001,2011-03-30 13:56:00,253,3,848.8100000000001
18109.0,38,4822,9555.71,2011-12-08 11:36:00,1,38,9555.71
18110.0,2,169,392.28000000000003,2011-11-20 12:34:00,19,2,392.28000000000003
18111.0,1,232,405.85,2010-04-29 12:58:00,588,1,405.85
18112.0,4,443,773.36,2011-11-27 14:43:00,11,4,773.36
18113.0,1,72,76.32000000000001,2010-12-06 12:31:00,368,1,76.32000000000001
18114.0,1,55,220.1,2011-02-22 13:20:00,289,1,220.1
18115.0,1,3,9.700000000000001,2010-01-11 11:57:00,697,1,9.700000000000001
18116.0,13,1267,2134.4900000000002,2011-10-03 11:00:00,67,13,2134.4900000000002
18117.0,1,605,315.65,2011-11-14 12:47:00,25,1,315.65
18118.0,29,3184,6221.02,2011-11-29 11:32:00,10,29,6221.02
18119.0,1,124,180.7,2010-12-07 11:59:00,367,1,180.7
18120.0,1,31,111.15,2011-05-09 13:45:00,213,1,111.15
18121.0,2,438,653.3,2011-07-13 12:53:00,148,2,653.3
18122.0,6,1225,1793.06,2011-12-01 13:08:00,7,6,1793.06
18123.0,3,616,666.64,2011-11-15 14:23:00,23,3,666.64
18124.0,1,47,102.65,2010-08-24 17:21:00,471,1,102.65
18125.0,4,800,1131.75,2011-11-10 12:29:00,29,4,1131.75
18126.0,1,135,200.92000000000002,2011-10-10 12:19:00,60,1,200.92000000000002
18127.0,4,250,556.13,2011-11-20 14:05:00,18,4,556.13
18128.0,1,216,399.29,2010-06-20 13:19:00,536,1,399.29
18129.0,1,48,112.55000000000001,2011-04-10 14:16:00,242,1,112.55000000000001
18130.0,3,824,1059.39,2011-11-24 14:40:00,14,3,1059.39
18131.0,1,552,222.95999999999998,2010-03-18 08:48:00,631,1,222.95999999999998
18132.0,1,212,220.13,2010-07-23 16:54:00,503,1,220.13
18133.0,1,1350,931.4999999999999,2011-05-11 14:14:00,211,1,931.4999999999999
18134.0,2,128,445.0,2010-04-20 14:02:00,597,2,445.0
18135.0,10,753,1249.6200000000001,2011-11-10 19:32:00,28,10,1249.6200000000001
18136.0,5,860,1631.3600000000001,2011-10-07 15:40:00,62,5,1631.3600000000001
18137.0,2,59,145.99,2010-06-06 14:18:00,550,2,145.99
18138.0,1,38,152.65,2011-02-17 14:51:00,294,1,152.65
18139.0,6,5557,8438.34,2011-11-22 10:44:00,17,6,8438.34
18140.0,1,395,536.41,2010-08-23 11:58:00,473,1,536.41
18141.0,2,433,882.47,2010-11-03 11:44:00,401,2,882.47
18142.0,2,1276,1019.52,2011-07-05 13:19:00,156,2,1019.52
18143.0,2,570,1000.16,2011-08-15 12:07:00,116,2,1000.16
18144.0,19,2144,4892.95,2011-12-02 12:46:00,7,19,4892.95
18145.0,11,5104,5609.74,2011-11-27 11:22:00,12,11,5609.74
18146.0,2,153,160.35000000000002,2011-07-22 12:08:00,140,2,160.35000000000002
18147.0,2,203,179.33999999999997,2011-10-25 11:46:00,45,2,179.33999999999997
18148.0,1,63,112.85000000000001,2010-03-03 11:40:00,646,1,112.85000000000001
18149.0,7,869,1553.96,2011-10-20 12:04:00,50,7,1553.96
18150.0,3,332,566.58,2011-11-07 16:49:00,31,3,566.58
18151.0,6,986,1879.44,2011-07-28 11:35:00,134,6,1879.44
18152.0,1,75,426.69,2010-03-03 15:26:00,645,1,426.69
18153.0,1,200,246.22,2010-02-18 15:50:00,658,1,246.22
18154.0,5,626,932.6,2011-12-06 16:41:00,2,5,932.6
18155.0,3,266,371.62,2011-09-25 13:32:00,74,3,371.62
18156.0,2,283,675.64,2011-11-27 12:24:00,12,2,675.64
18157.0,1,145,213.9,2010-05-17 14:09:00,570,1,213.9
18158.0,2,354,453.4,2011-11-30 16:19:00,8,2,453.4
18159.0,1,139,530.15,2011-02-11 14:26:00,300,1,530.15
18160.0,3,519,1003.88,2011-10-13 15:50:00,56,3,1003.88
18161.0,6,965,1803.1000000000001,2011-11-24 16:40:00,14,6,1803.1000000000001
18162.0,1,332,371.51,2009-12-07 13:24:00,731,1,371.51
18163.0,1,452,728.84,2010-05-04 14:51:00,583,1,728.84
18164.0,1,184,399.65000000000003,2011-11-02 12:56:00,36,1,399.65000000000003
18165.0,1,254,302.46000000000004,2011-06-15 13:23:00,176,1,302.46000000000004
18166.0,1,90,175.5,2010-03-26 12:26:00,623,1,175.5
18167.0,3,382,1384.8600000000001,2011-11-16 15:56:00,22,3,1384.8600000000001
18168.0,16,1995,3435.5,2011-06-16 19:21:00,175,16,3435.5
18169.0,1,61,202.65,2011-10-10 12:18:00,60,1,202.65
18170.0,9,1184,2878.0,2011-11-06 14:35:00,32,9,2878.0
18171.0,9,991,2437.31,2011-10-12 09:13:00,58,9,2437.31
18172.0,52,7407,17467.24,2011-11-25 11:12:00,14,52,17467.24
18173.0,5,1730,2696.36,2011-09-14 11:26:00,86,5,2696.36
18174.0,2,80,162.5,2011-12-02 16:56:00,6,2,162.5
18175.0,1,70,176.1,2010-02-02 10:25:00,675,1,176.1
18176.0,1,283,476.35,2010-12-16 15:45:00,357,1,476.35
18177.0,9,1238,2216.32,2011-11-08 14:44:00,30,9,2216.32
18178.0,11,3850,6103.74,2011-08-03 09:30:00,128,11,6103.74
18179.0,8,1811,2547.55,2011-11-30 16:23:00,8,8,2547.55
18180.0,6,1721,1843.75,2011-12-05 08:39:00,4,6,1843.75
18181.0,5,510,1188.34,2011-11-15 15:08:00,23,5,1188.34
18182.0,1,167,291.13,2010-09-02 14:25:00,462,1,291.13
18183.0,2,371,632.07,2011-04-26 15:26:00,226,2,632.07
18184.0,1,60,49.8,2011-11-24 15:28:00,14,1,49.8
18185.0,1,183,304.25,2011-04-04 13:42:00,248,1,304.25
18186.0,1,338,329.58,2009-12-17 10:22:00,722,1,329.58
18187.0,1,310,724.89,2010-03-18 09:49:00,631,1,724.89
18188.0,6,1888,3280.59,2011-11-24 16:46:00,14,6,3280.59
18189.0,3,836,1403.73,2011-09-23 12:40:00,77,3,1403.73
18190.0,5,490,745.62,2011-05-31 14:48:00,191,5,745.62
18191.0,2,332,529.4,2011-03-23 12:08:00,261,2,529.4
18192.0,1,339,957.97,2011-09-29 09:53:00,71,1,957.97
18193.0,3,926,1207.35,2011-06-27 13:58:00,164,3,1207.35
18194.0,6,1774,4162.04,2011-09-18 13:29:00,81,6,4162.04
18195.0,1,60,101.16,2010-11-17 15:03:00,386,1,101.16
18196.0,4,1038,1457.19,2011-09-05 16:22:00,94,4,1457.19
18197.0,1,166,230.1,2010-05-13 10:46:00,575,1,230.1
18198.0,17,4074,5425.56,2011-12-05 14:49:00,3,17,5425.56
18199.0,1,99,344.75,2010-01-25 11:32:00,683,1,344.75
18200.0,1,104,150.35,2011-08-25 18:45:00,105,1,150.35
18201.0,1,191,447.53000000000003,2009-12-17 08:55:00,722,1,447.53000000000003
18202.0,3,581,1396.99,2011-05-24 12:12:00,199,3,1396.99
18203.0,4,111,492.52,2011-07-05 13:07:00,156,4,492.52
18204.0,3,1190,1975.35,2011-09-29 16:44:00,70,3,1975.35
18205.0,2,192,517.36,2011-11-03 13:22:00,35,2,517.36
18206.0,1,246,314.65999999999997,2010-06-04 13:47:00,552,1,314.65999999999997
18207.0,1,325,544.47,2010-07-28 14:26:00,498,1,544.47
18208.0,1,82,360.08,2010-05-23 11:54:00,565,1,360.08
18209.0,1,58,139.10000000000002,2011-11-11 12:07:00,28,1,139.10000000000002
18210.0,7,1499,2768.83,2011-12-08 11:02:00,1,7,2768.83
18211.0,5,359,600.07,2011-11-14 08:10:00,25,5,600.07
18212.0,2,158,514.37,2011-01-17 16:14:00,325,2,514.37
18213.0,1,232,232.48000000000002,2011-04-17 10:21:00,236,1,232.48000000000002
18214.0,4,989,1780.34,2010-06-27 11:21:00,530,4,1780.34
18215.0,5,1131,2232.4900000000002,2011-09-11 16:05:00,88,5,2232.4900000000002
18216.0,1,200,481.75,2011-11-08 16:55:00,30,1,481.75
18217.0,4,740,945.04,2011-11-10 13:18:00,28,4,945.04
18218.0,4,1028,1121.84,2011-05-12 12:53:00,210,4,1121.84
18219.0,17,1586,3352.7000000000003,2011-12-07 11:43:00,2,17,3352.7000000000003
18220.0,6,1352,1921.76,2011-04-27 09:03:00,226,6,1921.76
18221.0,6,1000,1424.94,2011-11-17 14:40:00,21,6,1424.94
18222.0,1,335,443.0,2011-09-08 10:45:00,92,1,443.0
18223.0,26,6644,14000.85,2011-12-05 09:11:00,4,26,14000.85
18224.0,1,69,158.95000000000002,2011-03-21 10:30:00,263,1,158.95000000000002
18225.0,26,7282,13014.8,2011-12-06 13:27:00,2,26,13014.8
18226.0,26,7883,11878.88,2011-10-26 13:36:00,43,26,11878.88
18227.0,2,22,388.75,2011-05-06 12:23:00,217,2,388.75
18228.0,2,238,779.9,2011-10-14 09:21:00,56,2,779.9
18229.0,28,3071,10150.51,2011-11-28 09:48:00,11,28,10150.51
18230.0,9,1996,4291.06,2011-11-30 13:22:00,8,9,4291.06
18231.0,28,2915,6854.17,2011-05-31 14:18:00,191,28,6854.17
18232.0,4,302,592.97,2011-09-19 11:49:00,81,4,592.97
18233.0,1,4,440.0,2011-01-18 08:44:00,325,1,440.0
18234.0,1,80,179.6,2010-06-06 11:22:00,551,1,179.6
18235.0,3,1578,1796.48,2011-09-29 08:27:00,71,3,1796.48
18236.0,12,696,1795.3500000000001,2011-11-10 08:06:00,29,12,1795.3500000000001
18237.0,5,622,987.1,2011-12-07 12:49:00,2,5,987.1
18238.0,1,114,270.92,2010-07-12 12:51:00,514,1,270.92
18239.0,6,844,1712.26,2011-05-05 12:38:00,218,6,1712.26
18240.0,1,126,422.58,2011-10-24 13:06:00,45,1,422.58
18241.0,21,1471,2986.9900000000002,2011-11-30 12:10:00,9,21,2986.9900000000002
18242.0,8,2021,3605.21,2011-09-28 13:43:00,71,8,3605.21
18243.0,1,221,515.78,2010-10-21 14:29:00,413,1,515.78
18244.0,2,856,568.64,2010-10-05 11:15:00,430,2,568.64
18245.0,20,5098,6324.9800000000005,2011-12-02 14:48:00,6,20,6324.9800000000005
18246.0,3,214,758.8199999999999,2011-11-16 11:49:00,23,3,758.8199999999999
18247.0,3,335,839.73,2010-10-21 09:49:00,414,3,839.73
18248.0,2,511,804.02,2011-08-09 10:19:00,122,2,804.02
18249.0,1,128,95.34,2011-11-22 15:07:00,16,1,95.34
18250.0,1,199,349.27,2011-02-02 13:16:00,309,1,349.27
18251.0,9,39639,26278.86,2011-09-13 15:03:00,86,9,26278.86
18252.0,7,932,1533.69,2011-10-20 12:43:00,50,7,1533.69
18253.0,1,128,317.88,2010-03-07 12:38:00,642,1,317.88
18254.0,1,188,267.9,2010-05-07 14:37:00,580,1,267.9
18255.0,2,201,303.15,2011-09-11 13:16:00,88,2,303.15
18256.0,1,180,110.7,2010-11-17 08:53:00,387,1,110.7
18257.0,12,2369,4600.15,2011-10-31 14:48:00,38,12,4600.15
18258.0,6,1981,2059.67,2010-09-01 14:20:00,463,6,2059.67
18259.0,7,1274,3941.9,2011-11-15 12:34:00,24,7,3941.9
18260.0,23,5244,9947.26,2011-06-20 12:37:00,172,23,9947.26
18261.0,2,146,324.24,2011-10-27 15:36:00,42,2,324.24
18262.0,3,552,577.54,2011-07-22 16:04:00,139,3,577.54
18263.0,3,1468,1213.1599999999999,2011-11-14 09:00:00,25,3,1213.1599999999999
18264.0,1,241,603.25,2010-07-29 10:02:00,498,1,603.25
18265.0,2,311,801.51,2011-09-28 14:10:00,71,2,801.51
18266.0,1,138,251.1,2010-10-01 15:33:00,433,1,251.1
18267.0,1,135,269.37,2010-02-05 08:43:00,672,1,269.37
18268.0,6,711,1490.23,2011-07-28 19:13:00,133,6,1490.23
18269.0,1,76,168.6,2010-12-08 13:53:00,365,1,168.6
18270.0,3,209,444.55,2011-11-01 13:57:00,37,3,444.55
18271.0,2,319,680.85,2010-04-09 09:26:00,609,2,680.85
18272.0,9,2880,4385.9800000000005,2011-12-07 12:43:00,2,9,4385.9800000000005
18273.0,4,140,357.0,2011-12-07 13:16:00,1,4,357.0
18274.0,1,88,175.92,2011-11-09 17:03:00,29,1,175.92
18275.0,2,417,741.85,2010-05-10 15:46:00,577,2,741.85
18276.0,6,1246,1656.52,2011-10-27 10:54:00,43,6,1656.52
18277.0,5,449,1180.05,2011-10-12 15:22:00,57,5,1180.05
18278.0,2,140,414.20000000000005,2011-09-27 11:58:00,73,2,414.20000000000005
18279.0,1,630,231.33999999999997,2010-07-08 14:48:00,518,1,231.33999999999997
18280.0,2,194,488.15000000000003,2011-03-07 09:52:00,277,2,488.15000000000003
18281.0,2,146,201.14,2011-06-12 10:53:00,180,2,201.14
18282.0,2,103,178.05,2011-12-02 11:43:00,7,2,178.05
18283.0,22,1679,2664.9,2011-12-06 12:02:00,3,22,2664.9
18284.0,1,494,461.68,2010-10-04 11:33:00,431,1,461.68
18285.0,1,145,427.0,2010-02-17 10:24:00,660,1,427.0
18286.0,2,608,1296.43,2010-08-20 11:57:00,476,2,1296.43
18287.0,7,3013,4182.99,2011-10-28 09:29:00,42,7,4182.99
